파일명,확장자,본문내용
2.종합감사결과공개자료(탑재용).pdf,PDF,"s
전북특별자치도부안교육지원청
종합감사 결과 공개
2025.  8.
  [감  사  관 ]

전북특별자치도부안교육지원청
종합감사 결과 공개
 감사결과의 공개는 국민의 알권리 충족과 기관 운영의 투명성을 강화하기 위한 
공익적 조치입니다. 따라서 감사결과 실명이 공개된 모든 기관이 비리에 연관되어 
있는 것은 아님을 알려드립니다. 
□ 감사 개요
○ 감사 기간: 2025. 3. 17.∼ 3. 21.(5일)
○ 감사 인원: 10명 
○ 감사 범위: 2022. 4. 2.∼2025. 3. 16.(지난번 감사 이후부터 금번 감사 전일 까지)
□ 감사 결과
 ○ 총괄
 (단위: 건, 명, 원)
신분상(명) 행정상(건)
재정상
조치
현지
조치징계 경고 주의 계 기관
주의 시정 통보 개선 계
. . 39
(12건)
39
(12건)
1 2 7 · 10
ž 회수(6건) 
  20,054,830원
ž 추급(1건)
  850,750원
ž 반환 또는 
세입조치(1건)
  4,440,220원
ž 합계 
 금25,345,800원 
1
  
 ※ ( )안은 신분상 조치 대상자에 대한 지적 건수 총합계로 중복 건수 존재
 ○ 분야별 지적건수
 
유형별 인사·복무
·감사 평생교육 계약·회계
·인건비 시설 계
지적사항 5 2 7 3 17
 ○ 지적사항(총 17건)
연번 지적건명 처분(요구)
【인사·복무·감사 분야】
1 교육공무원 근무성적평정 관리 부적정  ▪ 통보 
2 교육공무직원 수습 평가 부적정  ▪ 주의(1명)
3 공무국외여행보고서 국외출장 연수정보시스템 
미등록  ▪ 통보(시정완료)
4 육아시간 사용 부적정  ▪ 주의(1명)
 ▪ 시정(회수) 104,920원
5 감사 처분요구 미이행 관리 부적정  ▪ 통보(시정완료)
【평생교육 분야】
6 공익법인 지도·감독 부적정  ▪ 주의(3명)
 ▪ 시정
7 학원 및 교습소 지도·감독 부적정  ▪ 주의(7명)
 ▪ 통보
【계약·회계·인건비 분야】
8 제안서평가위원회 구성 부적정  ▪ 주의(2명)
9 출장여비 지급 부적정  ▪ 주의(5명)
 ▪ 시정(회수) 590,800원
10 업무추진비 집행 부적정  ▪ 기관주의
 ○ 현지조치(1건)
 
연번 분야별 지적건명 처분(요구)
1 복무 지각 사용 부적정 ▪ 시정
연번 지적건명 처분(요구)
11 법인카드 계좌 관리 및 인계·인수 부적정  ▪ 주의(3명)
 ▪ 통보
12 일상경비 회계업무 관리 부적정  ▪ 시정, 통보
13 세입세출외현금 관리 부적정
 ▪ 주의(2명)
 ▪ 시정
  - 반환 또는 세입조치
    4,440,220원  
 ▪ 통보(시정완료)
14 인건비 지급 부적정
 ▪ 주의(2명)
 ▪ 시정(회수, 추급)
  - 회수: 793,550원
  - 추급: 850,750원
【시설 분야】
15 시설공사 감독 및 준공검사 부적정  ▪ 주의(7명)
 ▪ 시정(회수) 12,049,080원
16 시설공사 품질관리비 정산 부적정  ▪ 주의(4명)
 ▪ 시정(회수) 3,145,000원
17 공사원가계산서 작성 부적정  ▪ 주의(2명)
 ▪ 시정(회수) 3,371,480원
- 1 -
일련번호 전북특별자치도부안교육지원청-1
전북특별자치도교육청
통보
제        목     교육공무원 근무성적평정 관리 부적정
소 관  기 관     전북특별자치도부안교육지원청
조 치  기 관     전북특별자치도부안교육지원청
내        용
1. 업무개요
  전북특별자치도부안교육지원청(구, 전라북도부안교육지원청)은 「교육공무원
승진규정」 및 「교육공무원인사관리규정」 및 전북특별자치도교육청(구, 전라
북도교육청)의 “2024 유·초등인사업무처리요령”에 따라 교육공무원 근무
성적평정 업무를 처리하고 있다.
2. 관계법령 및 판단기준  
 「교육공무원 승진규정」제28조의2(근무성적평정 및 다면평가의 실시 등)에 
따르면 교사에 대하여는 매 학년도 종료일을 기준으로 하여 해당 교사의 
근무실적·근무수행능력 및 근무수행태도에 관하여 근무성적평정과 다면
평가를 정기적으로 실시하고, 각각의 결과를 합산하도록 되어 있다. 
- 2 -
  또한, 전북특별자치도교육청(구, 전라북도교육청)의“2024 유·초등인사업무
처리요령”에 따르면 평정기간(2023. 3. 1.~2024. 2. 29.)에 행정처분(경고, 주의) 
및 징계처분 된 자는 감점 기준에 따라 근무성적 평정 확인자가 해당 
평정요소에서 감점한다고 되어 있고, 근무성적평정표의 확인자 평점은 원래 
평정점에서 감점 점수만큼 감한 값을 입력한 후 왼쪽 여백에 (  )하고 적색으로 
감점숫자를 기재한다고 되어 있다. 
  아울러, 전북특별자치도교육청(구, 전라북도교육청)이 교육지원청에 발송한
“20○○학년도 주의, 경고 처분을 받은 유·초등 교육공무원 명단 요청(교
원인사과-○, 20○○. ○. ○.)”공문에 따르면 요청자료(202○학년도에 주의 또
는 경고 처분된 사람 명단)에 대한 회신(20○○. ○. ○.) 이후 기간에 추가 
처분된 건은 교원인사과 담당자에게 유선으로 알려달라고 되어 있다. 
3. 감사결과 확인된 문제점 
  그런데도 전북특별자치도부안교육지원청은 202○. ○. ○.~○. ○. □□학교를 
대상으로 실시한 종합감사 시 교무학사 관련 지적사항인‘교과시간 편제시수 
미충족’건으로  20○○. ○. ○. □□학교장에게 교사 A의 경고 처분 요구를 하였
고, 그 결과 20○○. ○. ○. □□학교장이 교사 A에게 경고 처분을 하였음에도 
전북특별자치도교육청 교원인사과 담당자에게 추가 처분 관련 사항을 유선으로 
통보하지 않아 감점 기준에 따른 2점 감점 처리가 근무성적에 반영되지 못하게 한 
사실이 있다.
※ 교육공무원 근무성적평정 부적정 현황
 
소 속기관 직급 성명 성별
처 분
요 구 일
조치 
사유
조치 
결과
조치 
일자
감점 
기준
감점 
여부
근무성적평정점 수
(60점 만점)
□□
학교
교사 A ○
2 0○ ○. 
○. ○.
교과시간 
편제시수 
미충족
경고 2 0○ ○. 
○. ○.
2점  
감점
미 처 리
감 점 
미 적 용시
감 점 
적 용  시
56.94 56.14
- 3 -
관계기관 의견
  전북특별자치도부안교육지원청은 감사 결과를 수용하면서, 앞으로 관련 법령을 
숙지하여 관련 절차가 누락되는 일이 없도록 하겠다는 의견을 제시하였다.
조치할 사항 
전북특별자치도부안교육지원청교육장은 
①〔통보〕 앞으로 근무성적평정 시 감점 누락 등의 사례가 발생하지 않고 
관리 업무가 적정하게 이루어질 수 있도록 관련기관 및 부서와의 협조 
체계를 구축하는 등 보완책을 마련하여 시행하시기 바랍니다.
- 4 -
일련번호 전북특별자치도부안교육지원청-2
전북특별자치도교육청
주의 요구
제        목     교육공무직원 수습 평가 부적정
소 관  기 관     전북특별자치도부안교육지원청
조 치  기 관     전북특별자치도부안교육지원청 외 1개 기관
내        용
1. 업무개요
  전북특별자치도부안교육지원청(구, 전라북도부안교육지원청)은 「전북특별
자치도교육감(구, 전라북도교육감) 소속 교육공무직원 관리규정」 및 관련 지침 
등에 따라 교육공무직(교육장 관리 대상 노동자) 채용 업무를 처리하고 있다.
2. 관계법령 및 판단기준  
  「전북특별자치도교육감(구, 전라북도교육감) 소속 교육공무직원 관리규정」 
제21조(수습기간) 및 「전라북도교육청·전북학교비정규직연대회의 단체협약서」 
제38조(수습기간)에 따르면 신규 채용된 사람에 대해서는 채용일로부터 3개월 
이내의 수습기간을 두도록 되어 있다.
- 5 -
  그리고 전북특별자치도교육청(구, 전라북도교육청)의 “교육공무직원 종합
운영 계획”(채용)에 따르면 교육장 관리 대상 노동자의 수습평가 절차는 
운영기관에서 수습기간 만료일 15일 전까지 심사평가 후 그 결과를 제출
받아 채용기관에서 수습기간 만료일까지 수습기간 해제1) 또는 노동계약 
해지를 공문으로 처리하도록 되어 있다.
 
3. 감사결과 확인된 문제점 
  그런데도 전북특별자치도부안교육지원청(구, 전라북도부안교육지원청)은 
20○○. 6. 1. 신규 채용한 *** ○○○2)의 심사평가를 수습기간(20○○. 6. 1.
∼20○○. 8. 31.) 만료일 15일 전인 20○○. 8. 16.까지 실시하지 않은 사실이 있다.
관계기관 의견
  전북특별자치도부안교육지원청(구, 전라북도부안교육지원청)은 감사 결과를 
수용하면서, 앞으로 관련 법령을 숙지하여 관련 절차가 누락되는 일이 
없도록 하겠다는 의견을 제시하였다. 
조치할 사항 
전북특별자치도부안교육지원청교육장은 
① 앞으로 관련 규정을 준수하여 동일한 사례가 발생하지 않도록 하여 주시기 
바랍니다.
전북특별자치도교육감은  
①〔주의〕 관련자에게 ‘주의’ 조치하시기 바랍니다. [주의 1명]
1) 심사평가 결과 기준점수(70점) 이상에 해당 되는 경우 수습기간 해제하고 무기계약 확정함
2) *** ○○○는 무기계약직으로 5개월 30일간 근무하다가 20○○. ○. ○. 의원면직 함
- 6 -
일련번호 전북특별자치도부안교육지원청-3
전북특별자치도교육청
통보(시정완료)
제        목     공무국외여행보고서 국외출장연수정보시스템 미등록
소 관  기 관     전북특별자치도부안교육지원청
조 치  기 관     전북특별자치도부안교육지원청
내        용
1. 업무개요
  전북특별자치도부안교육지원청은 「교육기본법」및 「전북특별자치도교육청 
국제교류협력에 관한 조례」 및 교육감 공약 Ⅵ-30-1-학생 해외연수 추진에 
따라 “20○○년 ***국외 역사문화체험” 사업(20○○. ○. ○.~○. ○., 6박 8일간, 
▣▣, 관내 중학교 ○학년 학생 ○○명 대상)을 추진하였다.
2. 관계법령 및 판단기준  
 「전북특별자치도교육감 소속 공무원의 공무국외여행 규정」제12조(보고서 
제출 및 등록)에 따르면 “공무국외여행자는 귀국 후 30일 이내에 별지 제2호 
서식의 공무국외여행보고서(이하 “보고서”라 한다)를 출장계획서상의 출장 
목적과 출장 결과가 부합되는지 판단할 수 있도록 출장 결과, 쟁점사항 및 
주요 활동 내용, 시사점 등을 중심으로 상세하게 작성하여 허가권자에게 제출
하고, 인사혁신처에서 구축한 국외출장연수정보시스템에 보고서를 등록
- 7 -
하여야 한다. 다만, 국가기밀의 보호, 보안 유지 등을 위하여 필요한 경우 
보고서를 시스템에 등록하지 아니할 수 있다.”라고 되어 있다. 
  또한, 전북특별자치도교육청 “20○○. 학생 해외연수 기본계획” 행정사항 
4. 해외연수 인솔·관리자 공무국외여행 관리에 따르면 귀국 후 30일 이내에 
공무국외여행보고서를 국외출장연수정보시스템에 공개하도록 되어 있다.
3. 감사결과 확인된 문제점
  그런데도 전북특별자치도부안교육지원청은 20○○. ○. ○.(수)~○. ○.(월) 4박 6일간 
“20○○년 ** 국외역사문화체험” 관련 사전 점검을 위해 ○○로 사전답사를 다녀
왔음에도 등록기한인 20○○. ○. ○.보다 ○일 지연된 2025. 3. 17. 감사 시작일까지 
공무국외여행보고서를 인사혁신처 국외출장연수정보시스템에 등록하지 않는 등 
【표】“공무국외여행보고서 국외출장연수정보시스템 미등록 현황”과 같이 20○○년 
총 2건의 공무국외여행보고서를 국외출장연수정보시스템에 등록하지 않은 사실이 있다.
【표】 공무국외여행보고서 국외출장연수정보시스템 미등록 현황 
※ 지연일수기준일: 2025.3. 17.(감사 시작일)
연번 출장명 기간 대상 
국가
출장 종류 및 
목적 참여 인원 결과
보고여부
등록여부
(지연일수)
1
20○○년 **
국외역사문화
체험사전답사
20○○. ○. ○.(수)~  
  ○. ○.(월), 
4박 6일
▣▣
공무국외여행
(체험 관련 사전 
점검)
*** B 외 1명
보고 
(20○○. 
5. 22.)
미등록
(○일)
2 20○○년 **
국외역사문화 체험
20○○. ○. ○.(수)~  
  ○. ○.(수), 
6박 8일
▣▣
공무국외여행
(학생인솔 및 
주관기관 계약 
이행 여부 점검)
*** B 외 71명   
(중○ 학생 
○○명, 
인솔교사 6명, 
인솔단장 1명)
보고 
(20○○. 
6. 12.)
미등록
(○일)
- 8 -
관계기관 의견
  전북특별자치도부안교육지원청은 감사 결과를 수용하면서 앞으로 관련 법령을 
숙지하여 관련 절차가 누락되는 일이 없도록 하겠다는 의견을 제시하였다.
조치할 사항 
전북특별자치도부안교육지원청교육장은 
①〔통보(시정완료)〕감사결과 지적내용에 대하여 2025. 3. 17. 인사혁신처 국외
출장연수정보시스템에 2건의 공무국외여행보고서를 등록하는 등 시정이 완료
되었으나, 향후 유사 사례 재발 방지 등을 위하여 그 내용을 통보하오니 관련 
업무에 참고하시기 바랍니다.
- 9 -
일련번호 전북특별자치도부안교육지원청-4
전북특별자치도교육청
주의 및 시정(회수) 요구
제        목     육아시간 사용 부적정
소 관  기 관     전북특별자치도부안교육지원청
조 치  기 관     전북특별자치도부안교육지원청
내        용
1. 업무개요
  전북특별자치도부안교육지원청 (구, 전라북도부안교육지원청 )은 「지방
공무원 복무 규정」등에 따라 소속 지방공무원의 복무를 관리‧감독하고 있다.
2. 관계법령 및 판단기준  
  「지방공무원 복무규정」제7조의7(특별휴가) 제8항, 「지방공무원 복무에 
관한 예규」에 따르면  8세 이하 또는 초등학교 2학년 이하의 자녀를 가진 
공무원은 36개월의 범위에서 자녀돌봄, 육아 등을 위한 1일 최대 2시간의 
육아시간을 사용할 수 있고 부서장은 부서의 인력운영 상황, 민원업무 처리 등 
공무수행에 지장이 없는 범위에서 육아시간을 사용할 수 있도록 보장하여야 
하며, 육아시간 사용시 일(日) 최소 근무시간은 4시간 이상이 되어야 하고 
최소근무시간을 충족하지 못한 육아시간 사용은 연가로 처리한다고 되어 있다.
- 10 -
 3. 감사결과 확인된 문제점
  그런데도 전북특별자치도부안교육지원청 *** C는 20○○. ○. ○. 
13:00~16:00(3시간) 외출 후 같은 날 16:00~18:00(2시간)의 육아시간을 사용하여 
일(日) 최소 근무시간 4시간 이상을 충족하지 못한 사실이 있고,
  그 결과, 육아시간 사용(2시간)을 연가일수에서 공제하지 않고 잔여 연가
일수를 산정하여 연가보상비 104,920원을 과다 지급 받은 사실이 있다.
  
※ 육아시간 사용 부적정 내역
※ 연가보상비 과다 지급 받은 현황
 (금액단위: 원)
소속 직 성명
복무관리 현황
비고
일자 종별 시간 실제
근무시간
전북특별자치도
부안교육지원청 - C 20○○. ○. 
○.
외출 13:00~16:00
(3시간)
3시간
육아시간 16:00~18:00
(2시간)
연 도 직 성명
연가 및 연가보상비 지급 일수
기지급액
(A)
정당
지급액
(B)
과다지급
받은액
(C=A-B)
비고연가
일수
실제 지급 정당 지급
사용
일수
지급 
일수
사용
일수
지급 
일수
20○ ○ - C 21 11 10 11.2 9 1,049,250 944,330 104,920 육아
시간
- 11 -
관계기관 의견
  전북특별자치도부안교육지원청(구, 전라북도부안교육지원청)은 감사 결과를 
수용하면서, 앞으로 관련 법령을 숙지하여 복무 관리를 철저히 하겠다는 
의견을 제시하였다. 
조치할 사항 
전북특별자치도부안교육지원청교육장은 
① 앞으로 관련 규정을 준수하여 동일한 사례가 발생하지 않도록 하여 주시고,
②〔시정〕 과다 지급된 연가보상비 104,920원을 관련자로부터 ‘회수’하여 
교육비특별회계에 세입 조치하시기 바랍니다.
③〔주의〕 관련자에게 ‘주의’ 조치하시기 바랍니다. [주의 1명]
- 12 -
일련번호 전북특별자치도부안교육지원청-5
전북특별자치도교육청
통보(시정완료)
제        목     감사 처분요구 미이행 관리 부적정
소 관  기 관     전북특별자치도부안교육지원청
조 치  기 관     전북특별자치도부안교육지원청
내        용
1. 업무개요
  전북특별자치도부안교육지원청(구, 전라북도부안교육지원청)은 「전북특별자치도
(구, 전라북도) 교육·학예에 관한 자체감사 규칙」제11조(연간 감사계획의 수립 등)에 
따라 소속 학교를 대상으로 2023년 부안교육지원청 자체 감사 운영 계획을 수립
하여 재무감사를 실시하였다.
2. 관계법령 및 판단기준  
   ｢공공감사에 관한 법률｣ 제37조(감사기준 등)에 따라 제정된 ｢중앙행정기관 및 
지방자치단체 자체감사기준｣(감사원규칙) 제31조에 따르면 감사기구의 장
(교육청 감사관)은 감사대상기관의 이행결과를 확인하고 이행을 독촉하여야 
하며, 감사결과 처분요구에 대한 사후관리의 적정성 확보를 위하여 현지 확인 
점검을 실시하고 적정한 조치를 하지 않은 경우에는 사유 및 조치계획서 등을 
작성하여 통보하도록 하고, 감사대상기관의 장이 정당한 사유 없이 감사결과 
처분요구를 이행하지 않는 때에는 감사를 실시할 수 있다.
- 13 -
  또한 ｢전북특별자치도(구, 전라북도) 교육ㆍ학예에 관한 자체감사 규칙｣ 제24조
(감사결과 처분 및 조치 보고)에 따르면 감사대상기관의 장은 감사결과를 통보
받은 때에는 정당한 사유가 없으면 처분종류별 처리기한 안에 감사결과의 
조치사항을 이행하고 그 이행결과를 지체 없이 교육감 및 교육장에게 보고
하여야 한다고 되어 있고, 제28조(이행결과의 확인)에 따르면 감사기구의 장 및 
교육장은 감사결과 통보에 따라 감사대상기관 또는 부서에서 제출한 감사처분 
사항에 대한 이행결과를 검토하고 필요한 경우 보완자료를 요구하거나 이행을 독촉
하여야 하며, 감사결과 처분요구 및 조치사항에 대한 사후관리의 적정성 확보를 
위하여 필요한 경우 현지확인·점검을 실시할 수 있고, 처리기한까지 적절한 
조치를 하지 않는 경우 그 사유 및 조치계획서 등을 작성하여 통보하도록 
할 수 있다고 되어 있으며, 제29조(감사결과 처분 미이행 사항 관리)에 따르면 
감사기구의 장 및 교육장은 감사결과 처분사항 중 미이행 사항은 ‘감사결과 
미이행 등 관리대장’을 기록·관리하고, 미이행 사항이 조속히 이행될 수 있도록 
관리하여야 한다고 되어 있다.
3. 감사결과 확인된 문제점
  전북특별자치도부안교육지원청(구, 전라북도부안교육지원청)은 ○○학교
(학교법인 □□)를 대상으로 202○. ○. ○.∼○. ○.(3일간) 감사를 실시하고, 
202○. ○. ○. ○○학교에 감사 결과를 알리면서 ‘물품관리 부적정’으로 ○○학교 
*** D, *** E에 대하여 ‘견책’ 처분을 요구하였으나, 학교법인 □□는 
202○. ○. ○. D, E에 대하여 ‘견책’이 아닌 ‘불문경고’로 징계 결과를 
보고 하였다.
  그런데도 전북특별자치도부안교육지원청(구, 전라북도부안교육지원청)은 처분 
요구(견책)와 다르게 징계한 처분(불문경고)에 대하여 1년 2개월(202○. ○. ○.) 
동안 이행 결과를 검토하지 않고, 이행을 독촉하지 않은 사실이 있다.
- 14 -
  다만, 202○. ○. ○. ○○학교 감사결과 징계요구 처분결과 검토 후 202○. ○. ○. 
○○학교 사무직원 징계처분에 대하여 전북특별자치도교육청 징계심의위원회에 
재심의할 것을 요구하였고, 2024. 12. 30. , 2025. 1. 16.재심의 요구 이행을 촉구
하였으며, 2025. 2. 28. 징계의결 재심의 요구 미이행 과태료 부과 처분계획을 수립하고 
2025. 3. 21. 과태료 부과 사전통지 및 의견 제출 등 감사 처분 요구 미이행에 대한 
후속 조치를 실시 하였다.
관계기관 의견
  전북특별자치도부안교육지원청(구, 전라북도부안교육지원청)은 ○○학교 감사 
결과 징계처분 요구사항과 관련하여 이행 사항을 적기에 적절히 처리하지 못한 
사실을 인정하였다. 다만, 사립학교 징계업무 절차에 대한 경험과 지식 부족, 
청렴 업무를 포함한 감사 업무를 1인의 담당자가 수행하는 과정에서 이행점검에 
소홀한 것으로, 업무 처리 절차 인지 후 ○○학교에 총 3차례에 걸쳐 재심의 
요구를 통보하였고, 과태료 사전 부과 통지 및 의견 제출 안내 등 관련 절차 
이행을 위해 적극 노력하였으며, 향후 관련 규정을 철저히 숙지하여 감사 
이행 조치에 대한 점검을 철저히 하겠다는 의견을 제시하였다.
조치할 사항 
전북특별자치도부안교육지원청교육장은 
① 〔통보(시정완료)〕 감사결과 지적내용에 대하여 2024. 11. 25., 2024. 12. 30., 
2025. 1. 16. *** 징계처분에 대하여 재심의 이행 촉구를 하였고, 2025. 2. 28. 징계
의결 재심의 요구 미이행 과태료 부과 처분계획을 수립하고 2025. 3. 21. 과태료 
부과 사전통지 및 의견 제출 등 감사 처분 요구 미이행에 대한 후속 조치를 
실시하여 시정이 완료되었으나, 향후 유사 사례 재발 방지 등을 위하여 그 내용을 
통보하오니 관련 업무에 참고하시기 바랍니다
- 15 -
일련번호 전북특별자치도부안교육지원청-6
전북특별자치도교육청
주의 및 시정 요구
제        목   공익법인 지도·감독 부적정
소 관  기 관   전북특별자치도부안교육지원청
조 치  기 관   전북특별자치도부안교육지원청 
내        용
 1. 업무개요 
  전북특별자치도부안교육지원청(구, 전라북도부안교육지원청)은 「공익법인의 
설립·운영에 관한 법률」 및 「전북특별자치도교육청 공익법인 업무편람」에 
따라 공익법인(4개)의 사업계획, 실적 등 회계관리에 관한 지도·감독 업무를 
수행하고 있다.
 2. 관계법령 및 판단기준
  「공익법인의 설립ㆍ운영에 관한 법률」제12조(예산 및 결산) 및 제17조
(감사), 같은 법 시행령 제19조(사업계획 등의 제출)에 따르면 공익법인의 
사업계획 및 예산은 회계연도 개시 1월 전까지, 사업실적 및 결산은 회계
연도 종료 후 3개월 이내에 이사회 회의록, 예·결산서, 사업연도말 현재 
잔액증명, 법인등기부등본 등 부속서류와 함께 제출하여 주무관청의 검토를 
받도록 하고 있으며,‘감독상 필요하면 공익법인에 대하여 그 업무보고서의 
제출을 명하거나 업무재산관리 및 회계를 감사하여 그 적정을 기하고, 
- 16 -
목적사업을 원활히 수행하도록 지도하여야 한다’라고 되어 있다.
  또한, 「공공기록물 관리에 관한 법률」제3조(정의) 및 제6조(기록물의 
전자적 생산 ․관리)에 공무원은 공공기관이 업무와 관련하여 생산하거나 
접수한 문서 등 모든 형태의 기록정보 자료와 행정박물을 기록물로 보호하고 
전자적으로 관리되도록 노력하여야 하고, 같은 법 시행령 제20조(기록물의 
등록)에 기록물을 생산 또는 접수한 때에는 그 기관의 전자기록생산시스템으로 
생산 또는 접수 등록번호를 부여하고 이를 그 기록물에 표기하여야 하며, 
전자기록생산시스템에 기록물을 등록 ․접수 시에는 같은 법 시행규칙 제4조
(기록물의 등록) 및 제14조(기록물의 정리)를 따르도록 되어 있다. 
  그리고, 「전북특별자치도교육청(구, 전라북도교육청) 공익법인 업무편람」
‘Ⅲ법인의 관리·운영’에 따르면 공익법인 예산의 목적사업회계와 수익
사업회계 구분, 직접목적사업비 편성 기준 준수, 결산상 잉여금 편성 기준, 
전년도 결산 지적사항 반영 여부 등의 확인을 위해 사업계획 및 예산은 
당해 회계연도 개시 1개월 전까지 제출하여야 하고, 결산서의 재무제표 규칙 
준수 여부 등 결산서 작성기준 확인 등을 위해 사업실적 및 결산은 당해 
회계연도 종료 후 3개월 이내에 관련 서류를 주무관청에 제출하여야 한다고 
되어 있다.
 3. 감사결과 확인된 문제점
  그런데도 전북특별자치도부안교육지원청(구, 전라북도부안교육지원청)은 
변산공동체장학회가 2022회계연도 사업계획서 및 예산서를 법정기한을 41일 
초과하여 제출하는 등 【표1】“공익법인의 사업계획 및 예산서 등 제출 기한 
미준수 내역”과 같이 2022~2024회계연도 3개 공익법인이 사업계획 및 
예산서 등 총 6건을 최소 29일, 최장 234일의 법정기한을 초과하여 제출
하였는데도 별도의 시정조치를 취하지 않았고, 
- 17 -
  또한, 2023년 7월경 □□장학회가 제출한 2021회계연도 사업실적 및 
결산서를 업무관리시스템 비전자문서로 등록하지 않는 등 【표2】 “공익
법인 사업계획 및 예산서 등 미등록 현황”과 같이 3개 공익법인으로부터 
제출받은 사업실적 및 결산서 등 총 8건을 업무관리시스템으로 등록하지 
않는 등 공익법인 지도·감독 업무를 부적정하게 한 사실이 있다.
【표1】공익법인의 사업계획 및 예산서 등 제출기한 미준수 내역
※ (사업계획 및 예산서) 전년도 12월 1일까지, (사업실적 및 결산서) 다음연도 3월 31까지 제출기한 
【표2】공익법인의 사업계획 및 예산서 등 미등록 현황
관계기관 의견
  전북특별자치도부안교육지원청(구, 전라북도부안교육지원청)은 감사 결과를 
수용하면서, 앞으로 관련 법령을 숙지하여 공익법인 지도·감독 업무를 
철저히 하겠다는 의견을 제시하였다.
회계연도 구  분 공익법인명 제출기한 제출일자 제출기한
초과일수
2022 사업계획 및 예산서
*** 2021.11.30. 2022.01.11. 41일
*** 2021.11.30. 2021.12.30. 29일
2023 사업계획 및 예산서 *** 2022.11.30. 2022.12.30. 29일
2024
사업계획 및 예산서
*** 2023.11.30. 2024.07.22. 234일
*** 2023.11.30. 2023.12.28. 27일
사업실적 및 결산서 *** 2024.03.31. 2024.07.22. 113일
공익법인명 *** *** ***
미등록 관련 
제출 서류
2021. 사업실적 및 결산서
2022. 사업계획 및 예산서
2022. 사업실적 및 결산서
2023. 사업계획 및 예산서
2022. 사업실적 및 결산서
2023. 사업계획 및 예산서
2024. 사업계획 및 예산서
2022. 사업계획 및 예산서
- 18 -
조치할 사항
전북특별자치도부안교육지원청교육장은
①〔시정〕 □□장학회 등 3개 공익법인으로부터 제출받은 사업계획서 및 
예산서 등 8건의 관련 서류를 업무관리시스템에 즉시 등록하시기 바랍니다.
②〔주의〕 관련자에게 ‘주의’ 조치하시기 바랍니다. [주의 3명]
- 19 -
일련번호 전북특별자치도부안교육지원청-7
전북특별자치도교육청
주의 요구 및 통보
제        목   학원 및 교습소 지도·감독 부적정
소 관  기 관   전북특별자치도부안교육지원청
조 치  기 관   전북특별자치도부안교육지원청 외 2개 기관
내        용
 1. 업무개요 
    전북특별자치도부안교육지원청(구, 전라북도부안교육지원청)은 「학원의 
설립 운영 및 과외교습에 관한 법률」 및 「전북특별자치도 학원의 설립·운영 및 
과외 교습에 관한 조례」에 따라 학원(46개) 및 교습소(13개)의 운영 사항을 
지도·감독하고 있다.
 2. 관계법령 및 판단기준
  「학원의 설립 운영 및 과외교습에 관한 법률」(이하 “학원법”이라 한다) 
제16조(지도·감독 등)에 따르면 교육감은 학원의 건전한 발전과 교습소 
및 개인과외교습자가 하는 과외교습의 건전성을 확보하기 위하여 적절한 
지도·감독을 하여야 한다고 되어 있고,
- 20 -
  같은 법 제4조(학원설립·운영자 등의 책무)제3항에 따르면 학원설립·운영자 
및 교습자는 특별시·광역시·특별자치시·도 및 특별자치도의 조례로 정하는 
바에 따라 수강생에게 발생한 생명·신체상 손해를 배상하기 위한 보험이나 
공제사업 가입 등 필요한 안전조치를 취해야 할 책무가 있다고 되어 있다. 
  또한, 같은 법 시행령 제20조(권한의 위임·위탁) 제1항 제9조에 따르면 
‘학원법 제16조 제1항·제3항 및 제4항에 따른 학원, 교습소 및 개인과외
교습자에 대한 지도·감독’ 권한을 교육장에게 위임한다고 되어 있다.
  그리고「전북특별자치도교육청(구, 전라북도교육청) 학원 업무편람」‘Ⅳ
지도점검’에 따르면 전북특별자치도부안교육지원청은 관내 학원·교습소에 
대한 연간 지도·감독 계획을 수립하고, 지도·감독 시행 시 지도·감독표 
및 확인서 등을 작성하며 내부 결재를 통한 결과 보고 등의 절차가 규정
되어 있고, ‘지도·점검(실태조사) 중점사항’에 따르면 학원·교습소의 
보험(공제) 미가입 또는 기준미달1) 여부 점검이 중점사항으로 포함되어 있다.
 3. 감사결과 확인된 문제점
  그런데도 전북특별자치도부안교육지원청(구, 전라북도부안교육지원청)은 
2023년 학원(46개)·교습소(13개)에 대해 연간 지도·감독 계획을 수립하지 
않고 지도·점검을 실시 하는 등 【표1】“학원·교습소 지도·감독 부적정 
내역”과 같이 2022~2024년 연간 지도·감독 계획 없이 지도·점검을 실시
하거나, 지도·점검을 실시한 후에도 그 결과를 보고(내부결재)하지 않는 등 
지도·감독 업무처리 절차를 준수하지 않은 사실이 있다. 
1) 한도액: 1인당 1.5억원 이상, 1사고당 10억원 이상(단, 교습소는 5억원 이상), 배상범위: 학원 및 교습소 내·외에서 
이루어지는 교육활동
- 21 -
   특히, 20○○. ○. ○. ▣▣학원이 보험(공제) 만기 후 197일을 초과하여 
재가입하는 등 【표2】“학원 보험(공제) 미가입 기간 내역”과 같이 총 4개의 
학원·교습소가 보험(공제) 미가입 되었음에도 지도· 점검 시 확인하지 않는 
등 학원 및 교습소 지도·감독 업무를 부적정하게 한 사실이 있다.
【표1】 학원·교습소 지도·감독 부적정 내역
【표2】학원 보험(공제) 미가입 기간 내역
(단위: 일)
 
관계기관 의견
  전북특별자치도부안교육지원청(구, 전라북도부안교육지원청)은 감사 결과를 
수용하면서, 앞으로 관련 법령을 숙지하여 학원 및 교습소 업무를 철저히 
하겠다는 의견을 제시하였다.
순 학원(교습소)명 보험계약
업체명
이전보험
만기일자
보험
시작일자
보험
종료일자
미가입
기간 비고
1 - - 2024. 8. 11. 2025. 2. 25. 2026. 2. 25. 197
2 - - 2024. 9. 10. 2024. 9. 25. 2025. 9. 25. 14
3 - - 2025. 1. 22. 2025. 3. 19. 2026. 3. 18. 55
4 - - 2025. 3. 4.
(교습시작일) 2025. 3. 21. 2026. 3. 20. 17
연도 도교육청 지도점검 
안내일자 자체계획수립 여부 지도점검 기간 지도·감독 결과보고 
(내부결재) 여부
2022 2022. 7. 8. ○ 2022. 7. 21. ∼ 11. 28. ×
2023 2023. 3. 27. × 2023. 10. 1. ∼ 12. 1. ×
2024 2024. 2. 1. × 2024. 7.16. ∼ 12.16. ×
- 22 -
조치할 사항
전북특별자치도부안교육지원청교육장은
① 〔통보〕「전북특별자치도교육청(구, 전라북도교육청) 학원 업무편람」에 따라 
관내 학원·교습소에 대한 연간 지도·감독 계획을 수립하고, 지도·감독 결과는 
규정된 절차에 따라 보고(내부결재)하여 적절한 후속 조치가 이루어질 
수 있도록 하시기 바랍니다.
② 〔주의〕 관련자에게 ‘주의’ 조치하시기 바랍니다. [주의 5명]
전북특별자치도교육감은
① 〔주의〕 관련자에게 ‘주의’ 조치하시기 바랍니다. [주의 1명]
전북특별자치도교육청○○원장은 
① 〔주의〕 관련자에게 ‘주의’ 조치하시기 바랍니다. [주의 1명]

- 23 -
일련번호 전북특별자치도부안교육지원청-8
전북특별자치도교육청
주의 요구
제        목     제안서평가위원회 구성 부적정
소 관  기 관     전북특별자치도부안교육지원청
조 치  기 관     전북특별자치도부안교육지원청 외 2개 기관
내        용
1. 업무 개요
  전북특별자치도부안교육지원청(구, 전라북도부안교육지원청)은 폐교를 
활용하여 202○. ○. ○. □□를 활용한 ◈◈체험을 위한 ‘○○○관’을 
운영하고 있다.
2. 관계법령 및 판단기준  
 ｢지방자치단체를 당사자로 하는 계약에 관한 법률 시행령｣제43조(협상에 
의한 계약체결) 제9항에 따르면 계약담당자는 제출받은 제안서를 평가하기 
위하여 제안서평가위원회를 구성하여 운영해야 한다고 되어 있고,
  ｢지방자치단체 입찰시 낙찰자 결정기준｣(행정안전부 예규) 제7장 제4절 제안서
평가위원회 구성·운영에 따르면 위원회는 국가와 다른 지방자치단체의 공무원, 
계약에 관한 학식과 경험이 풍부한 자(해당 분야 전문기관·단체 임직원, 
전문가·대학교수등)로 구성한다고 되어 있으며, 평가위원은 위원장을 포함
하여 7인 이상 10인 이내로 구성하되 협상계약 내용에 따라 수시로 구성을 
달리한다고 되어 있다.
- 24 -
  또한 계약담당자는 이해관계자를 제외한 3배수 이상의 평가위원 예비
명부를 작성하여 고유번호를 부여하고, 입찰참가자가 미리 정한 심사위원 
수만큼 번호를 추첨하게 하여 다빈도 순으로 선정된 위원을 평가위원으로 
정하며, 이 경우 계약담당자는 특별한 사유가 없는 한 다른 시·도(주된 
근무지 기준)의 위원을 20% 이상 선정해야 한다고 되어 있고, 계약담당자는 
평가위원 불참자를 예상하여 예비평가위원을 추가 지정할 수 있다고 되어 있다.
3. 감사결과 확인된 문제점 
  그런데도 전북특별자치도부안교육지원청(구, 전라북도부안교육지원청)은 20○○. ○. ○. 
‘○○○관 구축1)(기초금액 266,202천원)’제안서 평가위원 7명2)(도내 5명, 도외 
2명)을 구성하면서 행정안전부 예규에 따라 3배수 이상의 평가위원 예비명부 
도내 15명(80%), 도외 6명(20%)을 작성하지 않고 평가위원 예비명부 도외를 5명
(19%)으로 잘못 작성한 사실이 있고, 국가와 다른 지방자치단체 소속 공무원
으로 구성하여야 함에도 제안서 평가위원 대상이 아닌 ▣▣교육지원청 ◓◓  AJ 등 17명을 
평가위원 예비명부 대상에 포함하는 등 【붙임1】‘○○○관 구축 평가위원 예비명부 
대상’과 같이 평가위원 예비명부를 잘못 작성한 사실이 있다.
  또한 20○○. ○. ○. 실시된 평가위원 추첨 과정에서는 도내 21명3)의 예비위원을 
무작위 추첨하여 다빈도순으로 평가위원을 선정하면서 대상이 아닌 ▣▣
교육지원청 ◓◓ AK을 심사위원으로 선정하는 등 【붙임2】‘○○○관 구축 
제안서 평가 심사위원 부적정 구성 현황’과 같이 제안서평가위원회 구성을 부적정
하게 선정한 사실이 있다.
1) ① 계약일자 및 계약금액: 20○○. ○. ○. , 금247,500,0000원 ② 검수일자: 20○○. ○. ○. ③지출일자:20○○.○.○.
2) [협조] ○○○관 구축 제안서 평가 심사위원 위촉(○○지원과-***, 202○.○.○.)에 의해 도내 5명, 도외 2명( 예비 도내 
1명, 도외 1명) 총 9명 위촉함. 또한 부안교육지원청 공고 제2023-○호 「○○○관 구축 용역」 제안서 평가위원회 
예비평가위원 모집 공고에 따르면, 모집인원: 21명, 평가위원 선정방법: 제안서 제출자(입찰참여자) 추첨에 의한 다 빈도순으로 
9명 선정(예비 후보 2명 포함)한다고 되어 있음.
3) 평가위원 예비위원은 총 26명으로 도내 21명, 도외 5명임
- 25 -
※ 중앙조달요청(20○○. 1. 18.) → 제안서 평가위원회 예비평가위원 모집공고
(20○○. 3. 20.) → 계약방법 변경4)(20○○. 3. 27.) → 입찰(20○○. 3. 27.) 
→ 단독입찰로 인한 유찰 (20○○. 4. 7.) → 제안서 평가 심사위원 위촉(20○○. 4. 9.) 
→ 수의계약 가능5)함에도 협상에 의한 계약6)(20○○. 4. 19.) 추진함
관계기관 의견
  전북특별자치도부안교육지원청(구, 전라북도부안교육지원청)은 감사 결과를 
수용하면서, 앞으로 관련 법령을 숙지하여 협상에 의한 계약 제안서 평가위원회 
구성·운영을 철저히 하겠다는 의견을 제시하였다.
조치할 사항 
전북특별자치도부안교육지원청교육장은 
① 앞으로 관련 규정과 지침에 따라 계약 업무를 철저히 하여 주시기 
바랍니다.
전북특별자치도**교육지원청교육장은 
①〔주의〕 관련자에게 ‘주의’ 조치하시기 바랍니다. [주의 1명]
전북특별자치도**교육지원청교육장은 
①〔주의〕 관련자에게 ‘주의’ 조치하시기 바랍니다. [주의 1명]
4) 조달청 계약담당자 잦은 교체로 인한 협의 사항 변경 및 사업 지연으로 적기 사업추진 불가로 인해 중앙조달요청에서 
협상에 의한 계약으로 변경함(부안교육지원청 ◉◉지원과-○○, 20○○.○.○.)
5) 지방계약법 시행령의 수의계약 등 한시적 특례 적용기간에 관한 고시(시행 2023. 1.1.):  재난, 경기침체 등으로 국가 
또는 해당 지역의 경제 위기 극복을 위한 입찰·계약보증금 인하 등 한시적 특례가 적용되는 기간을 정함.
   (2023.6.30.까지로 한다.)
6) (질의) 협상에 의한 계약의 재공고 유찰에 따른 수의계약 가능 여부? 
   (답변) 당초 입찰공고 시 명시한 협상적격에 해당하는지 여부의 판단을 위해 제안서평사위원회의 심의를 거치는 것이 
타당할 것으로 사료됨(행안부 회계제도과–2469, 2019. 5. 21.)
- 26 -
【붙임1】
‘○○○관 구축 평가위원 예비명부 대상’
<생략>
  
- 27 -
【붙임2】 
○○○관 구축 제안서평가 심사위원 부적정 구성 현황
<생략>
- 28 -
일련번호 전북특별자치도부안교육지원청-9
전북특별자치도교육청
주의 및 시정(회수) 요구
제        목     출장여비 지급 부적정
소 관  기 관     전북특별자치도부안교육지원청
조 치  기 관     전북특별자치도부안교육지원청 외 3개 기관
내        용
1. 업무개요
  전북특별자치도부안교육지원청(구, 전라북도부안교육지원청)은 소속 직원이 
공무(公務)로 여행을 하는 경우에 공무의 원활한 수행을 위하여 공무원 여비 규정 
및 자체 여비 규정 등에 따라 소속 직원에게 출장 여비를 지급하고 있다.
2. 관계법령 및 판단기준  
 가. 근무지외 출장여비 지급 부적정
 「공무원 여비 규정」제28조 및 「공무원 보수 등의 업무지침」 제9장 공무원여비
업무 처리기준에 따르면 근무지외 국내출장 시 지급되는 여비 항목은 운임, 
숙박비, 식비, 일비로 구분하고 이 중 식비 및 일비 지급기준은 여행일수에 
따라 지급하고 소속 기관의 장이 예산의 부족 또는 그 밖의 사유로 여비를 
- 29 -
지급하지 아니할 충분한 이유가 있다고 인정될 때에는 지급하는 여비를 
감액하거나 여비의 전부 또는 일부를 지급하지 아니할 수 있다고 되어 있고, 
자가용을 이용하여 공무로 여행하는 경우의 운임은 여행구간 등급별 철도 또는 
버스운임(통상 이용되는 대중교통요금)으로 하며 출장자는 고속도로 통행
영수증, 출장지에 소재한 주유소에서 결제한 신용카드매출전표, 주차영수증 등 
자가용을 이용하여 출장을 이행한 사실을 확인 할 수 있는 증거서류를 갖추어 
제출하도록 되어 있다.
 나. 근무지내 출장여비 지급 부적정
  「공무원 보수 등의 업무지침」 제9장 공무원 여비업무 처리 기준에 따르면, 
1일 이내에 4시간 이상 근무지내 출장을 2회 이상 간 경우에도 출장비 합산액은 
2만 원을 넘지 못한다고 되어 있다.
  또한 「지방공무원 복무에 관한 예규」Ⅶ. 출장에 따르면, 근무지내 출장 중 
왕복 2km 이내의 근거리 출장으로 실비가 발생하지 않는 경우에는 여비 지급 
없이 출장으로 처리한다고 되어 있다.
3. 감사결과 확인된 문제점 
 가. 근무지외 출장여비 지급 부적정
  그런데도 전북특별자치도부안교육지원청(구, 전라북도부안교육지원청)은 *** F의 
20○○. . 5. ‘2022 ▩▩▩▩▩외 및 협의회’근무지외 출장여비 운임비를 지급
하면서 출장지(전주)에 소재한 주유소가 아닌 출발지(부안)에서 결제한 주유
영수증을 정산서로 인정하는 등 【표1】“근무지외 출장 여비 교통비 과다 지급 
현황”과 같이 2022년도 근무지외 출장 여비 총 7건의 운임비 100,800원을 과다 
지급한 사실이 있다.
- 30 -
【표1】 근무지외 출장여비 교통비 과다 지급 현황
      (단위: 원)
  
 나. 근무지내 출장여비 지급 부적정
  또한, 전북특별자치도부안교육지원청 ○○지원과 *** G의 20○○. 7. 7. 근무지내 
출장 1일 2건에 대하여 1일 최대 지급액인 20,000원을 초과하여 10,000원을 
과다 지급하는 등 【표2】“같은 날 근무지내 출장여비 과다 지급 현황”과 
같이 총 2건 합계 20,000원을 과다 지급한 사실이 있다. 
 
순 출장목적 직급 출장
자
출장
기간 출장지 기
지급액
정당
지급액
과다
지급액 비고
1 - - - - - 52,600 40,000 12,600
교통비과다
(부 안 
주 유 영 수 증) 
2 - - - - - 52,600 40,000 12,600
교통비과다
(부 안 
주 유 영 수 증) 
3 - - - - - 52,600 40,000 12,600
교통비과다
(부 안 
주 유 영 수 증) 
4 - - - - - 52,600 40,000 12,600
교통비과다
(부 안 
주 유 영 수 증) 
5 - - - - - 52,600 40,000 12,600
교통비과다
(부 안 
주 유 영 수 증) 
6 - - - - - 157,800 145,200 12,600
   교통비 과다
(주 유영수 증  미 제출)  
-
7 - - - - - 157,800 132,600 25,200
교통비 과다
(주 유영수 증  미 제 출)  
 -
합    계 578,600 477,800 1 0 0 ,8 0 0
- 31 -
【표2】 같은 날 근무지내 출장여비 과다 지급 현황
                                                                       (단위: 원)
 
 그리고, 전북특별자치도부안교육지원청 ○○지원과 *** H이 20○○. ○. ○. 13:40
부터 16:00까지  ‘◍◍◍◍’을 사유로 왕복 2km 이내의 근거리(◎◎, 1.3km) 출장을 
다녀온 후 실비 정산 관련 서류를 제출하지 않았음에도 10,000원을 지급하는 등 
【표3】‘근무지내 출장여비(왕복 2km 이내의 근거리) 과다 지급 현황’과 같이 총  
32건, 합계 470,000원을 과다 지급한 사실이 있다.
【표3】 근무지내 출장여비(왕복 2km 이내의 근거리) 과다 지급 현황
 (단위: 원)
순 시 작 일종 료 일출장
구분 직급 출장자 출장지 출장목적 기
지급액
 정당
 지급액  
과다
지급액
1
2022. 7. 7.
10:00
2022. 7. 7.
14:00
관내
반일 - - - - 10,000     0  10,000
2022. 7. 7.
14:00
2022. 7. 7.
17:00
관내
종일 - - - - 20,000 20,000    0
2
2 0 2 2 . 1 2 . 2 6 ..
12:00
202 2 . 1 2 . 2 6 ..
14:00
관내
반일 - - - - 10,000 10,000     0
2 0 2 2 . 1 2 . 2 6 ..
14:00
202 2 . 1 2 . 2 6 ..
16:00
관내
반일 - - - - 10,000 10,000      0
2 0 2 2 . 1 2 . 2 6 ..
16:00
2022 . 1 2 . 2 6 ..
18:00
관내
반일 - - - - 10,000       0 10,000
합계 60,000 40,000 20,000
순 시작일 종료일 출장
구분 직급 출장자 출장지
(왕복거리) 출장목적 기
지급액
정당
지급액
과다
지급액
1 - - 관내
반일 - - ***
(1.3km) - 10,000 0 10,000
2 - - 관내
반일 - - ***
(1.3km) - 10,000 0 10,000
3 - - 관내
반일 - - * * *
(1.4km) - 10,000 0 10,000
- 32 -
순 시작일 종료일 출장
구분 직급 출장자 출장지
(왕복거리) 출장목적 기
지급액
정당
지급액
과다
지급액
4 - - 관내
반일 - -
부안 읍내
(* * *)
(1.2km)
- 10,000 0 10,000
5 - - 관내
반일 - - * * *학원
(1.7km) - 10,000 0 10,000
6 - - 관내
반일 - - * * *학원
(1.7km) - 10,000 0 10,000
7 - - 관내
반일 - -
* * *
(부안읍)
(1.8km)
- 10,000 0 10,000
8 - - 관내
반일 - -
* * *
(부안읍내)
(1.2km)
- 10,000 0 10,000
9 - - 관내
반일 - - * * *학원
(1.7km) - 10,000 0 10,000
10 - - 관내
반일 - -
* * *
(부안읍내)
(1.2km)
- 10,000 0 10,000
11 - - 관내
반일 - - * * *
(1.4km) - 10,000 0 10,000
12 - - 관내
반일 - - * * *학원
(1.7km) - 10,000 0 10,000
13 - - 관내
반일 - - * * *학원
(1.7km) - 10,000 0 10,000
14 - - 관내
반일 - - * * *
학 원(1.7km) - 10,000 0 10,000
15 - - 관내
반일 - - * * *
학 원(1.7km) - 10,000 0 10,000
16 - - 관내
반일 - - * * *
(1.4km) - 10,000 0 10,000
- 33 -
순 시작일 종료일 출장
구분 직급 출장자 출장지
(왕복거리) 출장목적 기
지급액
정당
지급액
과다
지급액
17 - - 관내
반일 - - * * *중학교
(1,5km) - 10,000 0 10,000
18 - - 관내
반일 - - * * *중학교
(1,5km) - 10,000 0 10,000
19 - - 관내
반일 - - * * *중학교
(1,5km) - 10,000 0 10,000
20 - - 관내
반일 - - * * *초 등 학 교
(1,5km) - 10,000 0 10,000
21 - - 관내
반일 - - * * *초 등 학 교
(1,5km) - 10,000 0 10,000
22 - - 관내
반일 - - * * *초 등 학 교
(1,5km) - 10,000 0 10,000
23 - - 관내
반일 - - * * *고등학교
(914m) - 10,000 0 10,000
24 - - 관내
반일 - - * * *고등학교
(914m) - 10,000 0 10,000
25 - - 관내
반일 - - * * *고등학교
(914m) - 10,000 0 10,000
26 - - 관내
종일 - - * * *중학교
(1,5km) - 60,000 0 60,000
27 - - 관내
종일 - - * * *중학교
(1,5km) - 60,000 0 60,000
28 - - 관내
종일 - - * * *중학교
(1,5km) - 60,000 0 60,000
29 - - 관내
반일 - - * * *고등학교
(914m) - 10,000 0 10,000
30 - - 관내
반일 - - * * *중학교
(1,5km) - 10,000 0 10,000
- 34 -
※ 거리 산정 방식: 전북특별자치도부안교육청 기준으로 네이버맵을 통한 도보 이동거리 
                                                       관계기관 의견
  전북특별자치도부안교육지원청(구, 전라북도부안교육지원청)은 감사 결과를 
수용하면서, 앞으로 관련 법령을 숙지하여 출장여비를 적정하게 지급하겠다는 
의견을 제시하였다.
조치할 사항 
전북특별자치도부안교육지원청교육장은 
① 앞으로 관련 규정과 지침에 따라 출장여비 지급 업무를 철저히 하여 
주시고, 
②〔시정〕 과다 지급된 출장 여비 590,800원을 해당 출장자로부터‘회수’
하여 교육비특별회계에 세입 조치하시기 바랍니다.
※ 과다 지급된 출장자
순 시작일 종료일 출장
구분 직급 출장자 출장지
(왕복거리) 출장목적 기
지급액
정당
지급액
과다
지급액
31 - - 관내
반일 - - * * *중학교
(1,5km) - 10,000 0 10,000
32 - - 관내
반일 - - * * *중학교
(1,5km) - 10,000 0 10,000
합 계 470,000 0 470,000
순 직급 출장자 지적 건수 회수금액 순 직급 출장자 지적 건수 회수금액
1 - - 5 63,000 12 - - 2 70,000
2 - - 5 50,000 13 - - 1 10,000
3 - - 2 22,600 14 - - 1 10,000
4 - - 1 25,200 15 - - 1 10,000
5 - - 2 20,000 16 - - 2 20,000
- 35 -
◯3 〔주의〕 관련자에게 ‘주의’ 조치하시기 바랍니다. [주의 2명]
전북특별자치도교육감은
①〔주의〕 관련자에게 ‘주의’ 조치하시기 바랍니다. [주의 1명]
전북특별자치도**교육지원청교육장은
①〔주의〕 관련자에게 ‘주의’ 조치하시기 바랍니다. [주의 1명]
전북특별자치도**교육지원청교육장은 
①〔주의〕 관련자에게 ‘주의’ 조치하시기 바랍니다. [주의 1명]
순 직급 출장자 지적 건수 회수금액 순 직급 출장자 지적 건수 회수금액
6 - - 1 10,000 17 - - 1 10,000
7 - - 1 10,000 18 - - 3 30,000
8 - - 2 70,000 19 - - 1 10,000
9 - - 1 60,000 20 - - 1 10,000
10 - - 1 10,000
합 계 41 590,800
11 - - 7 70,000
- 36 -
일련번호 전북특별자치도부안교육지원청-10
전북특별자치도교육청
기관 주의
제        목     업무추진비 집행 부적정
소 관  기 관     전북특별자치도부안교육지원청
조 치  기 관     전북특별자치도부안교육지원청 
내        용
1. 업무개요
  전북특별자치도부안교육지원청(구,전라북도부안교육지원청)은 ｢지방교육
행정기관 업무추진비 집행에 관한 규칙｣ 및 ｢지방자치단체 교육비특별회계 
세출예산 집행기준｣ 등의 관계 법령에 따라 업무추진비를 집행하고 있다.
2. 관계법령 및 판단기준  
  「지방교육행정기관 업무추진비 집행에 관한 규칙」제3조(업무추진비의 
집행)에 따르면 업무추진비를 집행하는 회계관계공무원 및 업무추진비 집행 
공무원은 [별표]에 규정된 직무활동7)에 대하여 집행하여야 한다고 되어 있고, 
「지방자치단체 교육비특별회계 세출예산 집행기준(교육부 예규 제91호)」 
및 「지방자치단체 교육비특별회계 예산편성 운영기준」제3조 【별표 1】에 
따르면‘정원가산업무추진비’는 지방교육행정기관(각급 학교 제외)에 근무하는 
7) 업무추진비 집행대상 직무활동 범위: 1.학술·문화예술·체육활동 유공자 등에 대한 격려 및 지원, 2. 업무추진을 위한 각종 
회의·간담회·행사, 3.업무추진 유관기관 협조, 4. 교육활동·재난 피해자 및 교육소외계층에 대한 격려 및 지원, 5. 시책 또는 
지역 홍보, 6.현업(현장)부서 근무자에 대한 격려 및 지원, 7. 소속 상근직원에 대한 격려 및 지원, 8. 직무수행과 관련
된 통상적인 경비 9. 그 밖에 해당 지방교육행정기관의 직무수행과 관련하여 대상·방법·범위 등을 구체적으로 정한 법령 또
는 조례에 미리 정해진 경우
- 37 -
소속 직원의 사기진작(직원 생일기념품, 체육대회·단합행사·전통시장행사, 
불우 공무원 지원 등)을 위하여 연간 운영 계획을 수립하여 집행하여야 한다고 
되어 있다. 또한 축의·부의금품은 ‘기관운영 업무추진비’에서만 집행할 수 
있다고 되어 있다. 
3. 감사결과 확인된 문제점 
  그런데도 전북특별자치도부안교육지원청(구,전라북도부안교육지원청)은 
20○○. ○. ○. 정원가산업무추진비에서 ‘20○○학년도 ***워크숍 식사비’ 
480,000원을 집행하는 등 【표】‘정원가산업무추진비 집행 부적정 내역’과 
같이 총 21건, 합계 4,914,600원을 기관운영업무추진비가 아닌 정원가산업무
추진비에서 부적정하게 집행한 사실이 있다.
【표】 정원가산업무추진비 집행 부적정 내역
(단위: 원)
순 회계
연도 지출일 건명 집행액 실제 집행과목
(세목)
정당 집행과목
(세목)
１
-
- *** 워 크숍  식 사 480,000
230-03 정 원 가산
업 무 추진 비230-01 기 관운 영
업 무추 진 비
2 - ** 결혼  축 의 금 50,000
3 - ** 외조 모 상 부의 금 50,000
4 - ** 배우 자 상 부의 금 50,000
소 계 (4건) 630,000
1
-
- ** 협의  식 사 84,000
2 - ** 워크 숍  간 식 322,600
3 - *** 워 크 숍  저 녁 식 사(○일) 490,000
4 - *** 워 크 숍  아 침 식 사(○일) 252,000
5 - *** 워 크 숍  점 심 식 사(○일) 161,000
6 - *** 연 수 간식 120,000
7 - *** 협 의 식사 390,000
8 - *** 협 의 식사 162,000
소 계 (8건) 1,981,600
- 38 -
관계기관 의견
  전북특별자치도부안교육지원청(구,전라북도부안교육지원청)은 감사 결과를 
수용하면서, 앞으로 관련 법령을 숙지하여 업무추진비 집행을 철저히 하겠다는 
의견을 제시하였다.
조치할 사항 
전북특별자치도부안교육지원청교육장은 
①〔기관주의〕 업무추진비 집행과 관련하여 ‘기관주의’ 조치하니 향후 동일 
지적사항이 발생하지 않도록 각별히 유념하시기 바랍니다. 
   【관련기관】 전북특별자치도부안교육지원청
순 회계
연도 지출일 건명 집행액 실제 집행과목
(세목)
정당 집행과목
(세목)
230-03 정 원 가산
업 무 추진 비230-01 기 관운 영
업 무추 진 비
1
-
- ** 간담 회  식 사 475,000
2 - ** 간담 회  식 사 375,000
3 - ** 간담 회 480,000
4 - *** 협 의회 280,000
5 - *** 간 담회 113,000
6 - *** 간 담회 126,000
소 계 (6건) 1,849,000
1
-
- *** 간 담회 28,000
2 - *** 간 담회 148,000
3 - *** 간 담회 278,000
소 계 (3건) 454,000
합 계 (21건) 4,914,600
- 39 -
일련번호 전북특별자치도부안교육지원청-11
전북특별자치도교육청
주의 요구 및 통보
제        목     법인카드 계좌 관리 및 인계·인수 부적정
소 관  기 관     전북특별자치도부안교육지원청
조 치  기 관     전북특별자치도부안교육지원청 외 2개 기관
내        용
1. 업무개요
  전북특별자치도부안교육지원청(구,전라북도부안교육지원청)은 「지방자치단체 
교육비특별회계 세출예산 집행기준」 및 「전북특별자치도 교육비특별회계 
재무회계 규칙」 등의 관계 법령에 따라 법인카드 계좌를 관리하고 있다. 
2. 관계법령 및 판단기준  
가. 법인카드 계좌 관리 부적정
  「전북특별자치도 교육비특별회계 재무회계 규칙」제5조의 3(재무회계업무의 
전산화), 제76조(지출 및 지급의 원칙) 및 제105조의 2(지출금의 반납절차)에 
따르면 예산, 수입, 지출, 계약 등 재무회계 업무처리는 전자적인 방법으로 
처리하여야 하고 지출원이 지급명령을 하거나 출납원이 지급을 할 때에는 
정당한 채권자에게 지급하여야 하며 지출원은 세출로서 지출된 금액을 반납할 
때에는 반납결의서에 따라 반납고지서를 발부하여야 한다고 되어 있다.
- 40 -
나. 법인카드 인계․인수 미실시
  「지방자치단체 교육비특별회계 세출예산 집행기준」(교육부 예규 제91호) 
및 「전북특별자치도 교육비특별회계 재무회계 규칙」제134조제3항에 따르면 
지방교육행정기관 구매카드를 보관하고 있는 공무원이 교체되거나 직제의 
개폐 시 전·후임공무원은 지방교육행정기관 구매카드 사용내역을 상호 
확인하고, 이 사항을 서면(내부결재 등)으로 인계인수하여 사용내역에 따른 
책임을 명확히 구분하여야 한다고 되어 있다. 
3. 감사결과 확인된 문제점 
가. 법인카드 계좌 관리 부적정
  그런데도 전북특별자치도부안교육지원청 ○○지원과 *** M 은 20○○. 부안 
**** 자료집 제작비 836,000원을 지급하면서 정당 채권자인 ◍◍(대표자 J)
에 지급하지 아니하고 법인카드 계좌로 잘못 입금(20○○. 11. 14.)하였으며, 잘못 
입금된 것을 인지한 후 반납절차 없이 출납원 직인을 이용해 법인카드 계좌에서 직접 
인출하여 정당 채권자(J)에게 이체(20○○. 11. 20.)하는 등 【표】‘법인카드 회계
관리 부적정 내역’과 같이 정당한 지출 경정 절차 없이 처리한 사실이 있다.
【표】 법인카드 계좌 관리 부적정 내역
(단위: 원)
순 지출결의
일자 적요 지출
금액
지출처(채주) 회계처리
관 련 자 비고정당 실제 반납
결의
정당 채주
이체
1 - - 836,000 ◍◍광고
(J)
부안교육
지원청
(법 인 카 드계 좌)
× ○
(20** 11. 20.)
L
M
법인카드 계좌
에서 정당 채주
(J)에게 직접 
이체
2 - - 162,000
◎◎
서점
(K)
부안교육
지원청
(법 인 카 드계 좌)
× ○
(20** 6. 24..)
L
N
법인카드 계좌
에서 정당 채주
(K)에게 직접 
이체
합계 998,000
- 41 -
나. 법인카드 인계․인수 미실시
  전북특별자치도부안교육지원청은 20○○. 7. 1.자, 20○○. 7. 1.자 인사발령
으로 법인카드 담당 공무원이 교체되었음에도 【표】‘법인카드 인계․인수 현황’과 
같이 법인카드 사용 내역을 상호 확인하는 등 서면 인계인수(내부결재 등)를 
실시하지 않은 사실이 있다. 
【표】 법인카드 인계 · 인수 현황
 
관계기관 의견
  전북특별자치도부안교육지원청(구,전라북도교육지원청)은 감사 결과를 
수용하면서, 앞으로 관련 법령을 숙지하여 법인카드 운영을 철저히 하겠다는 
의견을 제시하였다.
조치할 사항 
전북특별자치도부안교육지원청은 
① 앞으로 관련 규정을 준수하여 동일한 사례가 발생하지 않도록 하여 주시고,
②〔통보〕 법인카드 계좌관리 및 인계·인수를 철저히 하여 동일한 지적사례가 
발생하지 않도록 소속 직원들에게 관련 규정 및 지침 등 교육을 실시
하시기 바랍니다. 
③ 〔주의〕 관련자에게 ‘주의’ 조치하시기 바랍니다. [주의 1명]
전북특별자치도교육감은
①〔주의〕 관련자에게 ‘주의’ 조치하시기 바랍니다. [주의 1명]     
**고등학교장은  
①〔주의〕 관련자에게 ‘주의’ 조치하시기 바랍니다. [주의 1명]
소속 업무담당기간 인계·인수 현황
전북특별자치도
부안교육지원청
20○○. 7. 1.~20○○. 6. 30. 미실시
20○○. 7. 1.~20○○. 9. 30. 미실시
- 42 -
일련번호 전북특별자치도부안교육지원청-12
전북특별자치도교육청
시정 및 통보
제        목     일상경비 회계업무 관리 부적정
소 관  기 관     전북특별자치도부안교육지원청
조 치  기 관     전북특별자치도부안교육지원청 
내        용
1. 업무개요
   전북특별자치도부안교육지원청(구, 전라북도부안교육지원청)은 보다 청렴한 
조직문화 개선을 위하여 물품 ․ 용역 등을 집행 시 「지방자치단체를 당사자로 하는 
법률」,「지방회계법 시행령」등 관련 법령에 따라 계약 업무 및 일상경비의 자금 
교부 및 회계업무 처리를 하고 있다.
2. 관계법령 및 판단기준  
  가. 일상경비 회계사고 예방교육 미실시
  전북특별자치도교육청(구,전라북도교육청)의 “일상경비 교부 등 공금관리 개선
방안 알림(재무과-16997, 2017. 8. 16.)”에 따르면 회계장부 월별 결재 비치 및 
금고-시스템 간 잔액 일치 확인을 철저히 하도록 되어 있고, “교육행정기관 회계
사고 재발 방지 추진계획 알림(재무과-20369, 2021. 11. 2.)”에 따르면 출납원 및 
지출담당자 교체 시 월별 현금출납부 사용내역 결재 등의 회계사고 예방교육1)을 
실시하도록 되어 있다. 
1) 월별 현금출납부 및 법인카드 사용내역 결재, 분기별 출납계산서 제출, 출납원 직·사인 관리 철저, 공금관리 UMS 
및  법 인 카 드 SM S 가 입, K-에 듀 파 인  전 자 결 재  시  증 거 서 류 와  대 조·확 인  후  결 재 처 리  등 의  예 방 교 육 을  실 시 하 도 록  되 어  있 다.
- 43 -
 나. 출납사무 검사 미실시
  「지방회계법 시행령」 제57조(장부 등의 검사), 「전북특별자치도교육비
특별회계(구, 전라북도교육비특별회계) 재무회계규칙」 제128조(출납사무의 검사)에 
따르면 출납원이 변경된 경우 감사부서의 공무원이 해당 출납원 소관의 장부ㆍ
보관용기 또는 물품을 검사하게 하여야 한다고 되어 있다.
  또한 전북특별자치도교육청 “2024년도 자체감사 계획 알림2)”, “2025년도 
자체감사 계획 알림3)”에 따르면 출납원 변경 시 도교육청 각 부서, 교육지원청 
및 직속기관(소속기관 포함)은 출납원 변경 후 14일 이내에 출납사무 검사를 
실시하도록 되어 있으며, 출납사무 검사 시 출납원 사무인수인계서 및 현금
출납부, 지출부 등 장부 및 보관용기 사진 등을 소관 출납사무 검사담당 부서
(도교육청 감사관)로 제출하도록 하고 있다.      
3. 감사결과 확인된 문제점 
  가. 일상경비 회계사고 예방교육 미실시
  그런데도 전북특별자치도부안교육지원청(구, 전라북도부안교육지원청)은 20○○. 7. 1. 
◍◍지원과 ***  O이 ○○관 일상경비 지출담당자로 지정되었음에도 일상경비 회계
사고 예방교육을 실시하지 않는 등 【표】“일상경비 회계사고 예방교육 미실시 현황”과 
같이 2023~2024년 일상경비 지출담당자가 4명 교체 되었음에도 회계사고 재발 
방지를 위한 예방교육을 실시하지 않은 사실이 있다.
2) 감사관-14454(2023. 12. 27.) “[알림] 2024년도 자체감사 계획 알림” 
3) 감사관-1493(2024. 2. 3.) “[알림] 2025년도 자체감사 계획 알림”, 
- 44 -
【표】 일상경비 회계사고 예방교육 미실시 현황
연
번 연도 업무
담당일 회계관직 부서명
변경전 변경 후 일상경비
회계사고 
예방교육
실시현황
비고
직 성명 직 성명
1 - - 일상경비 
지출담당 - 　 - - 미실시 -
2 - - 일상경비 
지출담당 - - - - - 미실시 -
3 - - 일상경비 
지출담당 - - - - - 미실시 -
4 - - 일상경비 
지출담당 - - - - - 미실시 -
※ 20○○. 7.1.일상경비지출담당자1명, 20○○. 9.1.,20○○. 1.1.일상경비출납원2명
변경시회계사고예방교육실시함.
  나. 출납사무 검사 미실시
  또한, 전북특별자치도부안교육지원청(구, 전라북도부안교육지원청)은 20○○. 9. 1. 
◎◎지원과 *** P가 일상경비출납원으로 지정되었음에도 출납사무 검사를 실시하지 
않는 등 【표】“출납사무 검사 미실시 현황”과 같이 2024~2025년 일상경비 출납원이 
2명 교체되었으나 출납사무 검사를 실시하지 않은 사실이 있다.
【표】 출납사무 검사 미실시 현황 
연번 연도 업무
담당일 부서명 회계관직
일상경비출납원
변경전
일상경비출납원
변경 후 출납사무
검사 실시 
여부직 성명 직 성명
1 - - - 일상경비
출납원 - Q - P 미 실 시
2 - - - 일상경비
출납원 - P - R 미실시
※ 출납사무검사담당부서(감사관실)로출납사무검사관련서류미제출
- 45 -
관계기관 의견
  전북특별자치도부안교육지원청(구, 전라북도부안교육지원청)은 감사 결과를 
수용하면서, 앞으로 관련 법령을 숙지하여 절차가 누락되는 일이 없도록 
하겠다는 의견을 제시하였다.
조치할 사항 
전북특별자치도부안교육지원청교육장은 
①〔시정〕 20○○. 9. 1., 20○○. 1. 1. 일상경비출납원 교체 시 미실시한 출납사무 
검사를 실시하고 출납사무 검사 관련 서류를 출납사무 검사 담당 부서(도교육청 
감사관실)로 제출하시기 바랍니다.
②〔통보〕 앞으로 일상경비 회계사고 예방교육 및 출납사무검사가 누락되지 않도록 
소속 직원들에게 관련 규정 및 지침 등 교육을 실시하시기 바랍니다.
 
- 46 -
일련번호 전북특별자치도부안교육지원청-13
전 북 특 별 자 치 도 교 육 청
주의·시정 요구 및 통보(시정완료)
제        목     세입세출외현금 관리 부적정
소 관  기 관     전북특별자치도부안교육지원청
조 치  기 관     전북특별자치도부안교육지원청
내        용
1. 업무개요
  전북특별자치도부안교육지원청(구, 전라북도부안교육지원청)은 「지방재정법」 
및 관련 법령에 따라 세입·세출 예산에 편입되지 않고 법령·계약 등 기타 
사유로 반환할 채무를 공제하여 일시적으로 보관하는 경비를 세입세출외현금으로 
관리하고 있다.
2. 관계법령 및 판단기준  
  「지방재정법시행령」제40조(세입세출예산 외로 처리할 수 있는 경비의 
범위) 제1항 4호와「전북특별자치도(구, 전라북도) 교육비특별회계 재무회계 
규칙」제114조(세입세출외현금액의 정리)에 따르면 세입세출외현금은 교육비
특별회계 등 기타 다른 회계에 속하지 아니하는 수입으로 보증금, 보관금, 잡종금을 
일시적으로 보관하다가 반환 시기에 맞춰 집행하게 되어 있다. 
- 47 -
  또한 「전북특별자치도(구, 전라북도) 교육비특별회계 재무회계 규칙」제123조
(세입세출외현금의 이자귀속)에 따르면 세입세출외현금을 예금함으로써 생기는 
이자는 법령·조례 또는 기금의 조성이 필요한 경우와 계약에 특히 정한 것을 
제외하고는 교육비특별회계에 귀속하며 세입 조치하도록 되어 있다.
 
3. 감사결과 확인된 문제점 
  그런데도 전북특별자치도부안교육지원청(구, 전라북도부안교육지원청)은 
2022. 8. 11.부터 2025. 3. 17. 감사일 현재까지 기타세금 3,418,250원을 납부자에게 
반환하지 않거나 교육비특별회계로 세입 조치하지 않고 보관하는 등 【표】
“세입세출외현금 미반환 보관금 현황”과 같이 최저 19일에서 최장 949일 동안 
세입세출외현금 총 6건, 합계 30,544,220원을 소홀하게 관리한 사실이 있다.
                       【표】 세입세출외현금 미반환 보관금 현황
                                                                   (금액 단위: 원)
순 보관금명 미반환금액 미반환금액 보관기간 미반환 내역
1 기타세금   3,418,250 2022. 8. 11.~ 2025. 3. 17. 현 재
(총  949일) -
2 건강보험료      21,830 2023. 1. 19.~ 2025. 3. 17. 현 재
(총  789일) -
3 국민연금     472,980 2024. 3. 15.~ 2025. 3. 17. 현 재
(총  368일) -
4 부가가치세1)  26,104,000 2024. 6. 10.~ 2025. 3. 17. 현 재
(총  281일) -
5 기타보관금     332,190 2024. 11. 27.~ 2025. 3. 17. 현 재
(총  111일) -
6 고용산재보험    194,970 2025. 2. 27.~ 2025. 3. 17. 현 재
(총  19일) -
합 계  30 ,544 ,220부가가치세 26,104,000원
기타세금 등 4,440,220원
1) 부가가치세 26,104,000원은 2025. 3. 19. 교육비특별회계에 세입 조치함(시정완료)
- 48 -
  또한 2024. 12. 29. 별단예금으로 관리하는 퇴직적립금(원어민) 계좌에서 발생한  
2024년 하반기 이자 수입 189,390원을 보관금(퇴직적립금)으로 관리하지 아니
하고 잡종금(이자수입)으로 처리하여 2024. 12. 30. 교육비특별회계에 세입 조치한 
사실이 있다.
 ※ 별단예금으로 관리하는 퇴직적립금에서 발생한 이자는 퇴직급여의 지급 재원으로 
사용되어 ‘기금의 조성이 필요한 경우’에 해당하므로, 교육비특별회"
2025.4월감사결과공개(유등초).hwp,HWP,
감사결과 보고서(관촌중).pdf,PDF,"1  관촌중학교 종합감사결과 및 처분내용
 감사개요
❍ 감사기간: 2025. 5. 14. ~ 5. 16.(3일간)
❍ 감사인원: 총 4명
 감사결과 지적사항
1. 분야별 지적건수(총 0건)
학교명 유형별 학사․평가 인건비·복무예산·회계·기타 계약․시설 계
관촌중
지적사항 0 0 2 0 2
현지시정 0 1 1 1 3
합계 0 1 3 1 5
2. 지적사항 총괄 
학교명
신분상(명) 행정상(건)
재정상
조치징계 경고 주의 계 기관
주의 통보 시정 개선 계
관촌중 · · 3
(2건)
3
(2건) · · · · 0 회수(1건)
208,340원
 ※ ( )안은 신분상 조치 대상자에 대한 지적 건수 총 합계임.
3. 세부 지적내용 및 처분
4. 현지 조치사항
지적건명 지적내용 처분
【회계】
1. 여비 지급 
부적정
❍ 관외 중복 출장에 대해 여비를 일수가 아닌 출장 건에 
따라 지급하였고, 2024학년도 교(원)장 워크숍에서 
차량과 식사가 제공이 되었으나 일비와 식비를 감액하지 
않고 지급했으며 공용차량을 이용한 관내여비를 감액
하지 않는 등 208,340원을 과다 지급함
【공 무 원  여 비  규 정  제16조  및  18조, 공 무 원  여 비 업 무  처 리 기 준】
❍ 주의(1명) 
및 시정
(회수:208,340원)
   
【기타】
2. 학교발전기금 
관리 부적정
❍ 지역발전협의회 외 1곳에서 기탁받은 2023학년도 
졸업식 장학금을 학교발전기금으로 접수 받아 운용
해야 하나 세입세출외현금으로 접수하여 지급하였다. 
그 결과 학교발전기금 운용 계획을 학교운영위원회 
심의를 받지 않았고 운용계획서를 포함한 접수 및 
집행내역, 결산 등 학교발전기금 조성·운용 전반에 
관한 사항을 미공개
【초·중등교육법 제33조 및 같은법 시행령 
제64조, 시행규칙 제45조 및 제46조, 
학교발전기금의 조성·운용 및 회계관리요령】
❍ 주의(2명) 
지적건명 지적내용 처분
【인건비】
1. 인건비 지급 
소홀
❍ 시설관리직 ◎◎◎은 2024년 2월 급여에서 2024.1.22. 
세대분가하여 주민등록표상 세대를 같이하지 않은 
모친의 부양가족 수당 20,000원을 부당 수령
❍ 시정(회수)
(20,000원)
지적건명 지적내용 처분
【공무원수당 등에 관한 규정 제10조, 공무원보수 
등의 업무지침】
【회계】
2. 업무추진비 
집행 소홀 
❍ 축·부의금 지급 대상자가 아닌 학교장의 시모 부의
금 50,000원 부적정 지급
【지방교육행정기관 업무추진비 집행에 관한 규칙 
제3조, 학교회계 예산편성 및 운영지침】
❍ 시정(회수)
(50,000원)
 
 
【계약】  
3. 기간제교원 
채용 관련 
업무 소홀
❍ 2024학년도 기간제교원 채용계약을 체결하면서 계약 
시작일보다 4일 지연하였고, 당사자로부터 결격사유 
유무조회에 대한 동의를 받았음에도 결격사유 조회를 
실시하지 않음
【교육공무원법 제32조 및 제10조의4, 2025년 
계약제교원 운영 지침】
❍ 시정"
종합감사결과공개자료(탑재용).pdf,PDF,"s
김제농생명마이스터고등학교 
종합감사 결과 공개
q
2025. 7.
[ 감 사 관 ]

- 1 -
김제농생명마이스터고등학교 종합감사 결과 공개
 감사결과의 공개는 국민의 알권리 충족과 학교 운영의 투명성을 강화하기 위한 
공익적 조치입니다. 따라서 감사결과 실명이 공개된 모든 학교(기관)가 비리에 
연관되어 있는 것은 아님을 알려드립니다. 
□ 감사 개요
○ 감사 기간: 2025. 4. 9.∼4. 11.(3일간)
○ 감사 인원: 6명 
○ 감사 범위: 2022. 3. 1.∼2025. 4. 8.(교무·학사), 2021. 9. 7.∼2025. 4. 8.(행정·회계)
□ 감사 결과
 ○ 총괄
학교명
신분상(명) 행정상(건)
재정상
조치징계 경고 주의 계 기관
주의 시정 통보 개선 계
김 제 
농 생명 
마 이 스 터 고
·
(0건)
·
(0건) 
26
(9건)
26
(9건) 1 3 · · 4 ž 회수(5건)  7,331,060원
 
 ○ 분야별 지적건수
유형별 학사․평가 행정·회계 시설 계
지적사항 5 4 2 11
- 2 -
 ○ 지적사항(총 11건)
연번 분야별 지적건명 처분
1 학사·평가 학교생활기록부 기재 부적정  ▪ 주의(3명)
 ▪ 시정
2 학사·평가 학업중단숙려제 운영 부적정  ▪ 주의(2명)
 ▪ 시정
3 학사·평가 미인정결석(연속 7일 이상) 학생 
나이스 미등록 및 미보고  ▪ 주의(5명)
4 학사·평가 교육활동 침해행위 예방교육 미실시     ▪ 주의(1명)
5 학사·평가 국외연수 위탁 용역계약 개인정보 
안전성 확보 조치 부적정  ▪ 주의(2명)
6 인사·복무·인건비관외 출장여비 과다 지급  ▪ 기관주의 
 ▪  시정(회수) 1,422,480원
7 인사·복무·인건비건강검진 공가 사용 부적정  ▪ 주의(1명)
 ▪ 시정(회수) 81,760원
8 인사·복무·인건비부양가족 신고 부적정  ▪ 시정(회수) 160,000원
9 예산·회계·계약 학교발전기금 업무처리 부적정  ▪ 주의(4명)
 ▪ 시정
10 시설 시설공사 감독 및 검사 부적정  ▪ 주의(4명)
 ▪ 시정(회수) 3,060,120원
11 시설 공사원가계산서 작성 부적정  ▪ 주의(4명)
 ▪ 시정(회수) 2,606,700원
- 3 -
전북특별자치도교육청
주의 및 시정 요구
제        목     학교생활기록부 기재 부적정 
소 관  기 관     김제농생명마이스터고등학교
조 치  기 관     김제농생명마이스터고등학교 외 1개 기관
내        용
1. 업무개요
  김제농생명마이스터고등학교는 학생의 학업성취도와 인성 등을 종합적으로 
관찰·평가하여 학생 지도 및 상급학교의 학생 선발에 활용할 수 있는 자료를 
“학교생활기록 작성 및 관리지침(교육부 훈령)”에 따라 작성·관리하고 있다.
2. 관계법령 및 판단기준  
 「초·중등교육법」 제25조(학교생활기록)에 따르면 학교의 장은 학생의 학업
성취도와 인성(人性) 등을 종합적으로 관찰·평가하여 학생 지도 및 상급학교의 
학생 선발에 활용할 수 있도록 하기 위하여 교육부령으로 정하는 기준에 따라 
학교생활기록을 작성·관리하여야 한다고 되어 있다.
  또한 “ 2022~2023학 년 도  학 교 생 활 기 록  작성  및 관리지 침(교 육 부 훈 령)” 제 8조(출결상황)에 
따르면 ‘특기사항’란에 결석사유 또는 개근 등 교육부장관이 별도로 정하는 내용을 
일련번호 김제농생명마이스터고등학교-1
- 4 -
학급 담임교사가 입력한다고 되어 있고, 제16조(행동특성 및 종합의견)에 따르면 학생을 
수시로 관찰하여 누가 기록된 행동특성을 바탕으로 총체적으로 학생을 이해할 수 
있는 종합의견을 담임교사가 문장으로 입력하도록 되어 있다.
  아울러, “2022~2023학년도 학교생활기록부 기재요령”에 따르면 출결‘특기사항’란에는 
질병·미인정 등으로 인한 장기결석, 기타결석의 사유 등을 입력한다고 되어 있고 
기타결석은 1일이라도 사유를 입력한다고 되어 있으며, 학교생활기록부는 학생의 
성장과 학습 과정을 상시 관찰·평가한 누가기록 중심의 종합기록이어야 하고, 
학교생활기록부에는 학교교육계획이나 학교교육과정에 따라 학교에서 실시한 
각종 교육활동의 이수상황(활동내용에 따른 개별적 특성이 드러나는 사항 중심)을 
기재하는 것이 원칙이라고 되어 있다.
3. 감사결과 확인된 문제점 
  그런데도 김제농생명마이스터고등학교는 2022. 5. 23.~5. 31. 농사일 가사 조력을 
사유로 기타결석을 한 ~학년 !반 A 학생의 학교생활기록부 출결 특기사항에 사유를 
입력하지 않는 등 【표】“기타결석 출결 특기사항 입력 부적정 현황”과 같이 
2022~2023학년도 교사 2명이 A 학생의 기타결석 출결 특기사항 입력을 부적정하게 
처리한 사실이 있다.
【표】 기타결석 출결 특기사항 입력 부적정 현황
학 년 도담임교사명 학생명 기타결석일 사유
특기사항 
입력 여부
(입력 내용)
정당 입력 
내용
2022 B A
2022. 5. 23.~5. 31. 
(7일간)
2022. 6. 7.~6. 17. 
(9일간)
농사일 
가사 
조력
미입력
 농사일 
가사 조력 
16일
2023 C A
2023. 5. 17., 5. 24., 5. 26., 
5 . 3 1 ., 6 . 1 ., 6 . 2 ., 6 . 7 .~6. 9. 
(9일)
2 0 2 3 . 1 0 . 3 0 .~ 1 1 . 3 . (5일간)
농번기 
농사일 
가사조력
입력
(농번기 
가사조력 
9일)
농번기 
가사조력 
14일
- 5 -
  또한 김제농생명마이스터고등학교 2022학년도 @학년 #반 담임교사 D는 
학교생활기록부 ‘행동특성 및 종합의견’ 항목에서 【표】“학교생활기록부 
행동특성 및 종합의견 중복 기재 내용”과 같이 100% 동일한 내용을 2명의 
학생에게 중복 기재한 사실이 있다.
【표】 학교생활기록부 ‘행동특성 및 종합의견’ 중복 기재 내용
학 년 도담임교사명
(학급명) 학생명 기재 내용
2022 D
E
조용하게 자신에게 주어진 임무를 수행하는 성실하며 예의바른 
학생임. 과묵한 성격에 남 앞에 나서는 것을 어려워하는 
것을 자신의 단점으로 보고 이를 극복하기 위해 발표를 
자발적으로 하고 다른 사람에게 먼저 말을 걸어보는 등 
부단히 노력함. 남에게 폐를 끼치는 것을 싫어하며 예의와 
배려를 인생 가치관으로 삼고 함께 살아가며 세상에 
도움이 되는 사람으로 살고자 함.
F
조용하게 자신에게 주어진 임무를 수행하는 성실하며 예의바른 
학생임. 과묵한 성격에 남 앞에 나서는 것을 어려워하는 
것을 자신의 단점으로 보고 이를 극복하기 위해 발표를 
자발적으로 하고 다른 사람에게 먼저 말을 걸어보는 등 
부단히 노력함. 남에게 폐를 끼치는 것을 싫어하며 예의와 
배려를 인생 가치관으로 삼고 함께 살아가며 세상에 
도움이 되는 사람으로 살고자 함.
관계기관 의견
  김제농생명마이스터고등학교는 감사 결과를 수용하면서 앞으로 분기별 자체 
점검을 통해 이러한 일이 없도록 더욱 세심하게 업무를 처리하겠다는 의견을 
제시하였다.
조치할 사항 
김제농생명마이스터고등학교장은 
① 앞으로 동일한 사례가 발생하지 않도록 학교생활기록부 업무를 철저히 하여 
주시고,
- 6 -
②〔시정〕2022~2023학년도 A 학생의 학교생활기록부에 기타결석 사유를 
입력 및 정정 처리하시기 바랍니다.
③〔주의〕 관련자에게 ‘주의’ 조치하시기 바랍니다. [주의 2명]
$$고등학교장은 
①〔주의〕 관련자에게 ‘주의’ 조치하시기 바랍니다. [주의 1명]
- 7 -
전북특별자치도교육청
주의 및 시정 요구
제        목     학업중단숙려제 운영 부적정
소 관  기 관     김제농생명마이스터고등학교
조 치  기 관     김제농생명마이스터고등학교
내        용
1. 업무개요
  김제농생명마이스터고등학교는 학업중단 위기 학생 조기 발굴 및 적극적인 
개입으로 학업중단을 예방하기 위해「초·중등교육법」및 같은 법 시행령 및 
전북특별자치도교육청(구, 전라북도교육청)의 “학업중단숙려제 운영 계획”에 
따라 학업중단숙려제를 운영하고 있다.
2. 관계법령 및 판단기준  
 「초·중등교육법」제28조(학습부진아 등에 대한 교육) 제6항에 따르면 
학교의 장은 학업 중단의 징후가 발견되거나 학업 중단의 의사를 밝힌 
학생에게 학업 중단에 대하여 충분히 생각할 기회를 주어야 하고, 이 경우 
학교의 장은 그 기간을 출석으로 인정할 수 있다고 되어 있고, 제6항에 따른 
학생에 대한 판단기준 및 충분히 생각할 기간과 그 기간 동안의 출석일수 
인정 범위 등에 필요한 사항은 교육감이 정한다고 되어 있다. 
일련번호 김제농생명마이스터고등학교-2
- 8 -
  또한 전북특별자치도교육청(구, 전라북도교육청) 및 김제농생명마이스터
고등학교의 “2022학년도 학업중단숙려제 운영 계획”학생 출결 관리에 
따르면 주 2회 이상 상담 또는 프로그램에 참여한 경우 해당 주 ‘출석인정
결석’처리하고, 주 0회~1회 참여한 경우 해당 주 ‘미인정결석’ 처리
하도록 되어 있고, “2024학년도 학업중단숙려제 운영 계획”에 따르면 학교별 
학업중단예방위원회를 구성하여 학교의 책임성을 강화하고 숙려기회 제공이 
필요한 학생 발생 시 학업중단예방위원회를 통해 대상자를 선정하고 운영
기관, 프로그램, 참여 기간, 안전관리 등 계획을 수립하도록 되어 있다.
3. 감사결과 확인된 문제점 
  그런데도 김제농생명마이스터고등학교는 2022. 11. 10.~11. 23.(2주) 및 
2022. 11. 29.~12. 12.(2주) 총 4주간 %학년 &반 G 학생의 학업중단
숙려제를 운영하면서 숙려제 기간에 대해 출석인정결석 처리를 하지 않아 
창의적 체험활동 총 10시간(자율활동 4시간, 동아리활동 6시간)이 이수처리 
되는 등 【표】“학업중단숙려제 운영 부적정 현황”과 같이 2022학년도 교사 
1명과 2024학년도 교사 1명이 학생 총 3명에 대한 학업중단숙려제를 부적정
하게 운영한 사실이 있다.
- 9 -
【표】 학업중단숙려제 운영 부적정 현황
※ 해당 학년도별 학업중단숙려제 운영계획 수립 및 학업중단예방위원회 구성하였음.
   학업중단숙려제 출결 처리: 담임 업무, 학업중단예방위원회 운영: 상담교사 업무
관계기관 의견
  김제농생명마이스터고등학교는 감사 결과를 받아들이면서 계속적 교육 및 
자체 점검을 통해 이러한 일이 없도록 더욱 세심하게 업무를 처리하겠다는 
의견을 제시하였다.
학년도 대상학생
기간
(토,일 포함)
운영 기관
부적정 내용
학업중단 
예방위원회 
협의 여부
출석 
인정 
결석 
처리 
여부
학교생활기록부 
기재 관련
2022 G
2022. 11. 10.~11. 23. 
(2주)
2022. 11. 29.~12. 12. 
(2주)
김제교육지원청 
위센터 ○
×
(주 2회씩 
상담 
참 여 하 였 음) 
창의적체험활동 
10시간 제외되지 
않음
-자율활동 4시간 
(11. 16. 1시간, 
11. 23. 1시간,  
11. 30. 1시간,  
12. 7. 1시간)
- 동아리활동 6시간 
(11. 16. 2시간, 
11. 23. 2시간, 
11. 30. 2시간)
2024 H 2024. 6. 6.~6. 19. 
(2주)
김제교육지원청 
위센터 × ○ 변동사항 없음
2024 I 2024. 9. 19.~9. 25. 
(1주)
익산시청소년
상담복지센터 × ○ 변동사항 없음
- 10 -
조치할 사항 
김제농생명마이스터고등학교는 
① 앞으로 동일한 사례가 발생하지 않도록 학업중단 숙려제 업무를 철저히 하여 
주시고,
②〔시정〕 2022학년도 G 학생의 학업중단숙려제 운영 기간(2022. 11. 10.~11. 23., 
11. 29.~12. 12.) 출석인정결석 미처리로 인해 학교생활기록부에 
반영된 창의적체험활동 이수시간 10시간(동아리활동 6시간, 자율활동 
4시간)을 정정 처리하시기 바랍니다.
③〔주의〕 관련자에게 ‘주의’ 조치하시기 바랍니다. [주의 2명]
- 11 -
전북특별자치도교육청
주의 요구
제        목     미인정결석(연속 7일 이상) 학생 나이스 미등록 및 미보고
소 관  기 관     김제농생명마이스터고등학교
조 치  기 관     김제농생명마이스터고등학교 외 1개 기관
내        용
1. 업무개요
  김제농생명마이스터고등학교는 장기 미인정결석 학생의 소재·안전 확인 및 
결석사유 확인과 출석을 독려하기 위해「초·중등교육법 시행령」및 전북특별
자치도교육청(구, 전라북도교육청)의 “의무교육단계 취학 이행 및 독려를 위한 
지침”에 따라 미인정결석 학생 나이스 등록 및 보고 업무를 추진하고 있다.
2. 관계법령 및 판단기준  
 「초·중등교육법 시행령」 제92조의2(고등학교 학생 등에 대한 취학 관리)에 
따르면 고등학교의 장은 해당 학교에 재학 중인 학생이 정당한 사유 없이 
계속하여 2일 이상 결석하는 경우에는 지체 없이 해당 학생 및 그 보호자에게 
결석 사유를 확인하여야 하고, 해당 학교에 재학 중인 학생으로서 정당한 사유 
없이 계속하여 7일 이상 결석한 학생의 성명 및 장기결석 경과를 교육감에게 
통보하여야 한다고 되어 있다. 또한 전북특별자치도교육청(구, 전라북도교육청)의 
일련번호 김제농생명마이스터고등학교-3
- 12 -
“의무교육단계 취학 이행 및 독려를 위한 지침(제2022-9호, 제2024-2호)”에 
따르면 미인정결석 학생에 대한 관리·대응을 위하여 고등학생의 경우 미인정
결석 사안 발생 후 연속 7일 이상 미인정결석하는 학생을 담임교사가 NEIS에 
등록하고 등록된 미인정결석 학생이 복귀하기 전까지 매월 소재(안전) 
확인 후 NEIS 소재여부 확인일자와 비고 등을 수정하여 상시 보고하고 해당 
학생을 관리하도록 되어 있다.
3. 감사결과 확인된 문제점 
  그런데도 김제농생명마이스터고등학교는 2022학년도 *학년 ☆반 J 학생이 
연속 7일 이상 미인정결석(2022. 5. 17.~7. 1., 연속 30일간)을 하였음에도 NEIS에 
등록 및 보고하지 않는 등 【표】“연속 7일 이상 미인정결석 학생 NEIS 
미등록 및 미보고 현황”과 같이 2022~2024학년도 총 5명의 교사가 연속 7일 
이상 미인정결석한 학생 7명(2022학년도 2명, 2023학년도 3명, 2024학년도 2명)을 
NEIS에 등록 및 보고하지 않은 사실이 있다. 
【표】 연속 7일 이상 미인정결석 학생 NEIS 미등록 및 미보고 현황
연번 학년도 담임교사명 학생명 연속 미인정 결석 일수(기간) 미인정 결석 사유
1 2022 Q J 30일 (2022. 5. 17.~7. 1.) 미기재
2 2022 Q K 9일 (2022. 12. 5.~12. 15.) 미기재
3 2023 R L 21일 (2022. 3. 6.~4. 3.)
8일 (2021. 9. 13.~9. 27.) 미기재
4 2023 R M 12일 (2023. 5. 1.~5. 17.)
11일 (2023. 6. 27.~7. 11.) 미기재
5 2023 S N 10일 (2023. 10. 30.~11. 10.) 미기재
6 2024 T O 10일 (2024. 4. 12.~4. 25.)
42일 (2024. 4. 29.~7. 1..) 미기재
7 2024 U P 10일 (2024. 12. 16.~12. 30..) 미기재
- 13 -
관계기관 의견
  김제농생명마이스터고등학교는 감사 결과에 대해 이견이 없으며, 앞으로 
지속적인 연수 및 교육을 통해 이러한 일이 없도록 더욱 세심하게 업무를 
처리하겠다는 의견을 제시하였다.
조치할 사항 
김제농생명마이스터고등학교장은 
① 앞으로 동일한 사례가 발생하지 않도록 미인정결석 학생 관리 업무를 철저히 
하여 주시고,
②〔주의〕 관련자에게 ‘주의’ 조치하시기 바랍니다. [주의 4명]
▲▲고등학교장은
①〔주의〕 관련자에게 ‘주의’ 조치하시기 바랍니다. [주의 1명]
 
- 14 -
전북특별자치도교육청
주의 요구
제        목     교육활동 침해행위 예방교육 미실시
소 관  기 관     김제농생명마이스터고등학교
조 치  기 관     김제농생명마이스터고등학교 외 1개 기관
내        용
1. 업무개요
  김제농생명마이스터고등학교는 소속된 학생 또는 그 보호자 등이 교육활동 
중인 교원에 대하여 침해행위 하는 것을 예방하기 위하여 「교원의 지위 향상 
및 교육활동 보호를 위한 특별볍」 등 관련 법령에 따라 교육활동 침해행위 
예방교육을 실시하고 있다. 
2. 관계법령 및 판단기준  
  「교원의 지위 향상 및 교육활동 보호를 위한 특별법」 제24조(교육활동 
침해행위 예방교육) 제1항에 따르면 고등학교 이하 각급학교의 장은 교직원·
학생·학생의 보호자를 대상으로 교육활동 침해행위 예방교육을 매년 1회 
이상 실시하여야 한다고 되어 있다.
일련번호 김제농생명마이스터고등학교-4
- 15 -
3. 감사결과 확인된 문제점 
  그런데도 김제농생명마이스터고등학교는 2022학년도에 학생·학생의 
보호자를 대상으로 교육활동 침해행위 예방교육을 실시하지 않는 등 【표】
“교육활동 침해행위 예방교육 미실시 현황”과 같이 2022~2023학년도 교육활동 침해행위 
예방교육을 미실시한 사실이 있다.
【표】 교육활동 침해행위 예방교육 미실시 현황
학년도
교육활동 침해행위 예방교육 실시 여부
교직원 학생 학생의 보호자
2022 ○ x x
2023 ○ ○ x
관계기관 의견
 김제농생명마이스터고등학교는 결과를 수용하면서 앞으로 동일한 사례가 
발생하지 않도록 교육활동 침해행위 예방교육 관련 업무를 보다 철저히 수행
하겠다는 의견을 제시하였다.
조치할 사항 
김제농생명마이스터고등학교장은
① 앞으로 관련 법령에 따라 교육활동 침해행위 예방교육을 철저히 하여 주시기 
바랍니다.
전북특별자치도교육감은
①〔주의〕 관련자에게 ‘주의’ 조치하시기 바랍니다. [주의 1명]
- 16 -
전북특별자치도교육청
주의 요구
제        목     국외연수 위탁 용역계약 개인정보 안전성 확보 조치 부적정
소 관  기 관     김제농생명마이스터고등학교
조 치  기 관     김제농생명마이스터고등학교 외 2개 기관
내        용
1. 업무개요
  김제농생명마이스터고등학교는 학생들에게 다양한 국제 교류 기회를 제공하여 
농산업 분야 글로벌 직업교육을 내실화하기 위해 「개인정보 보호법」, “학교정보 
업무 매뉴얼”, “현장체험학습 운영매뉴얼” 등 관련 법령과 지침에 따라 국외 
현장체험학습을 실시하고 있다. 
2. 관계법령 및 판단기준  
  「개인정보 보호법」 제26조(업무위탁에 따른 개인정보의 처리 제한) 및 같은 법 
시행령 제28조(개인정보의 처리 업무 위탁 시 조치)에 따르면 위탁자는 업무
위탁으로 인하여 정보주체의 개인정보가 분실ㆍ도난ㆍ유출ㆍ위조ㆍ변조 또는 
훼손되지 아니하도록 수탁자를 교육하고, 처리 현황 점검 등 수탁자가 개인
정보를 안전하게 처리하는지를 감독하여야 한다고 되어 있다.
일련번호 김제농생명마이스터고등학교-5
- 17 -
  또한 전북특별자치도교육청(구, 전라북도교육청)의 “학교정보 업무 매뉴얼”과 
“[중요알림] 학교 알림 서비스 이용 등 개인정보 처리 업무 위탁 시 유의사항
(미래인재과-2135, 2021. 2. 2.)”에 따르면 현장체험학습(수학여행) 여행자보험 등 
개인정보가 포함된 업무위탁 시 개인정보 안전성 확보를 위하여 개인정보
처리위탁 계약서 작성, 계약업체 개인정보 교육, 위탁 업무 종료 후 개인정보 
파기 확인서 징구 등을 하여야 한다고 되어 있다. 
3. 감사결과 확인된 문제점 
  그런데도 김제농생명마이스터고등학교는 2023. 8. 29. (유)◎◎과 ‘2023. 김제
농생명마이스터고등학교 국외연수 위탁 용역계약’(계약금액 128,240,000원)을 
체결하면서 학생·교직원 28명의 개인정보(이름, 생년월일, 성별)가 포함된 업무위탁
(여행자보험 가입) 시 계약업체가 개인정보 교육을 실시하지 않았음에도 교육 
실시 여부를 확인하지 않는 등 【표】“개인정보 안전성 확보 조치 부적정 
현황”과 같이 2023~2024학년도 국외연수 위탁 용역계약 2건에 대하여 학생·
교직원 총 121명(2023학년도 28명, 2024학년도 93명)의 개인정보 안전성 확보 조치를 
하지 않은 사실이 있다.
【표】 개인정보 안전성 확보 조치 부적정 현황 
순 학년도 계약건명
(기간) 계약업체 계약일
(계약금액) 개인정보
개인정보 안전성 확보 
조치 여부
개 인 정 보 처 리 
위탁계약서
작성 여부
계약업체 
개인정보
교육 실시 
확인 여부
(사 업 수 행  이 후)
개 인 정 보  파 기 
확인서
1 2023
2023. 
김제농생명마이스터
고등학교 국외연수 
위탁 용역계약
(2023.8.29.~2023.11.5.)
(유)◎◎ 2023.8.29.
(128,240,000원)
여행자보험가입
학생 및 인솔자 이름, 
생년월일, 성별(28명)
작성 미확인 미징구
2 2024
2024학년도 1학년 
국외 테마식
현장체험학습위탁
용역계약
(2024.6.25.~2024.9.6.)
(유)◎◎ 2024.6.25.
(121,451,440원)
여행자보험가입
학생 및 인솔자 이름, 
생년월일, 성별(93명)
미작성 미확인 미징구
- 18 -
관계기관 의견
  김제농생명마이스터고등학교는 결과를 수용하면서 앞으로 동일한 사례가 
발생되지 않도록 개인정보 안전성 확보를 위해 관련 업무를 보다 철저히 수행
하겠다는 의견을 제시하였다.
조치할 사항 
김제농생명마이스터고등학교장은
① 앞으로 동일한 사례가 발생하지 않도록 국외연수 등 현장체험학습 위탁 용역
계약 시 개인정보 안전성 확보를 철저히 하여 주시기 바랍니다.
전북특별자치도∑∑교육지원청교육장은
①〔주의〕 관련자에게 ‘주의’ 조치하시기 바랍니다. [주의 1명]
  
전북특별자치도♤♤교육지원청교육장은
①〔주의〕 관련자에게 ‘주의’ 조치하시기 바랍니다. [주의 1명]
- 19 -
전북특별자치도교육청
기관주의 및 시정(회수) 요구
제        목     관외 출장여비 과다 지급
소 관  기 관     김제농생명마이스터고등학교
조 치  기 관     김제농생명마이스터고등학교
내        용
1. 업무개요
  김제농생명마이스터고등학교는 소속 직원이 공무(公務)로 여행을 하는 
경우에 공무의 원활한 수행을 위하여 「공무원 여비 규정」 등 관련 법령에 
따라 소속 직원에게 출장 여비를 지급하고 있다.
2. 관계법령 및 판단기준  
  「공무원 여비 규정」제16조(일비·숙박비·식비의 지급), 제28조(여비의 
조정) 및 “공무원여비업무 처리기준”에 따르면 근무지 외 국내출장 시 식사를 
제공받은 경우에는 그 비용을 감액 후 지급하도록 되어 있다.
일련번호 김제농생명마이스터고등학교-6
- 20 -
3. 감사결과 확인된 문제점 
  그런데도 김제농생명마이스터고등학교는 교장 V의 2021. 10. 6. 근무지 외 출장
(출장지: 대전컨벤션센터) 여비 지급 시 목적사업업무추진비로 식사를 제공
했음에도 출장여비(식비) 8,330원을 감액하지 아니하고 과다 지급하는 등 
2021~2024 회계연도 41명에게 총 174건, 합계 1,422,480원을 과다 지급한 
사실이 있다.
관계기관 의견
  김제농생명마이스터고등학교는 결과를 수용하면서 동일한 사례가 발생하지 
않도록 출장여비 지급 관련 업무를 보다 철저히 수행하겠다는 의견을 
제시하였다.
조치할 사항 
김제농생명마이스터고등학교장은
① 앞으로 동일한 사례가 발생하지 않도록 출장여비 지급 업무를 철저히 하여 
주시고,
②〔기관주의〕 출장여비 지급과 관련하여 ‘기관주의’ 조치하니 향후 동일 
지적사항이 발생하지 않도록 각별히 유념하시기 바랍니다.
③〔시정〕 과다 지급된 여비 1,422,480원을 대상자들로부터 ‘회수’하여 학교
회계에 세입 조치하시기 바랍니다.
 
- 21 -
전북특별자치도교육청
주의 및 시정(회수) 요구
제        목     건강검진 공가 사용 부적정
소 관  기 관     김제농생명마이스터고등학교
조 치  기 관     김제농생명마이스터고등학교
내        용
1. 업무개요
  김제농생명마이스터고등학교는 “전북특별자치도교육감 소속 교육공무직원 관리
규정” 등에 따라 소속 교직원의 복무를 관리·감독하고 있다.
2. 관계법령 및 판단기준  
  “전북특별자치도교육감 소속 교육공무직원 관리규정” 제47조(공가)에 따르면 
운영기관의 장은 소속 교육공무직원이 「산업안전보건법」 제129조부터 제131조
까지의 규정에 따른 건강검진, 「국민건강보험법」 제52조에 따른 건강검진을 
받을 때에는 공가를 허가하도록 되어 있다.
일련번호 김제농생명마이스터고등학교-7
- 22 -
3. 감사결과 확인된 문제점 
  그런데도 김제농생명마이스터고등학교 W는 2024. 7. 29.(월) 건강검진을 
사유로 공가를 허가받고서도 허가일에 건강검진을 받지 않고 2024. 8. 8.(목)에 
건강검진을 받은 사실이 있고, 그 결과 2024년 연차수당 81,760원을 과다 지급받은 
사실이 있다.
※ 건강검진 공가 사용 부적정 내역
※ 공가 사용 부적정으로 인한 연차수당 과다 지급 받은 내역
(단위: 원)
 ※ 교육공무직원의 연차수당은 연차 사용 일수를 시간 단위로 환산하여 산정함
관계기관 의견
  김제농생명마이스터고등학교는 결과를 수용하면서 앞으로 동일한 사례가 
발생하지 않도록 복무 관련 업무를 보다 철저히 수행하겠다는 의견을 
제시하였다.
연도 직종 성명
연차 및 연차수당 지급 일수
기
지급액
(A)
정당
지급액
(B)
과 다  지 급
받 은  금 액
(C=A-B)
비 고연 차
일 수
(시 간)
실제 지급 정당 지급
사 용
일 수
(시 간)
지 급
일 수
(시 간)
사 용
일 수
(시 간)
지 급
일 수
(시 간)
2024 ~~ W 17일
0.375
(3시간 
30분)
16.625일
(16일 
4시간 
30분)
1.375일
(1일 
3시간 
30분)
15.625일
(15일 
4시간 
30분)
1,359,260 1,277,500 81,760
연도 직종 성명
공가 현황
실제 검진 일자 부적정
사유
부적정
일수
정당
복무사유 허가일
2024 ~~ W 건강검진 2024.7.29.(월) 2024.8.8.(목)
허가일
건강검진
미실시
1일 연차
- 23 -
조치할 사항 
김제농생명마이스터고등학교장은
① 앞으로 동일한 사례가 발생하지 않도록 복무 관리를 철저히 하여 주시고,
②〔시정〕 과다 지급된 연차수당 81,760원을 관련자로부터 ‘회수’하여 교육비
특별회계에 세입 조치하시기 바랍니다.
③〔주의〕 관련자에게  ‘주의’  조치하시기 바랍니다. [주의 1명]
- 24 -
전북특별자치도교육청
시정(회수) 요구
제        목     부양가족 신고 부적정
소 관  기 관     김제농생명마이스터고등학교
조 치  기 관     김제농생명마이스터고등학교
내        용
1. 업무개요
  김제농생명마이스터고등학교는 “공무원수당 등에 관한 규정” 및 “지방공무원 수당 
등에 관한 규정”에 따라 공무원 부양가족 수당을 지급하고 있다.
2. 관계법령 및 판단기준  
  “공무원수당 등에 관한 규정”및“지방공무원 수당 등에 관한 규정”에 
따르면 부양가족이란 부양의무를 가진 공무원과 주민등록표상 세대를 같이 
하는 사람으로서 해당 공무원의 주소나 거소에서 현실적으로 생계를 같이 
하는 사람을 말하며 부양가족이 있는 공무원은 주민등록표등본 등 필요한 
서류를 첨부하여 부양가족신고서를 소속기관장에게 제출하고, 부양가족에 
변동이 생긴 때에는 지체없이 부양가족신고서에 변동사항을 기재하여 신고
하여야 한다고 되어 있다.
일련번호 김제농생명마이스터고등학교-8
- 25 -
3. 감사결과 확인된 문제점 
  그런데도 김제농생명마이스터고등학교 기간제교사 X는 2022. 10. 22. 모
(Y)의 사망으로 부양가족 변동사항이 발생하였음에도 부양가족 변동신고서를 
제출하지 않고 2023. 2월까지 모(Y)의 가족수당을 지급받는 등 【표】“가족수당 
부적정 수령 내역”과 같이 2022~2023년 총 3명이 부양가족 변동 신고서를 제출
하지 않고 합계 160,000원의 가족수당을 부적정하게 수령한 사실이 있다. 
【표】 가족수당 부적정 수령 내역
(금액 단위: 원)
직 대상 지급 기간
급여
항목
기지급액
(A)
정당
지급액
(B)
부적정 
수령액
(C=A-B)
비 고
기간제
교사 X 2022. 11. 
~2023. 2. 
가 족 수 당
(부양
가족)
60,000 0 60,000 -변동사항 발생일자: 
2022. 10. 22.(사망)
지방
교육행정
주사보
Z 2023. 2.
가 족 수 당
(부양
가족)
20,000 0 20,000 -변동사항 발생일자: 
2023. 1. 20.(사망)
교사 AA 2023. 8. 
~2023. 11.
가 족 수 당
(부양
가족)
80,000 0 80,000 -변동사항 발생일자: 
2023. 7. 27.(주 소변동)
합계 160,000
  
관계기관 의견
  김제농생명마이스터고등학교는 감사 결과를 수용하면서 앞으로 관련 규정과 
지침을 잘 숙지하여 이러한 일이 없도록 더욱 세심하게 업무를 처리하도록 하겠다는 
의견을 제시하였다.
- 26 -
조치할 사항 
김제농생명마이스터고등학교장은 
① 앞으로 동일한 사례가 발생하지 않도록 가족수당 지급 업무를 철저히 하여 주시고,
②〔시정〕 부적정하게 지급된 가족수당 160,000원을 대상자들로부터 ‘회수’하여 
교육비특별회계에 세입 조치하시기 바랍니다.
- 27 -
전북특별자치도교육청
주의 및 시정 요구
제        목     학교발전기금 업무처리 부적정
소 관  기 관     김제농생명마이스터고등학교
조 치  기 관     김제농생명마이스터고등학교 외 4개 기관
내        용
1. 업무개요
  김제농생명마이스터고등학교는 전북특별자치도교육청의 “학교발전기금의 조성‧
운용 및 회계관리요령”에 따라 학교발전기금 회계를 편성·운영하고 있다.
2. 관계법령 및 판단기준  
  전북특별자치도교육청(구, 전라북도교육청)의 “학교발전기금의 조성‧운용 및 
회계관리요령 ”에 따르면 학교발전기금회계출납명령기관(학교운영위원회 
위원장) 교체 후 14일 이내에 예금잔액증명서를 첨부한 현금 및 예금 현재액 
조서, 사업별 수입 및 지급현황, 기타 학교발전기금회계 관련 장부 및 서류를 
인계·인수하도록 되어 있다.
  또한 발전기금 접수 및 집행내역(집행일자, 세부내역, 금액) 등 해당 발전
기금 조성․운용 전반에 관한 사항은 분기별 종료 후 1개월 이내에 학교 
홈페이지 등을 통하여 공개한다고 되어 있다. 
일련번호 김제농생명마이스터고등학교-9
- 28 -
3. 감사결과 확인된 문제점   
  그런데도 김제농생명마이스터고등학교는 2022. 4. 1. 학교발전기금회계 출납
명령기관인 학교운영위원회 위원장이 교체되었음에도【표1】“학교발전기금
회계 사무인계·인수서 미작성 현황”과 같이 2022회계연도 및 2024회계연도 
총 2건의 학교발전기금회계 사무에 대한 인계·인수서를 작성하지 않은 
사실이 있다. 
【표1】 학교발전기금회계 사무인계·인수서 미작성 현황
  또한 2022. 12. 13. (사)◐◐로부터 접수한 학생 장학금 용도의 학교발전기금 
500,000원을 홈페이지 등을 통하여 공개하지 않는 등 【표2】“학교발전기금 
접수·집행내역 미공개 현황”과 같이 2022~2023회계연도 총 4건의 학교발전기금 
접수 및 집행내역을 공개하지 않은 사실이 있다.
【표2】 학교발전기금 접수·집행내역 미공개 현황
(금액 단위: 원)
회 계
연 도 접수일자 집행일자 접 수 금 액집 행 금 액기탁자 내역 공개 여부
2022
2 0 2 2 . 1 2 . 1 3 .2 0 2 2 . 1 2 . 1 5 .500,000 500,000 (사)◐◐ 학생 장학금 미공개
2 0 2 2 . 1 2 . 3 0. 2023. 1. 5. 1,500,000 1,500,000 주식회사
∇∇ 학생 장학금 미공개
2023
2 0 2 3 . 1 2 . 1 3 .2 0 2 3 . 1 2 . 1 5 .500,000 500,000 (사)◇◇ 학생 장학금 미공개
2024. 2. 2. 2024회계
연 도 로  이 월3,000,000 0 주식회사
⊕⊕ 학생 장학금 미공개
회계
연도
변동일
(변동사유) 인계자 인수자 사무인계·인수서 
작성 여부
2022 2022. 4. 1.
(전임자 임기 만료) AB AC 미작성
2024 2024. 4. 1.
(전임자 임기 만료) AC AD 미작성
- 29 -
관계기관 의견
  김제농생명마이스터고등학교는 감사 결과를 수용하면서 앞으로 동일한 사례가 
발생되지 않도록 학교발전기금 관련 업무를 보다 철저히 수행하겠다는 의견을 제시
하였다.
조치할 사항 
김제농생명마이스터고등학교장은 
① 앞으로 동일한 사례가 발생하지 않도록 학교발전기금 업무를 철저히 하여 주시고, 
②〔시정〕 미공개된 학교발전기금 접수·집행내역을 홈페이지 등을 통하여 
공개하시기 바랍니다.
∽∽고등학교장은  
①〔주의〕 관련자에게 ‘주의’ 조치하시기 바랍니다. [주의 1명]
 
전북특별자치도▤▤교육지원청교육장은  
①〔주의〕 관련자에게 ‘주의’ 조치하시기 바랍니다. [주의 1명]
  
전북특별자치도▧▧교육지원청교육장은  
①〔주의〕 관련자에게 ‘주의’ 조치하시기 바랍니다. [주의 1명]
  
전북특별자치도♧♧교육지원청교육장은  
①〔주의〕 관련자에게 ‘주의’ 조치하시기 바랍니다. [주의 1명]
 
- 30 -
전북특별자치도교육청
주의 및 시정(회수) 요구
제        목     시설공사 감독 및 검사 부적정
소 관  기 관     김제농생명마이스터고등학교
조 치  기 관     김제농생명마이스터고등학교 외 2개 기관
내        용
1. 업무개요
  김제농생명마이스터고등학교는 2022회계연도 및 2024회계연도에‘첨단온실 
주변 측구수로관 안전발판 및 난간설치공사’외 1건의 시설공사를 시행
하였으며, 이에 대한 공사감독과 준공검사 등의 업무를 추진하였다.
2. 관계법령 및 판단기준
  「지방자치단체를 당사자로 하는 계약에 관한 법률」 제16조(감독) 및 제
17조(검사)에 따르면 계약담당자는 공사·물품·용역 등의 계약을 체결한 
경우에 그 계약을 적절하게 이행하도록 하기 위하여 필요하다고 인정하면 
계약서·설계서 및 그 밖의 관계 서류에 따라 감독하거나 소속 공무원 
등에게 그 사무를 위임하여 감독하게 하여야 하며, 계약상대자가 계약의 
전부 또는 일부의 이행을 끝내면 이를 확인하기 위하여 계약서·설계서 및 
일련번호 김제농생명마이스터고등학교-10
- 31 -
그 밖의 관계 서류에 따라 이를 검사하거나 소속 공무원 등에게 위임하여 
검사하게 하여야 한다고 되어 있으며, 「지방자치단체를 당사자로 하는 
계약에 관한 법률 시행령」 제64조(검사) 제5항에 따르면 검사를 함에 있어서 
계약상대자의 계약이행 내용의 전부 또는 일부가 계약에 위반되거나 
부당함을 발견하였을 때에는 지체없이 필요한 시정조치를 명하여야 한다고 
되어 있다.
3. 감사결과 확인된 문제점
  그런데도 김제농생명마이스터고등학교는 2022. 6. 2. (유)▩▩과 계약한
(2022. 5. 3.)‘첨단온실 주변 측구수로관 안전발판 및 난간설치공사(계약
금액 19,700천원)’를 준공 처리하면서, 스텐앵글 물량이 현장(352M)보다 
과다 설계(450M)되어 공사가 부족시공(98M) 되었음에도 계약금액을 정산
하지 않고 1,851,000원을 과다 지급하는 등 【표1】“공사비 부족시공 등에 
따른 과다 지급 현황”과 같이 2022회계연도 및 2024회계연도 총 2건에 
대해 공사비 합계 3,060,120원을 과다 지급한 사실이 있다.
【표1】 공사비 부족시공 등에 따른 과다 지급 현황
                                                         (단위: 원) 
순 공사명 계약금액
(천원) 계약자 계약
일자
준공 
일자
과다 지급내역
실제
지급액
(A)
정당
지급액
(B)
과다
지급액
(C=A-B)
비고
1
첨단온실 주변 측구
수로관 안전발판 
및 난간설치공사
19,700 (유)▩▩ 2022.
5. 3.
2022.
6. 2. 19,700,000 17,849,000 1,851,000 부족
시공
2
여자기숙사 지하실 
배관 및 펌프교체
공사
12,933 (유)▩▩ 2024.
8. 5.
2024.
8. 29. 12,933,180 11,724,060 1,209,120 미시공
합 계 32,633,180 29,573,060 3,060,120
- 32 -
【표1-1】 공사비 부족시공에 따른 과다 지급 세부 내역
▷공사명: 첨단온실 주변 측구수로관 안전발판 및 난간 설치공사         
                                                                       (단위: 원)
품명 및 규격 재료비 노무비 경비 제잡비 합계 비고
스텐앵글
50*50*3T
실제 7,537,500 0 0 부족시공
(450m→352m)정당 5,896,000 0 0
과다지급액 1,641,500 0 0 209,500 1,851,000
                     구 분
 비 목
요율
(%)
실제 지급액
(A)
정당 지급액
(B)
과다 지급액
(C=A-B)
순
공
사
원
가
재
료
비
직접재료비 14,816,300 13,174,800 1,641,500
간접재료비
계 14,816,300 13,174,800 1,641,500
노
무
비
직접노무비 2,257,623 2,257,623
간접노무비 직접노무비×12.5% 282,202 282,202
계 2,539,825 2,539,825
경
비
산재보험료 노무비×3.7% 93,973 93,973
고용보험료 노무비×0.87% 22,096 22,096
계 116,069 116,069
계 17,472,194 15,830,694 1,641,500
일 반 관 리 비 계×2.501% 436,979 395,925 41,054
공  급  가  액 17,909,173 16,226,619 1,682,554
부 가 가 치 세 공급가액×10.0% 1,790,917 1,622,661 168,256
합 계(계수정리) 19,700,000 17,849,000 1,851,000
※ 스텐앵글 물량이 현장(352M)보다 과다 설계(450M)되어 공사가 부족시공(98M) 
되었음.
- 33 -
【표1-2】 공사비 미시공에 따른 과다 지급 세부 내역
▷공사명: 여자기숙사 지하실 배관 및 펌프교체공사                        (단위: 원)
품명 및 규격 재료비 노무비 경비 비고
배관공사
볼밸브
(STS, 50A)
실제 1,099,200 0 0
미시공
(24EA→0EA)
정당 0 0 0
과다지급 1,099,200 0 0
부가가치세 109,920 0 0
총계 1,209,120 0 0
※ 여자기숙사 기계실 배관 노후화 등으로 인한 누수 발생으로 밸브류를 포함한 급탕 
및 난방 배관과 순환펌프 교체공사를 하였고, 배관 보온재 해체 후 누수 확인 중 
밸브 상태가 양호하여 재사용하였으나 준공 시 정산(감액)하지 아니함.
관계기관 의견
  김제농생명마이스터고등학교는 과다 지급한 공사비에 대해 회수 조치하겠으며, 
학교 시설공사에 대한 업무 전문성이 부족하여 공사계약과 시공, 준공 등 
관련 업무 처리에 많은 어려움을 겪고 있으나 앞으로는 지방계약 기본법령을 
숙지하여 이러한 일이 없도록 각별히 유념하겠다는 의견을 제시하였다.
조치할 사항 
김제농생명마이스터고등학교장은
① 앞으로 동일한 사례가 발생하지 않도록 시설공사 관리를 철저히 하여 주시고,
②〔시정〕 과다 지급된 공사비 3,060,120원을 관련 업체로부터‘회수’하여 
학교회계에 세입 조치하시기 바랍니다.
③〔주의〕 관련자에게 ‘주의’ 조치하시기 바랍니다. [주의 2명]
전북특별자치도♪♪교육지원청교육장은
①〔주의〕 관련자에게 ‘주의’ 조치하시기 바랍니다. [주의 1명]
- 34 -
전북특별자치도☞☞교육지원청교육장은
①〔주의〕 관련자에게 ‘주의’ 조치하시기 바랍니다. [주의 1명]
 
- 35 -
전북특별자치도교육청
주의 및 시정(회수) 요구
제        목     공사원가계산서 작성 부적정
소 관  기 관     김제농생명마이스터고등학교
조 치  기 관     김제농생명마이스터고등학교 외 2개 기관
내        용
1. 업무개요
  김제농생명마이스터고등학교는 2023~2024 회계연도에‘변전소 안전관리 
전기공사’외 1건의 건설공사를 시행하였으며, 이에 대한 공사감독과 준공
검사 등의 업무를 추진하였다.
2. 관계법령 및 판단기준
  「지방자치단체를 당사자로 하는 계약에 관한 법률」 제16조(감독) 및 제
17조(검사)에 따르면 계약담당자는 공사·물품·용역 등의 계약을 체결한 
경우에 그 계약을 적절하게 이행하도록 하기 위하여 필요하다고 인정하면 
계약서·설계서 및 그 밖의 관계 서류에 따라 감독하거나 소속 공무원 등에게 
그 사무를 위임하여 감독하게 하여야 하며, 계약상대자가 계약의 전부 또는 
일부의 이행을 끝내면 이를 확인하기 위하여 계약서·설계서 및 그 밖의 
일련번호 김제농생명마이스터고등학교-11
- 36 -
관계 서류에 따라 이를 검사하거나 소속 공무원 등에게 위임하여 검사하게 
하여야 한다고 되어 있으며, 「지방자치단체를 당사자로 하는 계약에 관한 
법률 시행령」 제64조(검사) 제5항에 따르면 검사를 함에 있어서 계약상대자의 
계약이행 내용의 전부 또는 일부가 계약에 위반되거나 부당함을 발견하였을 
때에는 지체없이 필요한 시정조치를 명하여야 한다고 되어 있다.
3. 감사결과 확인된 문제점
  그런데도 김제농생명마이스터고등학교는 2023. 7. 28. (유)￢￢와 계약한
(2023. 7. 28.)‘변전소 안전관리 전기공사(계약금액 6,337천원)’를 집행하면서, 
전문조사기관의 가격정보 등을 통해 ASS(고장구간 자동개폐기)의 가격을 확인하지 
않고 업체에서 제출한 가격으로 계상한 후 준공 시에도 계약금액을 정산하지 
않아 667,700원을 과다 지급하는 등 【표1】“공사원가계산 작성 부적정에 따른 
공사비 과다 지급 현황”과 같이 2023~2024 회계연도 총 2건에 대해 공사비 합계 
2,606,700원을 과다 지급한 사실이 있다.
【표1】 공사원가계산 작성 부적정에 따른 공사비 과다 지급 현황
                                                         (단위: 원) 
순 공사명 계약금액
(천원) 계약자 계약
일자
준공 
일자
과다 지급내역
실제
지급액
(A)
정당
지급액
(B)
과다
지급액
(C=A-B)
1 변전소 안전관리 
전기공사 6,337 (유)￢￢ 2023.
7.28.
2023.
7.28. 6,337,800 5,670,100 667,700
2
2024 농업계학교 
실습장지원 온실 
강의실 구축 공사
45,471 ㈜∠∠ 2025.
2.12.
2025.
2.27. 45,471,000 43,532,000 1,939,000
합 계 51,808,800 49,202,100 2,606,700
- 37 -
【표1-1】 공사원가계산 작성 부적정에 따른 과다 지급 세부 내역
▷공사명: 변전소 안전관리 전기공사                                      (단위: 원)
품명 및 규격 재료비 노무비 경비 비고
전기공사
ASS
(고장구간
자동개폐기)
실제 3,910,000 0 0
ASS 자재비
과다 계상
정당 3,303,000 0 0
과다 지급 607,000 0 0
부가가치세 60,700 0 0
총계 667,700 0 0
▷ 공사명: 2024 농업계학교 실습장지원 온실 강의실 구축 공사            (단위: 원)
품명 및 규격 재료비 노무비 경비 제잡비 합계 비고
신규온실
강의실
도장공사
(수성페인트)
실제 600,000 900,000 0 칼라각관파이프
→
도장공사 제외
정당 0 0 0
과다지급액 600,000 900,000 0 439,000 1,939,000
※ 칼라각관파이프의 불필요한 공정인 도장공사를 중복으로 계상하여 제외하여야 하나 
준공 시 정산(감액)하지 아니함.
                     구 분
 비 목
요율
(%)
실제 지급액
(A)
정당 지급액
(B)
과다 지급액
(C=A-B)
순
공
사
원
가
재
료
비
직접재료비 14,390,856 13,790,856 600,000
간접재료비
계 14,390,856 13,790,856 600,000
노
무
비
직접노무비 19,204,301 18,304,301 900,000
간접노무비 직접노무비×12.5%
계 19,204,301 18,304,301 900,000
경
비
기계경비 49,456 49,456
산재보험료 노무비×3.56% 683,673 651,633 32,040
고용보험료 노무비×1.01% 193,963 184,873 9,090
안전관리비 (재료비+직노)×2.93% 984,338 984,338
환경보전비 (재료비+직노+경비)×0.5% 176,710 176,710
기타경비 (재료비+노무비)×5.2% 1,746,948 1,668,948 78,000
폐기물처리비 552,000 552,000
계 4,387,088 4,267,958 119,130
계 재료비+노무비+경비 37,982,245 36,363,115 1,619,130
일 반 관 리 비 (재 료 비+노 무 비+경 비)×6.0% 2,278,934 2,181,786 97,148
이          윤 (노 무 비+경 비+일 반 관 리 비)× 4 .1 6 %1,076,623 1,030,164 46,459
공  급  가  액 계+일반관리비+이윤 41,337,802 39,575,065 1,762,737
부 가 가 치 세 공급가액×10.0% 4,133,780 3,957,506 176,274
합 계(계수정리) 공급가액+부가가치세 45,471,000 43,532,000 1,939,000
- 38 -
관계기관 의견
  김제농생명마이스터고등학교는 과다 지급한 공사비에 대해 회수 조치하겠으며 
학교 시설공사에 대한 업무 전문성이 부족하여 공사계약과 시공, 준공 등 
관련 업무 처리에 많은 어려움을 겪고 있으나, 앞으로는 지방계약 기본법령을 
숙지하여 이러한 일이 없도록 각별히 유념하겠다는 의견을 제시하였다.
조치할 사항 
김제농생명마이스터고등학교장은
① 앞으로 동일한 사례가 발생하지 않도록 시설공사 관리를 철저히 하여 주시고,
②〔시정〕 과다 지급된 공사비 2,606,700원을 관련업체로부터‘회수’하여 
학교회계에 세입 조치하시기 바랍니다.
③〔주의〕 관련자에게 ‘주의’ 조치하시기 바랍니다. [주의 2명]
∀∀고등학교장은
①〔주의〕 관련자에게 ‘주의’ 조치하시기 바랍니다. [주의 1명]
전북특별자치도uu교육지원청교육장은
①〔주의〕 관련자에게 ‘주의’ 조치하시기 바랍니다. [주의 1명]"
감사결과 보고서(덕치초).pdf,PDF,"1  덕치초등학교 종합감사결과 및 처분내용
 감사개요
❍ 감사기간: 2025. 7. 22. ~ 7. 24.(3일간)
❍ 감사인원: 총 4명
 감사결과 지적사항
1. 분야별 지적건수(총 0건)
학교명 유형별 학사․평가 인건비·복무예산·회계·기타 계약․시설 계
덕치초
지적사항 1 1 0 1 3
현지시정 0 0 3 1 4
합계 1 1 3 2 7
2. 지적사항 총괄 
학교명
신분상(명) 행정상(건)
재정상
조치징계 경고 주의 계 기관
주의 통보 시정 개선 계
덕치초 · · 3
(3건)
3
(3건) · · · · 0 0
 ※ ( )안은 신분상 조치 대상자에 대한 지적 건수 총 합계임.
3. 세부 지적내용 및 처분
4. 현지 조치사항
지적건명 지적내용 처분
【복무】
1. 복무 사용 
부적정
❍ 2022년도 1건(2시간), 2023년도 9건(18시간) 육아시
간을 사용하는 날 조퇴, 병조퇴, 지각을 사용함에 
따라 일(日) 최소근무시간 4시간을 충족하지 못하
였음에도 당일 사용한 육아시간을 연가로 미처리
【국 가 공 무 원  복 무·징 계   관 련  예 규】
❍ 주의(4명) 
【계약】
2. 시설공사 계약 
업무 부적정
❍ 출입구 및 계단공사 외 2건 준공계 미접수, 계약기간 
1개월 미만인 공사 노무비 구분관리제 적용 제외 확
인서 및 노무비 지급내역서 미징구
【지방자치단체 입찰 및 계약집행기준 및 
지방자치단체를 당사자로 하는 계약에 관한 법률 
시행령】
❍ 주의(1명) 
【교무학사】
3. 출결 상황 
관리 부적정
❍ 2023학년도 출결관리에서 교외체험학습에 따른 
신청서 및 보고서의 증빙서류가 없음에도 불구하고 
출석인정결석으로 처리
【초·중등교육법 제25조 및 학교생활기록 작성 및 
관리지침】
❍ 주의(1명) 
지적건명 지적내용 처분
【회계】
1. 업무추진비 
집행 소홀
❍ 교장 외 3명에게 업무추진비를 집행하면서 1인 1회 
3만원 이하로 집행해야 하나 초과된 금액으로 집행
【학교회계 예산편성 및 운영지침】
❍ 시정(회수)
   (38,800원)
지적건명 지적내용 처분
【시설】 
2. 하자보수 
관리업무 소홀
❍ 시설 공사에 대해 연 2회 이상 정기하자검사 및 하자
만료검사 미실시
【지방자치단체를 당사자로 하는 계약에 관한 법률 
시행령 제70조】
❍ 시정
  
  
 
 
【기타】  
3. 학 교 발 전 기 금  및 
학 교 운 영 위 원 회 
업 무  소 홀
❍ 2024.4.1.자 학교운영위원회 위원장이 교체되었으나 
사무인계·인수 미실시 및 학교운영위원회 활동사항 
보고서 미공개
【초·중등교육법 제33조, 같은법 시행령 제64조】
❍ 시정
【기타】  
4. 업무 인계·인수 
소홀
❍ 2024.1.1.자 회계관계 공무원이 교체되었으나 
업무관리시스템을 이용하여 사무인계·인수 
미실시
【행정업무의 운영 및 혁신에 관한 규정 제61조】
❍ 시정"
2025.5월감사결과공개(구림초중).hwp,HWP,
진안여중감사결과공개.hwp,HWP,"❍ 또한 2023학년도 세입세출예산(안)을 편성하면서 회계연도 개시 30일 전인 2023. 1. 29.까지 예산(안) 심의요청을 하지 않고 법정기일보다 4일 초과하여 2023. 2. 3. 학교운영위원회에 심의자료를 제출하였음.ౄԀ#\b#@*AKBMCN<XAx<౅ୀ⹼ԔԔёȈd済㖘ҰҰϼǠd済>㰨ҰҰϼǠd済X䊸ҰҰϼǠd済t䥈ҰҰϼǠd済ࡂƀ6耀ృ΀【초․중등교육법제30조의3(학교회계의운영)제2항】ౄƀ9TF౅ɀ勸ԔԔёĄd済ࡂƀ!耀7ృР【전북특별자치도 공립학교회계 규칙 제14조(예산안 심의)】ౄƀWUX౅ɀ夐ԔԔёĄd済ࡈ˰⍣⹰ȶě⍣䈀耈ँ⬀ȀĀ䌀‌䴁‧ﰀ壈⣇㄀蔀⦺ഀ䐀ᔀĀ᠀䔀䀌砀砀ꘀꐀ搀耀!؀䠀Ă Ā܀ĀĀ&준贀贀ᬀᬁ℁&ࡂƀ耀!耀ృ 【복무】ౄ౅ɀոոҦ◘ࡈ˰ 鍎ࣉěě""鍎䈀耈ā␀ĀĀ䐀而㐀䔀䀌砀砀ꘀ鰀㐀؀䠀ĂĀࠀĀĀ&ⴀ6贀贀㘀ᬂ␁&ࡂƀ耀%耀ృˠ3. 복무 신청 및 연가보상비 지급 소홀ౄĀ3D౅ۀԔԔёƈ◘ڜҰҰϼŨ◘಴ҰҰϼŨ◘ࡈ˰Ё濫㘭ȶě%濫䈀耈⼀ᄀऀ䌀‌䴞‧츀츥츥츥‥츀츥츥‥₴㌀蔀璺⃇㈀　㈀㈀縀㈀　㈀㌀䐀쒱킳⃅倀↭觇ᗕᗈ꓂峂⃑ﰀ㒭솻槀⣖瀀⃑⦴䐀⃇귂壌瓕Ჺ⃁退㲳峇₸⠀჌Წ₴ကӂ䒬⃇᠀ᗂ壈샕⃉䨀䓅ⳅ ㈀　㈀㈀䐀₱㌀蔀⢺㄀㜀ӂ€㔀　萀⦽Ⰰ ㈀　㈀㌀䐀₱㌀蔀⢺㄀　ӂ€㌀　萀⦽堀⃇Å견꧀糆ᣇ⣂ӂ⦬琀⃇ﰀ責⃁᠀Ƽᣆ좴Ⲭ ᤀ䂬瓇⃕Å솼䓀精₹쀀৉墮瓕Ჺ⃁Å솼䓀₾뀀ᗀト®糉⃇琀쓇⃖가꧀峆⃕Å€킴⃅岳⃕Å솼䓀精₹瀀ᗈ壈⃅谀ᣖ壂샕⃉䨀䓅⃅ᴀ⃍㌀蔀"
5.금성중감사결과공개.hwp,HWP,
종합감사 결과 공개 자료_최종.pdf,PDF,"전북특별자치도무주교육지원청
종합감사 결과 공개
2026. 8.
【 감사관 】
전북특별자치도무주교육지원청
종합감사 결과 공개
 감사결과의 공개는 국민의 알권리 충족과 기관 운영의 투명성을 강화하기 위한 
공익적 조치입니다. 따라서 감사결과 실명이 공개된 모든 기관이 비리에 연관되어 
있는 것은 아님을 알려드립니다. 
□ 감사 개요
○ 감사 기간: 2026. 3. 23.∼3. 27.(5일)
○ 감사 인원: 10명 
○ 감사 범위: 2023. 3. 27.~2026. 3. 22.
□ 감사 결과
 ○ 총괄
 
신분상(명) 행정상(건)
재정상
조치징계 경고 주의 계 기관
경고
기관
주의 시정 통보 계
· 6
(2건)
49
(14건)
55
(16건) 1 · 2 6 9 ž 회수(8건)  
  25,583,360원
 ※()안은신분상조치대상자에대한지적건수총합계로중복건수존재
 ○ 분야별 지적건수
 
유형별 인 사·복 무평 생 교 육계약 예산·회계
·인건비 시설 계
지적사항 5 2 1 4 3 15
  ❍ 지적사항(15건)
연번 분야별 지적건명 처분
1 인사·복무Ÿ 교육공무원 일반징계위원회 구성 부적정 ▪ 주의(2명)
▪ 시정
2 인사·복무Ÿ 지방공무원 근무성적평정 관리 부적정 ▪ 주의(2명)
3 인사·복무Ÿ 교육공무직원 수습 심사평가 부적정 ▪ 주의(2명)
4 인사·복무Ÿ 유연근무제 복무관리 부적정
▪ 경고(5명)
▪ 주의(6명)
▪ 통보
5 인사·복무Ÿ 공가 및 특별휴가
(학습휴가, 육아시간) 사용 부적정
▪ 주의(7명)
▪ 시정(회수) 367,250원
▪ 통보
6 평생교육Ÿ 위탁형 전문스포츠클럽 
민간위탁 업무 부적정
▪ 주의(5명)
▪ 통보
7 평생교육Ÿ 공익법인 지도·감독 부적정
▪ 주의(2명)
▪ 시정
▪ 통보
8 계약 Ÿ 계약업무 처리 부적정 ▪ 주의(4명)
9 예 산·회 계·
인건비 Ÿ 연가보상비 과다 지급 ▪ 주의(1명)
▪ 시정(회수) 421,270원
연번 분야별 지적건명 처분
10 예 산·회 계·
인건비 Ÿ 시간외근무수당 부정 수령
▪ 경고(1명)
▪ 주의(3명)
▪ 시정(회수) 916,500원
▪ 통보
11 예 산·회 계·
인건비
Ÿ 세출예산 집행 과목 및 
업무추진비 집행 부적정
▪ 기관경고
▪ 시정(회수) 200,000원
▪ 통보
12 예 산·회 계·
인건비 Ÿ 출장여비 지급 부적정 ▪ 주의(7명)
▪ 시정(회수) 556,620원
13 시설 Ÿ 시설공사 준공검사 부적정 ▪ 주의(4명)
▪ 시정(회수) 11,880,220원
14 시설 Ÿ 시설공사 업무처리 부적정 ▪ 주의(2명)
▪ 시정(회수) 9,037,500원
15 시설 Ÿ 시설공사 설계변경 부적정 ▪ 주의(2명)
▪ 시정(회수) 2,204,000원
- 5 -
일련번호 전북특별자치도무주교육지원청-1
전북특별자치도교육청
시정·주의요구
제        목     교육공무원 일반징계위원회 구성 부적정
소 관  기 관 전북특별자치도무주교육지원청
조 치  기 관 전북특별자치도무주교육지원청
내        용
1. 업무 개요
    전북특별자치도무주교육지원청은 ｢교육공무원 징계령｣에 따라 교육지원청 
소속 교사에 대한 경징계 또는 경징계 관련 징계부가금 부과 사건에 대한 심의·의결 
업무를 처리하고 있다.  
2. 관계법령 및 판단기준
    ｢교육공무원 징계령｣ 제3조(설치) 제2항에 따르면 일반징계위원회는 교육
행정기관 및 시·군·구 교육행정기관에 둔다고 되어 있고, 제4조(구성) 제1항에 
따르면 위원장 1명을 포함하여 9명 이상 15명 이내의 위원으로 구성한다고 되어 
있으며, 제5항과 제6항에 따르면 일반징계위원회의 위원장은 그 설치기관의 장의 
차순위자가 되고, 위원은 그 설치기관의 소속 공무원 중 장학관·교육연구관·
- 6 -
조교수 이상의 교육공무원 및 5급 이상의 일반직공무원과 다음 각 호의 사람1) 
중에서 그 설치기관의 장이 임명 또는 위촉한다고 되어 있으며 같은법 제4조의 
제4항에 따르면 특정 성별의 위원이 위원장을 포함한 위원 수의 10분의 6을 
초과하지 않도록 되어 있다.
    또한 같은 법 제4조의2(위원의 임기 등)에 따르면 위원의 임기는 3년으로 
하며 한 차례만 연임할 수 있으며, 시·군·구 교육행정기관에 두는 일반징계
위원회의 경우에는 제5항 제1호의 사람2)을 2명 이상 포함하되 그 중 1명 이상은 
학부모 위원으로 구성하도록 되어 있다.
3. 감사결과 확인된 문제점
    그런데도 전북특별자치도무주교육지원청은 202*. *. *. 교육지원과장 인사발령
(전출)으로 교육공무원 일반징계위원회 위원장이 변동되었음에도 6개월간 위원장 
변동 사항을 반영하지 않고 종합감사 시작일인 2026. 3. 23.에서야 변경·구성하였으며, 
외부위원 자격요건을 충족하지 못한 A3)을 위원으로 위촉하였고, 한 차례 연임으로 
재연임이 불가능한 외부위원 3명(B, C, D)을 위원으로 재위촉한 사실이 있다.
    또한 위원장을 포함한 남성 위원이 전체 위원 수의 10분의 6을 초과하여 구성하는 등 
[표]와 같이 교육공무원 일반징계위원회 구성 업무를 부적정하게 처리한 사실이 있다.
 ※위기간중징계위원회운영은하지않음
1) 1. 학교운영위원회 위원으로서 교원위원이 아닌 사람 
   2. 법관, 검사 또는 변호사로 5년 이상 근무한 경력이 있는 사람
   3. 대학에서 법률학·행정학·교육학을 담당하는 조교수 이상으로 재직 중인 사람
   4. 공무원으로 20년 이상 근속하고 퇴직한 사람
   5. 그 밖에 교육이나 교육행정에 대한 전문지식과 경험이 풍부하다고 인정되는 사람
2) 학교운영위원회 위원으로서 교원위원이 아닌 사람 
3) 20**년 *월 자녀의 중학교 졸업으로 학교운영위원회 학부모위원 임기 종료
- 7 -
[표] 교육공무원 일반징계위원회 구성 부적정 현황 (20**. *. *.)
<생 략>
자료: 전북특별자치도무주교육지원청 제출자료 재구성
    그 결과 교육공무원 일반징계위원회 구성의 적법성과 신뢰성이 저하되고, 징계 
의결을 위한 최소한의 요건이 갖추어지지 않아 징계 처분의 절차적 하자가 발생할 
위험을 초래하였다. 
관계기관 의견     전북특별자치도무주교육지원청은 감사 결과를 수용하면서 앞으로 
관련 법령을 준수하여 교육공무원 일반징계위원회 구성 업무를 철저히 수행하겠다는 
의견을 제시하였다. 
조치할 사항     전북특별자치도무주교육지원청교육장은 
① 앞으로 관련 법령과 규정 등에 따라 교육공무원 일반징계위원회 구성 
업무를 철저히 하고
② 교육공무원 일반징계위원회를 관련 법령 및 규정을 준수하여 즉시 구성하시기 
바랍니다.(시정)
③ 관련자에게 주의를 촉구하시기 바랍니다.(주의 2명) 
- 8 -
일련번호 전북특별자치도무주교육지원청-2
전북특별자치도교육청
주  의  요  구
제        목     지방공무원 근무성적평정 관리 부적정
소 관  기 관 전북특별자치도무주교육지원청
조 치  기 관 ① 전북특별자치도무주교육지원청 ② 전북특별자치도○○교육지원청
 ③ 전북특별자치도○○교육지원청 
내        용
1. 업무 개요
    전북특별자치도무주교육지원청(구, 전라북도무주교육지원청)은 ｢지방공무원 
임용령｣, ｢교육감 소속 지방공무원 평정규칙｣ 및 전북특별자치도교육청(구, 
전라북도교육청) “전북특별자치도교육감(구, 전라북도교육감) 소속 지방공무원 
근무성적평정 업무 처리 지침”에 따라 지방공무원 근무성적평정 업무를 처리
하고 있다.
2. 관계법령 및 판단기준
    ｢지방공무원 임용령｣제31조의2(근무성적평정)에 따르면 5급 이하 공무원에 
대한 근무성적평정은 평정대상기간의 근무실적 및 직무수행능력을 구분하여 
평가하도록 되어 있고, 
- 9 -
    ｢교육감 소속 지방공무원 평정규칙｣제5조(근무성적의 평정자 및 확인자)에 
따르면 근무성적평정은 임용권자가 정하는 평정단위별로 근무성적 평정자 및 
근무성적 평정확인자가 실시하며, 
    제8조(5급 이하 공무원 등의 근무성적평정)에 따르면 평정자는 공무원 
성과계획서와 근무성적평정서에 기록된 내용과 평정대상 기간 중 평정대상 
공무원의 업무수행에 대한 관찰 결과 등을 참고하여 근무실적ㆍ직무수행
능력을 평정해야 하며, 필요한 경우 직무수행태도를 함께 평정할 수 있다고 
되어 있고,
    근무실적은 성과목표의 추진실적 또는 목표달성도의 평정점을 고려하여 
평정하고, 직무수행태도를 평가하려는 경우에는 직무수행능력에 포함하여 평정
하되, 임용권자는 평정대상 기간이 시작되기 전에 감점의 사유와 기준 등을 
정하고 평정대상 공무원에게 공개한 후 평정대상 기간 중 감점 사유에 해당하는 
사실이 있으면 해당 기준에 따라 만점에서 감점하여 평정한다고 되어 있다.
    또한 전북특별자치도교육청(구, 전라북도교육청) “전북특별자치도교육감
(구, 전라북도교육감) 소속 지방공무원 근무성적평정 업무 처리 지침(20**. *월)1)”에  
따르면 ‘직무수행능력’ 펑정 시 평정자는 평정대상공무원이 해당 평정대상
기간 중 감점사유에 해당하는 사실이 있는 경우 감점기준에 따라 평정자가 
직무수행태도 점수 만점에서 감하여(경고 건당 2.0 감점) 평정한다고 되어 있다.
    아울러 교육지원청 소속 6급이하 일반직공무원의 근무성적평정 확인자는 
교육장으로 하며, 평정등급(점수) 결정 및 평정자 의견 작성 시 평정자는 평정 
실시 이전에 평정의 방향에 대해 확인자와 협의한 후 평정을 실시한다고 되어 있다.
1) 20**년 *월말 5급 이하 지방공무원 근무성적 평정자료 제출(총무과-****, 20**. *. *.)
- 10 -
3. 감사결과 확인된 문제점
    그런데도 전북특별자치도무주교육지원청(구, 전라북도무주교육지원청)은 20**. *. *. 
‘5급 이하 지방공무원 근무성적평정’시 지방○○○○ E가 20**. *. *.‘경고’ 
처분을 받았음에도 직무수행태도에서 감점(2.0점) 없이 만점(10점)을 부여하는 등 
[표 1]과 같이 경고 처분을 받은 총 2명의 근무성적평정을 하면서 감점(2.0점)을 
각각 반영하지 않은 사실이 있다.
[표 1] 근무성적평정 감점 반영 부적정 현황(20**년)
<생 략>
※ 근무성적평정 순위 변동 없음
자료: 전북특별자치도무주교육지원청 제출자료 재구성
    또한 전북특별자치도무주교육지원청(구, 전라북도무주교육지원청)은 20**. *. *. 
근무성적평정을 실시하면서 교육지원청군 평정단위 근무성적평정인원 40명의 
근무실적 평정과 직무수행능력 평정을 위한 근무성적평정서에 교육장(확인자) 
확인(서명 날인)을 실시하지 않은 사실이 있다,
※ 근무성적평정서 확인자 확인 현황(20**년 *월)
<생 략>
자료: 전북특별자치도무주교육지원청 제출자료 재구성
    그 결과 근무성적평정의 공정성과 객관성이 저하되어 평정 결과에 대한 
신뢰성이 훼손되었다.
- 11 -
관계기관 의견     전북특별자치도무주교육지원청은 감사 결과를 받아들이면서 
앞으로 관련 법령을 준수하여 근무성적평정 업무를 철저히 수행하겠다는 의견을 
제시하였다.
조치할 사항     
전북특별자치도무주교육지원청교육장은 앞으로 관련 법령과 규정 등에 따라 지방
공무원 근무성적평정 업무를 철저히 하시기 바랍니다.
전북특별자치도○○교육지원청교육장은 관련자에게 주의를 촉구하시기 바랍니다.(주의 1명)
전북특별자치도○○교육지원청교육장은 관련자에게 주의를 촉구하시기 바랍니다.(주의 1명)
- 12 -
일련번호 전북특별자치도무주교육지원청-3
전북특별자치도교육청
주  의  요  구
제        목     교육공무직원 수습 심사평가 부적정
소 관  기 관 전북특별자치도무주교육지원청
조 치  기 관 전북특별자치도무주교육지원청
내        용
1. 업무 개요
    전북특별자치도무주교육지원청은 “전북특별자치도교육감 소속 교육공무직원 
관리규정” 및 관련 지침 등에 따라 교육공무직(교육장 관리 대상 노동자) 채용 
업무를 처리하고 있다.
2. 관계법령 및 판단기준
    전북특별자치도교육청의“교육공무직원 종합운영 계획”에 따르면 노동자 신규 
채용 시 발령일로부터 3개월 이내의 수습기간을 운영하고 교육장 관리 대상 노동자는 
채용기관(교육지원청)에서 수습기간 만료 15일 전까지 운영기관(학교 등)의 심사평가 
결과를 제출받아 수습기간 만료 전까지 결과를 반영하여 운영기관에 수습기간 해제 
또는 노동계약 해지를 서면으로 반드시 문서통보 하도록 되어 있다.
- 13 -
3. 감사결과 확인된 문제점 
    그런데도 전북특별자치도무주교육지원청은 20**. *. *.자 신규 채용된 ◎◎◎◎ F의 
수습 심사평가 결과가 20**. *. *. ○○초등학교로부터 제출되었음에도 수습기간
(20**. *. *. ~ *. *.) 만료일 15일 전인 20**. *. *.까지 수습기간 해제 통보를 하지 
않고, 131일 지연된 20**. *. *. 종합감사 기간 중 실시하는 등 [표]와 같이 
20**~20**년 교육공무직원 총 4명에 대하여 수습기간 만료 전 수습 심사평가 
절차를 부적정하게 처리한 사실이 있다.
[표] 교육공무직원 수습 심사평가 부적정 내역 (20**~20**년도)
<생 략>
자료: 전북특별자치도무주교육지원청 제출자료 재구성 
    그 결과 교육공무직 채용절차의 공정성과 신뢰성이 저하되었다. 
관계기관 의견     전북특별자치도무주교육지원청은 감사 결과를 받아들이면서 
앞으로 관련 법령을 준수하여 교육공무직 수습 평가 운영 업무를 철저히 수행하겠다는 
의견을 제시하였다.
- 14 -
조치할 사항     전북특별자치도무주교육지원청교육장은 
① 앞으로 관련 법령과 규정 등에 따라 교육공무직원 수습 심사평가 업무를 철저히 하고
② 관련자에게 주의를 촉구하시기 바랍니다.(주의 2명)
- 15 -
일련번호 전북특별자치도무주교육지원청-4
전북특별자치도교육청
경고·주의요구 및 통보
제        목     유연근무제 복무 관리 부적정
소 관  기 관 전북특별자치도무주교육지원청
조 치  기 관 전북특별자치도무주교육지원청 등 [별표 1] 기재 5개 기관
내        용
1. 업무 개요
    전북특별자치도무주교육지원청 (구, 전라북도무주교육지원청 )은 ｢지방
공무원  복무규정｣ 및 ｢지방공무원 복무에 관한 예규｣에 따라 유연근무제를 
운영하고 있다.
2. 관계법령 및 판단기준
    ｢지방공무원 복무규정｣제2조(근무시간 등) 제1항 및 제2항에 따르면 공무원의 
1주간 근무시간은 점심시간을 제외하고 40시간으로 하며 토요일은 휴무함을 
원칙으로 하고, 1일 근무시간은 9시부터 18시까지로 하며 점심시간은 12시부터 
13시까지로 한다고 되어 있으며,
- 16 -
    제3조(근무시간 등의 변경) 제1항에 따르면 공무원은 소속 기관의 장에게 
통상의 근무시간·근무일을 변경하는 근무를 신청할 수 있다고 되어 있다. 
    또한 ｢지방공무원 복무에 관한 예규｣ Ⅴ. 유연근무제, 4. 공통사항, 마. 출·퇴근 
관리 및 유연근무 제한에 따르면 모든 유연근무자는 ｢지방공무원 복무규정｣ 제2조 
제2항에 정해진 출근시간(오전9시) 또는 퇴근시간(오후6시)을 변경한 경우 복무관리
시스템 등을 통해 출·퇴근 지정을 하여야 하고, 부서장 등 관리자는 복무관리
시스템에 소속 공무원의 출·퇴근 지정 현황을 지속적으로 모니터링하여 출·퇴근 
미지정에 따른 복무관리에 유의해야 한다고 되어 있고, 유연근무일에 출장, 
반일연가, 지각, 조퇴 등을 사용하더라도 출퇴근 지정을 하여야 한다고 되어 있다.
    아울러 같은 예규 Ⅴ. 유연근무제, 6. 근무기강의 확립, 가. 유연근무제 
운영실태 확인·점검에 따르면 (1) 지방자치단체의 장은 유연근무제의 실시로 
인해 공무원 복무기강이 해이해지지 않도록 복무관리를 철저히 하고, 소속 
공무원에 대한 유연근무제 운영실태를 주기적으로 확인·점검, 관계기관과의 
협조체제 유지 및 대민 서비스 제공에 차질이 없도록 노력해야 하고, (2) 해당 
기관(부서)은 매 반기별로 유연근무제 실시현황에 대한 실태조사1)를 하여 
그 결과를 기관장에게 보고하도록 되어 있다.
3. 감사결과 확인된 문제점
    그런데도 전북특별자치도무주교육지원청 (구, 전라북도무주교육지원청 ) 
○○지원과 지방○○○○ G는 20**. *. *.~20**. *. *. 유연근무를 매주 화~금요일은 
08:00~17:00로 NEIS(복무)를 통해 신청·승인 받고서도 20**. *. *. 복무관리시스템을  
1) 실태조사 사항: 실시 가능인원, 유형별 실시인원, 활용사유 등
- 17 -
통한 출·퇴근 등록을 하지 않는 등 [표 1] 및 [별표2] “유연근무제 복무관리 
부적정 세부 현황”과 같이 20**. ~ 20**. *. *. 총 6명이 유연근무를 신청하고도 
복무관리시스템 등을 통해 출·퇴근 등록을 이행하지 않은 사실이 있다.
[표 1] 유연근무제 복무관리 부적정 현황(20**~20**.*.*.)
(단위: 회)
<생 략>
 
주) 유연근무제 복무관리 부적정 세부 현황은 [별표 2] 참고
자료: 전북특별자치도무주교육지원청 제출자료 재구성
    또한 전북특별자치도무주교육지원청(구, 전라북도무주교육지원청)은 20**년 
상반기 소속 공무원에 대한 유연근무제 운영 실태(실시 가능 인원, 유형별 실시 
인원, 활용 사유 등)를 확인·점검하지 않는 등 [표 2]와 같이 20**년부터 20**년 
*월까지 매 반기별 주기적으로 실시하여야 할 기관 단위 자체 실태조사를 
실시하지 않은 사실이 있다.
[표 2] 유연근무제 운영실태 점검 부적정 현황(20**~20**. *월)
<생 략>
자료: 전북특별자치도무주교육지원청 제출자료 재구성
    그 결과 유연근무제 운영의 적정성과 투명성이 저하되어 복무 관리의 
신뢰성이 훼손되었다 .
관계기관 의견     전북특별자치도무주교육지원청은 감사 결과를 받아들이면서 
앞으로 관련 법령을 준수하여 유연근무제 복무 관리를 철저히 수행하겠다는 
의견을 제시하였다.
- 18 -
조치할 사항     
전북특별자치도무주교육지원청교육장은 
① 앞으로 관련 법령과 규정 등에 따라 유연근무제 복무 관리 업무를 철저히 하고
② 관련자에게 경고를 촉구하시기 바랍니다.(경고 4명)
③ 관련자에게 주의를 촉구하시기 바랍니다.(주의 3명)
④ 소속 직원 대상 복무관리 교육(유연근무제 포함)을 실시하고, 복무관리의 지도·
감독을 철저히 하여 주시기 바랍니다.(통보)
○○고등학교장은 관련자에게 경고를 촉구하시기 바랍니다.(경고 1명)
전북특별자치도○○교육지원청교육장은 관련자에게 주의를 촉구하시기 바랍니다.(주의 1명)
전북특별자치도○○교육지원청교육장은 관련자에게 주의를 촉구하시기 바랍니다.(주의 1명)
○○고등학교장은 관련자에게 주의를 촉구하시기 바랍니다.(주의 1명)
- 19 -
[별표 1] 조치기관
연번 조치기관명 관련자 조치 내용
1 전북특별자치도무주교육지원청 경고, 주의, 통보
2 전북특별자치도○○교육지원청 주의
3 전북특별자치도○○교육지원청 주의
4 ○○고등학교 주의
5 ○○고등학교 경고
- 20 -
[별표 2] 유연근무제 복무관리 부적정 세부 현황(20**~20**. *. *.)
<생 략>
자료: 전북특별자치도무주교육지원청 제출자료 재구성
- 21 -
일련번호 전북특별자치도무주교육지원청-5
전북특별자치도교육청
시정·주의요구 및 통보
제        목     공가 및 특별휴가(학습휴가, 육아시간) 사용 부적정
소 관  기 관 전북특별자치도무주교육지원청
조 치  기 관 전북특별자치도무주교육지원청 등 [별표] 기재 5개 기관
내        용
1. 업무 개요
    전북특별자치도무주교육지원청(구, 전라북도무주교육지원청)은 ｢지방공무원 
복무규정｣, ｢국가공무원 복무·징계관련 예규｣ 및 ｢지방공무원 복무에 관한 예규｣, 
“전북특별자치도교육감 소속 교육공무직원 관리규정”등에 따라 소속 직원의 복무를 
관리·감독하고 있다.
2. 공가 사용 부적정
  가. 관계법령 및 판단기준
    ｢지방공무원 복무에 관한 예규｣ Ⅷ. 휴가, 2. 휴가의 개념, 나. 휴가의 종류에 
따르면 공가는 공무원이 일반 국민의 자격으로 국가기관의 업무수행에 협조하거나 
법령상 의무의 이행이 필요한 경우에 부여받는 휴가이며,
- 22 -
    ｢지방공무원 복무규정｣ 제7조의6(공가) 및 ｢국민건강보험법｣ 제52조에 따르면 
국민건강보험공단은 가입자와 피부양자에 대하여 질병의 조기 발견과 그에 따른 요양
급여를 하기 위해 일반건강검진과 암검진을 실시하고 있으며, 지방자치단체의 장은 
소속 공무원이 국민건강보험공단에서 실시하는 일반건강검진과 암검진을 받을 때 공가를 
허가하도록 되어 있다.
  나. 감사결과 확인된 문제점
   그런데도 전북특별자치도무주교육지원청(구, 전라북도무주교육지원청) ○○지원과 
지방○○○○ H는 20**. *. *.(금) 건강검진을 사유로 공가를 허가받고서도 허가일에 
건강검진을 받지 않고 20**. *. *.(월)에 건강검진을 받은 사실이 있다.
 ※ 건강검진 공가 사용 부적정 현황(20**년도)
<생 략>
실제 검진일 복무처리: 연가사용
자료: 전북특별자치도무주교육지원청 제출자료 재구성
3. 학습휴가 사용 부적정
  가. 관계법령 및 판단기준
  ｢전북특별자치도교육감 소속 지방공무원 복무 조례｣ 제23조(특별휴가 )에 따르면 
공무원은 근무에 지장을 주지 않는 범위에서 연간 7일1) 이내에 학습휴가를 받을 수 
있다고 되어 있고, “지방공무원 ｢장기재직휴가｣ 및 ｢학습휴가｣운영 지침 개정 
안내(총무과-6695, 2018. 5. 4.)”에 따르면 학습휴가 1회 사용 가능 일수는 3일을 
1) 전북특별자치도교육감 소속 지방공무원 복무 조례 개정(2024. 3. 29.)으로 학습휴가 5일에서 7일로 변경
- 23 -
초과할 수 없다고 되어 있다.
    또한 “전북특별자치도교육감 소속 교육공무직원 관리규정”제50조의2(특별휴가) 
제5항에 따르면 기관에 근무하는 교육공무직원의 학습휴가는 연 5일 이내에서 
실시할 수 있다고 되어 있다.
  나. 감사결과 확인된 문제점
    그런데도 전북특별자치도무주교육지원청(구, 전라북도무주교육지원청) ○○지원과 
지방○○○○ I는 20**년도 학습휴가를 사용하면서 연간 사용 가능일수(연 7일) 보다 
1일을 초과하여 총 8일을 사용하는 등 [표 1]과 같이 20**년도 총 2명이 학습휴가를 
연간 사용 가능일수보다 1일 초과하여 사용하였고, 
    전북특별자치도무주교육지원청은 초과 사용한 학습휴가 1일을 연가(연차) 
잔여일수에서 공제하지 않아 [표 1-1]과 같이 20**년도 총 2명에게 연가보상비
(연차수당) 합계 161,860원을 과다 지급한 사실이 있다.
[표 1] 학습휴가 연간 사용 기준일 부적정 사용 현황 (20**년도)
(단위: 원)
<생 략>
자료: 전북특별자치도무주교육지원청 제출자료 재구성
[표 1-1] 연가보상비(연차수당) 과다 지급 현황(20**년도)
(단위: 원)
<생 략>
자료: 전북특별자치도무주교육지원청 제출자료 재구성
- 24 -
    또한 지방○○○○ J는 20**. *. *.~*. *. 학습휴가를 사용하면서 1회 사용 가능 
일수(3일)보다 1일을 초과하여 4일을 사용하는 등 [표 2]와 같이 20**년도 총 2명이 
학습휴가 1회 사용 가능 일수(3일)를 초과하여 사용한 사실이 있다.
[표 2] 학습휴가 1회 사용 가능일 부적정 사용 현황(20**년도)
<생 략>
주) 20**년도 학습휴가 사용일이 연간 사용 가능 일수 7일을 초과하지 않음
자료: 전북특별자치도무주교육지원청 제출자료 재구성
4. 육아시간 사용 부적정
  가. 관계법령 및 판단기준
    ｢지방공무원 복무규정｣ 제7조의7(특별휴가) 제8항에 따르면 5세 이하1)의 
자녀를 가진 공무원은 24개월의 범위에서 자녀돌봄, 육아 등을 위한 1일 최대 2시간의 
육아시간을 사용할 수 있고, 
    ｢지방공무원 복무에 관한 예규｣Ⅷ. 휴가, 라. 특별휴가, (5) 육아시간에 
따르면 부서장은 부서의 인력운영 상황, 민원업무 처리 등 공무수행에 지장이 
없는 범위에서 육아시간을 사용할 수 있도록 보장하여야 하며 육아시간 사용 시 
일(日) 최소 근무시간은 4시간 이상이 되어야 하고, 최소 근무시간을 충족하지 못한 
육아시간 사용은 연가로 처리한다고 되어 있다.
1) 지방공무원 복무 규정 개정(2024. 7. 2.) ⑧ 8세 이하 또는 초등학교 2학년 이하의 자녀를 가진 공무원은 36개월의 범위에
서 자녀돌봄, 육아 등을 위한 1일 최대 2시간의 육아시간을 사용할 수 있다.
- 25 -
  나. 감사결과 확인된 문제점
    그런데도, 전북특별자치도무주교육지원청(구, 전라북도무주교육지원청) ○○지원과 
○○○○ K는 20**. *. *. 13:00~16:00(3시간) 조퇴 후 같은 날 16:00~18:00(2시간)의 육아
시간을 사용하여 일(日) 최소 근무시간(4시간)을 충족하지 못하는 등 [표 3]과 같이 
20**~20**년도 총 2명이 육아시간 사용에 필요한 일(日) 최소 근무시간(4시간)을 
충족하지 못하였고,
    전북특별자치도무주교육지원청(구, 전라북도무주교육지원청)은 부적정하게 사용된 
육아시간을 연가일수에서 공제하지 않아 [표 3-1]과 같이 20**~20**년도 총 2명에게 
연가보상비 합계 205,390원을 과다 지급한 사실이 있다.
[표 3] 육아시간 사용 부적정 현황(20**~20**년도)
<생 략>
자료: 전북특별자치도무주교육지원청 제출자료 재구성
[표 3-1] 연가보상비 과다 지급 현황(20**~20**년도)
 (단위: 원)
<생 략>
자료: 전북특별자치도무주교육지원청 제출자료 재구성
    그 결과 소속 직원의 복무관리를 소홀히 하여 예산의 낭비를 초래하였다.
- 26 -
관계기관 의견     전북특별자치도무주교육지원청은 감사 결과를 받아들이면서 
앞으로 관련 법령을 준수하여 복무관리를 철저히 수행하겠다는 의견을 제시하였다.
조치할 사항     
전북특별자치도무주교육지원청교육장은 
① 앞으로 관련 법령과 규정 등에 따라 특별휴가 복무 관리 업무를 철저히 하고
② 과다 지급된 연가보상비 367,250원을 관련자로부터‘회수’하여 교육비특별회계에 
세입 조치하시기 바라며.(시정)
③ 관련자에게 주의를 촉구하시기 바랍니다.(주의 3명)
④ 소속 직원 대상 복무관리 교육을 실시하고, 복무관리의 지도·감독을 철저히 하여 
주시기 바랍니다.(통보)
전북특별자치도○○교육지원청교육장은 관련자에게 주의를 촉구하시기 바랍니다.(주의 1명)
전북특별자치도○○교육지원청교육장은 관련자에게 주의를 촉구하시기 바랍니다.(주의 1명)
전북특별자치도○○교육지원청교육장은 관련자에게 주의를 촉구하시기 바랍니다.(주의 1명)
○○고등학교장은 관련자에게 주의를 촉구하시기 바랍니다.(주의 1명)
[별표] 
조치기관
연번 조치기관명 관련자 조치 내용
1 전북특별자치도무주교육지원청 주의, 시정, 통보
2 전북특별자치도○○교육지원청 주의
3 전북특별자치도○○교육지원청 주의
4 전북특별자치도○○교육지원청 주의
5 ○○고 주의
- 27 -
일련번호 전북특별자치도무주교육지원청-6
전북특별자치도교육청
주의요구 및 통보
제        목     위탁형 전문스포츠클럽 민간위탁 업무 부적정
소 관  기 관 전북특별자치도무주교육지원청
조 치  기 관 전북특별자치도무주교육지원청 등 [별표] 기재 4개 기관
내        용
1. 업무 개요
    전북특별자치도무주교육지원청 (구, 전라북도무주교육지원청 )은 ｢전북특별
자치도교육감 사무의 민간위탁 조례｣, “전북특별자치도교육청 위탁형 전문스포츠
클럽 운영을 위한 민간위탁 추진계획”에 따라 민간위탁 사무에 대한 지도·감독 
업무를 처리하고 있다. 
2. 관계법령 및 판단기준
    ｢전북특별자치도교육감 사무의 민간위탁 조례｣ 제11조(사무편람)에 따르면 
교육감의 사무를 위탁받은 수탁기관은 수탁사무의 종류별로 처리부서, 처리기간, 
처리절차, 처리기준, 구비서류, 서식과 사용료 및 입장료 등을 구분하여 구체적으로 
밝힌 사무편람을 작성하여 위탁기관의 승인을 받아야 하며, 같은 조례 제14조
- 28 -
(운영성과평가)에 따르면 교육감1)은 민간위탁사업의 성과를 측정하기 위하여 
매년 사업별 운영성과 평가를 실시하여야 한다고 되어 있고,
    ｢전북특별자치도교육청 스포츠클럽 지원 등에 관한 조례｣ 제11조(지도·
감독 등)에 따르면 교육감은 필요한 경우 예산을 지원받은 전문스포츠클럽에 
대하여 관계공무원으로 하여금 지도·감독 등을 실시하도록 되어 있다.
    또한 ｢지방자치단체 교육비특별회계 세출예산 집행기준｣ ‘제2부 사업별 기준, 
2. 민간위탁사업비,  기본지침’에 따르면 위탁기관은 위탁업무의 원활한 이행을 
위해 성과지표 설정 등 수탁기관의 준수사항을 명확히 하고, 위반 시 제재기준을 
구체화하여야 한다고 되어 있으며, 계약기간 종료 이전에 고객만족도 조사 등을 
통해 수탁기관의 실적을 평가하여야 하고, 성과평가 결과는 위탁기관에서 분석
하여 향후 계약 시 활용하여야 한다고 되어 있다.
    아울러 “전북특별자치도교육청 위탁형 전문스포츠클럽 운영을 위한 민간위탁 
추진계획”,‘Ⅴ. 세부 추진계획, Ⅵ. 세부추진 일정’에 따르면 수탁기관은 
사무편람을 작성하여 교육지원 청 승인 후 비치하여야 하며, 실내외 활동 안전
관리, 안전교육 실시, 학생 안전 관련 보험 의무가입, 시설 안전점검 등이 포함된 
학생안전관리계획을 수립·운영하여 학생안전 확보를 하도록 되어 있고, 위탁
기관은 사업방향, 프로그램 운영, 안전관리, 예산 집행 적정성 등에 대해 집행점검
(중간 점검)하고 매년 별도의 성과평가(감사)계획을 수립하여 사업실적 및 사업비 
사용 적정성 평가를 하도록 되어 있다.
1) ｢전북특별자치도교육감 행정권한위임에 관한 조례 시행규칙｣ 제2조(교육장에게 위임하는 사항) 제21호에 따라 소관 
사무의 민간위탁 운영에 관한 사항은 교육장에게 위임
- 29 -
3. 감사결과 확인된 문제점
    그런데도 전북특별자치도무주교육지원청(구, 전라북도무주교육지원청)은 20**. *. *. 
20**년 ○○○○(사업비 240,000천 원) 종목의 수탁기관인 (사)○○○○스포츠클럽
으로부터 사무편람을 제출받고서도 아무런 이유없이 승인 절차를 이행하지 않았고 
민간위탁사업의 성과평가도 실시하지 않는 등 [표]와 같이 20**~20**년 2개 위탁형 
전문스포츠클럽에 대해 총 14건(사무편람 승인절차 미이행 8건, 집행점검 미실시 
2건, 성과평가 미실시 4건)의 민간위탁 사무 관리·감독 업무를 부적정하게 
처리한 사실이 있다.
[표] 위탁형 전문스포츠클럽 민간위탁 업무 부적정 현황(20**~20**년)
(단위: 천 원)
<생 략>
자료: 전북특별자치도무주교육지원청 제출자료 재구성
    그 결과 민간위탁 업무 운영의 적정성과 사업성과 관리에 대한 신뢰성이 저하되었다.
관계기관 의견     전북특별자치도무주교육지원청은 감사 결과를 받아들이면서 
앞으로 관련 법령을 준수하여 민간위탁 사무 관리·감독을 철저히 수행하겠다는 
의견을 제시하였다. 
- 30 -
조치할 사항     
전북특별자치도무주교육지원청교육장은
① 앞으로 관련 법령과 규정 등에 따라 위탁형 전문스포츠클럽 민간위탁 업무를 철저히 하고
② 관련자에게 주의를 촉구하시기 바랍니다.(주의 2명)
③ 20**년 2개의 수탁기관이 제출한 사무편람에 대해 승인 처리 절차를 이행 하시기 
바랍니다.(통보)
전북특별자치도○○교육지원청교육장은 관련자에게 주의를 촉구하시기 바랍니다.(주의 1명)
전북특별자치도○○교육지원청교육장은 관련자에게 주의를 촉구하시기 바랍니다.(주의 1명)
○○고등학교장은 관련자에게 주의를 촉구하시기 바랍니다.(주의 1명) 
[별표]
조치기관
연번 조치기관명 관련자 조치 내용
1 전북특별자치도무주교육지원청 주의, 통보
2 전북특별자치도○○교육지원청 주의
3 전북특별자치도○○교육지원청 주의
4 ○○고등학교 주의
- 31 -
일련번호 전북특별자치도무주교육지원청-7
전북특별자치도교육청
시정·주의요구 및 통보
제        목     공익법인 지도·감독 부적정
소 관  기 관 전북특별자치도무주교육지원청
조 치  기 관 ① 전북특별자치도무주교육지원청 ② ○○고등학교
내        용
1. 업무 개요
    전북특별자치도무주교육지원청(구, 전라북도무주교육지원청)은 ｢공익법인의 
설립·운영에 관한 법률｣, “전북특별자치도교육청 공익법인 업무편람”에 따라 
공익법인의 회계관리 업무를 처리하고 있다. 
2. 관계법령 및 판단기준
    ｢공익법인의 설립·운영에 관한 법률｣ 제12조(예산 및 결산 등) 제2항에 따르면 
공익법인은 주무관청에 대하여 대통령령으로 정하는 바에 따라 매 회계연도가 
시작되기 전에 다음 해에 실시할 사업계획 및 예산을 제출하고 매 회계연도가 
끝난 후에 사업실적과 결산을 보고하여야 한다고 되어 있다.
- 32 -
    또한 같은 법 시행령 제19조(사업계획등의 제출)와“전북특별자치도교육청 
공익법인 업무편람”,‘Ⅲ. 법인의 관리·운영’에 따르면 공익법인 예산의 목적
사업회계와 수익사업회계 구분, 직접목적사업비 편성 기준 준수, 결산상 잉여금 
편성 기준, 전년도 결산 지적사항 반영 여부 등의 확인을 위해 사업계획 및 
예산은 당해 회계연도 개시 1개월 전까지 제출1)하여야 하고, 결산서의 재무제표 
규칙 준수 여부 등 결산서 작성기준 확인 등을 위해 사업실적 및 결산은 당해 
회계연도 종료 후 3개월 이내에 관련 서류2)를 제출하고, ｢공익법인의 설립·운영에 
관한 법률｣ 제17조(감사 등)에 따르면 주무관청은 공익법인에 대하여 업무보고 요구, 
감사 및 지도 등을 통해 그 운영의 적정을 기하도록 하여야 한다고 되어 있다.
    아울러 ｢공공기록물 관리에 관한 법률 시행령｣ 제20조(기록물의 등록) 및 
같은 법 시행규칙 제4조(기록물의 등록)에 따르면 공공기관이 기록물을 생산 또는 
접수한 때에는 그 기관의 전자기록생산시스템으로 생산 또는 접수를 등록번호를 
부여하고 이를 그 기록물에 표기하여야 하며, 접수기록물은 접수와 동시에 접수
등록번호를 부여하여야 한다고 되어 있다.
3. 감사결과 확인된 문제점
    그런데도 전북특별자치도무주교육지원청(구, 전라북도무주교육지원청)은 (재)○○재단이 
20**회계연도 사업실적 및 결산서를 법정기한인 20**. *. *.까지 제출하지 않고 
1) 사업계획 및 예산서에 첨부하여 제출하는 서류
   ①사업계획 총괄표 ②추정대차대조표 및 그 부속명세서 ③추정손익계산서 및 그 부속명세서 ④이사회 회의록 및 
총회 회의록
2) 사업실적 및 결산서에 첨부하여 제출하는 서류
   ①사업실적 총괄표 ②사업실적(관련 증빙서 사본 첨부) 및 수지결산서  ③대차대조표 및 그 부속명세서  ④손익  
  계산서 및 그 부속명세서  ⑤감사의 자체감사 보고서  ⑥기부금 사용내역서  ⑦외부전문가의 세무확인
   ⑧사업연도 말의 재산목록 및 관련 서류(잔액증명서, 법인등기부등본 등)  ⑨재산의 증감사유 기재서류  ⑩이사회 
회의록 또는 총회 회의록  ⑪사단법인의 경우 회원의 최종 명부
- 33 -
23일을 지연한 20**. *. *.에 제출하였음에도 별도의 조치를 하지 않는 등 [표 1]과 
같이 20**~20**회계연도 2개 공익법인이 총 2건의 사업계획 및 예산서, 사업실적 및 
결산서를 법정기한보다 23~30일까지 지연하여 제출하였으나 이에 대한 시정 요구 및 
행정처분1)을 하지 않은 사실이 있다.
[표 1] 공익법인 사업계획·예산서 등 제출 부적정 내역(20**~20**회계연도) 
<생 략>
주: 사업계획 및 예산서는 전년도 12월 1일까지, 사업실적 및 결산서는 다음연도 3월 31일까지 제출기한 임
자료: 전북특별자치도무주교육지원청 제출자료 재구성
    또한 전북특별자치도무주교육지원청(구, 전라북도무주교육지원청)은 (재)◎◎재단이 
20**. *. *. 제출한 20**회계연도 사업실적 및 결산서를 업무관리시스템에 등록하지 
않는 등 [표 2]와 같이 20**~20**회계연도 3개 공익법인이 제출한 총 15건의 
사업계획 및 예산서, 사업실적 및 결산서를 업무관리시스템에 등록하지 않은 
사실이 있다.
[표 2] 공익법인 사업계획 및 예산서 등 업무관리시스템 미등록 현황(20**~20**회계연도)
<생 략>
자료: 전북특별자치도무주교육지원청 제출자료 재구성
1) 전북특별자치도교육청(구, 전라북도교육청) 공익법인 업무편람 행정처분 기준
  - 임원관리(임원관리 및 이사회 운영 소홀): 고의 및 중과실(경고), 경과실(주의)
  - 회계관리(기타 회계처리 부적정): 고의 및 중과실(경고), 경과실(주의)
- 34 -
    그 결과 공익법인의 사업계획과 예산편성의 타당성 여부와 법인재산을 적정
하게 운용하고 설립목적 사업을 충실히 이행하는지 등을 적기에 확인하지 못하여 
공익법인 운영의 투명성과 신뢰성이 저하되었다.
관계기관 의견     전북특별자치도무주교육지원청은 감사 결과를 받아들이면서 
앞으로 관련 법령을 준수하여 공익법인 관리·감독을 철저히 수행하겠다는 의견을 
제시하였다. 
조치할 사항     
전북특별자치도무주교육지원청교육장은
① 앞으로 관련 법령과 규정 등에 따라 공익법인 지도·감독 업무를 철저히 하고
② (재)◎◎재단 등 3개 공익법인으로부터 제출받은 사업실적 및 결산서 등 
총 15건의 관련 서류를 업무관리시스템에 즉시 등록하시기 바라며(시정)
③ 관련자에게 주의를 촉구하시기 바랍니다.(주의 1명)
④ (재)○○재단 등 2개 공익법인에 대해 “전북특별자치도교육청(구, 전라북도교육청) 
공익법인 업무편람” 지적사항별 처분 기준에 따라 공익법인의 예산·결산서 제출 
관련 의무를 위반한 사항에 대하여 행정처분 등 적절한 조치를 하시기 바랍니다.(통보)
○○고등학교장은 관련자에게 주의를 촉구하시기 바랍니다.(주의 1명)
- 35 -
일련번호 전북특별자치도무주교육지원청-8
전북특별자치도교육청
주  의  요  구
제        목     계약업무 처리 부적정
소 관  기 관 전북특별자치도무주교육지원청
조 치  기 관 ① 전북특별자치도무주교육지원청
     ② 전북특별자치도○○교육지원청
내        용
1. 업무 개요
    전북특별자치도무주교육지원청은 ｢지방자치단체 입찰 및 계약집행기준｣ 및 
｢지방자치단체를 당사자로 하는 계약에 관한 법률｣등에 따라 계약 업무를 처리
하고 있다.
2. 물품 구매계약 검사 부적정
  가. 관계법령 및 판단기준
    ｢지방자치단체를 당사자로 하는 계약에 관한 법률｣제17조(검사)에 따르면 
지방자치단체의 장 또는 계약담당자는 계약상대자가 계약의 전부 또는 일부의 
이행을 끝내면 이를 확인하기 위하여 계약서·설계서 및 그 밖의 관계 서류에 따라 
이를 검사하거나 소속 공무원 등에게 위임하여 검사하게 하여야 하고 대통령령으로 
정하는 금액 미만의 계약 또는 매각계약, 전기ㆍ가스ㆍ수도의 공급 등 검사조서의 
- 36 -
작성이 성질상 불필요한 경우를 제외하고는 검사를 하는 자는 검사조서를 작성
하여야 한다고 되어 있고,
    같은 법 시행령 제64조(검사), 제65조(검사조서의 작성 생략) 및 제67조(대가의 
지급)에 따르면 검사는 계약상대자로부터 해당 계약의 이행을 완료한 사실을 
통지받은 날부터 14일(단, 행정안전부장관이 정하여 고시한 경우에는 7일)이내에 
완료하여야 하며, 검사를 하는 자는 검사조서의 생략이 가능한 3천만 원 미만의 
계약을 제외하고 검사조서를 작성하여야 하고 계약의 대가는 검사를 완료한 후 
지급하여야 한다고 되어 있다. 
    또한 ｢전북특별자치도 교육비특별회계 재무회계 규칙｣제161조(검사 또는 검수자의 
지정 및 입회)에 따르면 물건의 매입, 그 밖의 검사 또는 검수는 물품출납원이 
행하고 교육지원청은 행정지원과 관계 공무원이 입회하며, 특히 필요한 경우에는 
재무관이 따로 검사 또는 검수자를 지정할 수 있다고 되어 있다.
  나. 감사결과 확인된 문제점
    그런데도 전북특별자치도무주교육지원청은 [표 1]과 같이 20**. *. *. ㈜◍◍
◍◍가 납품한 ‘○○○ 교체 구입(계약일 20**. *. *., 계약금액 401,000천원)’건에 
대하여 3천만 원 이상의 물품 구매 계약의 이행이 완료되었음에도 물품검수·검사조서1)를 
작성하지 않고, 입회자·물품출납원 등의 결재(확인)없이 담당자 단독으로 에듀파인 
시스템상으로만 검사·검수 처리하고 대가를 지급한 사실이 있다.
1) 전북특별자치도 교육비특별회계 재무회계 규칙 [별지 제92호 서식] <개정 2016.10.14.>
- 37 -
※ 3천만 원 이상 물품 구매 계약 검사‧검수 부적정 현황(20**년도)
(단위: 천원) 
<생 략>
 자료: 전북특별자치도무주교육지원청 제출자료 재구성
    그 결과 물품 구매 계약의 책무성과 신뢰성이 저하되었다.
3. 선금 채권 보증기간 미확보
  가. 관계법령 및 판단기준
    ｢지방자치단체 입찰 및 계약집행기준｣ 제2절 선금 및 대가 지급에 따르면 
계약담당자는 선금을 지급할 경우 계약상대자로 하여금 증권 또는 보증서를 제출하게 
해야 하며, 선금에 대한 보증·보험기간의 개시일은 선금지급일 이전이어야 하고, 
그 종료일은 이행 기간의 종료일로부터 60일 이상으로 해야 한다고 되어 있고, 
    계약담당자가 그 이행 기간을 연장할 경우에는 계약상대자로 하여금 당초의 
보증·보험기간에 그 연장하려는 기간을 가산한 기간을 보증·보험기간으로 하는 
증권·보증서를 제출하게 해야 한다고 되어 있다.
  나. 감사결과 확인된 문제점
    그런데도 전북특별자치도무주교육지원청은 20**. *. *. (유)◐◐◐◐과‘○○초 
○○ 외 1동 내진보강 및 기타공사(계약금액 161,171천원)’의 변경 계약을 체결하면서 계약
기간이 연장(49일간)되었음에도, 계약상대자로부터 연장된 기간을 반영한 선금 채권 보증
기간(선금지급일∼이행기간의 종료일로부터 60일 이상)을 확보(연장)하지 않는 등 [표 1]와 같이 
선금 지급 후 계약기간이 연장된 2건에 대하여 선금 보증기간을 적정하게 확보(연장)하지 
않은 사실이 있다.
- 38 -
[표 1] 계약기간 변경에 따른 선금 채권보증기간 미확보(미연장) 현황(20**년도)
(단위: 천원) 
<생 략>
 자료: 전북특별자치도무주교육지원청 제출자료 재구성
    그 결과 시설공사 계약의 책무성과 신뢰성이 저하되었다.
관계기관 의견     전북특별자치도무주교육지원청은 감사 결과를 받아들이면서 앞으로 
관련 법령을 준수하여 계약업무 처리를 철저히 수행하겠다는 의견을 제시하였다.
조치할 사항     
전북특별자치도무주교육지원청교육장은
① 앞으로 관련 법령과 규정 등에 따라 계약업무 처리를 철저히 하고
② 관련자에게 주의를 촉구하시기 바랍니다.(주의 3명)
전북특별자치도○○교육지원청교육장은 관련자에게 주의를 촉구하시기 바랍니다.(주의 1명)
- 39 -
일련번호 전북특별자치도무주교육지원청-9
전북특별자치도교육청
시정·주의요구
제        목     연가보상비 과다 지급
소 관  기 관 전북특별자치도무주교육지원청
조 치  기 관 전북특별자치도무주교육지원청
내        용
1. 업무 개요
    전북특별자치도무주교육지원청(구, 전라북도무주교육지원청)은 ｢지방공무원 
복무규정｣과 ｢지방공무원보수업무 등 처리지침｣에 따라 지방공무원 복무 및 
인건비를 관리하고 있다.
2. 관계법령 및 판단기준
    ｢지방공무원 복무규정｣제7조(연가일수 및 연가보상비의 지급)에 따르면 
공무원의 재직기간이 6년 이상일 경우 사용할 수 있는 연가일수는 21일로 되어 
있고, 해당 공무원이 연가를 사용하지 않은 경우에는 예산의 범위에서 연가일수에 
해당하는 연가보상비를 지급하는 것으로 연가를 갈음할 수 있다고 되어 있다.
- 40 -
    또한 ｢지방공무원보수업무 등 처리지침｣제5장 지방공무원수당 등의 업무
처리 기준(Ⅶ. 실비보상 등)에 따르면 연가보상일수 계산시 미사용연가일수는 
실제 사용하지 않은 연가일수가 20일을 초과하더라도 20일 범위에서 반영하여 
계산하도록 되어 있고, 사실상 직무에 종사하지 않은 기간이 있는 경우 연가
보상일수는 계산식1)에 따라 산정하며, 산식에 따라 산출된 연가보상일수는 소수점 
이하 첫째 자리에서 절상한다고 되어 있다. 
    아울러 “2024년도 지방공무원 연가정산 및 2025년도 연가 생성 안내” 
(총무과-23302, 2024.12.12.)에 따르면 복무담당자가 사실상 직무에 종사하지 않은 
기간이 있는 공무원의 가용연가를 월할계산 하는 등 연가보상일수 자료를 확인
하도록 되어 있다.
3. 감사결과 확인된 문제점
    그런데도 전북특별자치도무주교육지원청은 20**. *. *.~ 20**. *. *.까지 
○○○○휴직한 ○○지원과 지방○○○ L의 20**년 연가일수 산정 시 사실상 
직무에 종사하지 않은 기간(3개월)을 제외하고 16일로 연가일수를 산정하지 아니하고 
21일로 산정하여 총 5일 421,270원의 연가보상비를 과다 지급한 사실이 있다.
※ 연가보상비 과다 지급 내역 (20**년도)
(단위: 원)
<생 략>
자료: 전북특별자치도무주교육지원청 제출자료 재구성
1) 계산식: 연가보상일수(20일이내)=미사용연가일수×(12개월-제외기간)/12개월
- 41 -
    그 결과 연가보상비가 과다 지급되어 인건비 집행의 적정성이 저해되는 결과를 
초래하였다.
관계기관 의견     전북특별자치도무주교육지원청은 감사 결과를 받아들이면서 
앞으로 관련 법령을 준수하여 연가보상비 지급 업무를 철저히 수행하겠다는 
의견을 제시하였다.
조치할 사항     전북특별자치도무주교육지원청교육장은 
① 앞으로 관련 법령과 규정 등에 따라 직원들의 연가보상비 지급 업무를 철저히 하고 
② 과다 지급된 연가보상비 421,270원을 관련자로부터‘회수’하여 교육비특별
회계에 세입 조치하며(시정)
③ 관련자에게 주의를 촉구하시기 바랍니다. (주의 1명)
- 42 -
일련번호 전북특별자치도무주교육지원청-10
전북특별자치도교육청
시정·경고·주의요구 및 통보
제        목     시간외근무수당 부정 수령
소 관  기 관 전북특별자치도무주교육지원청
조 치  기 관 ①전북특별자치도무주교육지원청 ②○○고등학교
내        용
1. 업무 개요
    전북특별자치도무주교육지원청(구, 전라북도무주교육지원청)은 ｢지방공무원 
보수규정｣과 ｢지방공무원보수업무 등 처리지침｣에 따라 지방공무원 인건비를 
관리하고 있다.
2. 관계법령 및 판단기준
    ｢지방공무원수당 등에 관한 규정｣ 제15조(시간외근무수당)에 따르면 근무
명령에 의하여 규정된 근무시간외에 근무한 자에 대하여는 예산의 범위안에서 
시간외근무수당을 지급하도록 되어 있으며, 시간외근무수당의 지급기준이나 지급
방법 등의 세부기준과 부정 수령한 경우의 징수 등에 필요한 사항은 행정안전부
장관이 정하는 범위(지방공무원보수업무 등 처리지침)에서 정하도록 되어 있다.
- 43 -
    또한 ｢지방공무원보수업무 등 처리지침｣제5장 지방공무원수당 등의 업무
처리 기준(Ⅵ. 초과근무수당 등)에 따르면 소속 공무원이 대리입력, 사적용무 후 
입력, 심야복귀 후 입력 등 거짓이나 그 밖의 부정한 방법으로 초과근무수당을 
부정 수령한 경우, 부정수령액을 환수하는 외에 부정수령액의 5배 금액을 가산
하여 추가 징수한다고 되어 있고,
    고의적으로 위반한 행위는 적발1) 횟수에 따라 1년의 범위(1회 적발시 적발시점 이후 
6개월간 초과근무명령 금지, 2회 적발시 적발시점 이후 12개월간 초과근무 명령 금지)에서 
초과근무명령을 금지하여 초과근무수당(정액분 포함)을 지급 정지해야 하며, 
소속기관에서는 위반자에 대하여 명단을 별도로 관리하여 승진, 성과상여금 지급 
등에 활용하여야 한다고 되어 있으며,
    소속 공무원이 거짓이나 그 밖의 부정한 방법으로 초과근무수당을 부정하게 
수령한 경우에는 이를 승인해 준 초과근무승인권자의 명단을 별도로 관리하여 
성과연봉 지급 등급 결정 시 참고하여야 한다고 되어 있다.
3. 감사결과 확인된 문제점
    그런데도 전북특별자치도무주교육지원청 지방○○○○ I는 20**. *. *. 
18:00~23:00 ○○○○을 사유로 시간외근무를 신청한 후 실제로는 19:49 ◈◈◈에 
입실하여 22:57까지 머물러 있어 시간외근무를 하지 않고서도 23:01 근무관리
시스템에  시간외근무시간을 입력하는 방법으로 20**. *월분 초과근무수당 
72,100원을 부당하게 수령하는 등 [표 1] 과 같이 총 4차례에 걸쳐 합계 
152,750원의 시간외근무수당을 부정하게 수령한 사실이 있다.
1) ‘적발’이란 행위기준이 아니라 적발시점 기준임. 예를 들어 과거 5회에 걸쳐 부정수령행위를 한 공무원이 
기관 감사에서 최초 적발된 경우 1회의 적발에 해당됨
- 44 -
    또한 전북특별자치도무주교육지원청 ○○과장 및 ○○담당은 지방○○○○ I의 
시간외근무를 승인하고도 시간외근무수당의 부정한 운영이 없도록 시간외근무
수당 지급실태를 정기적으로 점검하지 않는 등 관리를 부적정하게 한 사실이 있다.
[표 1] 시간외근무수당 부정 수령 현황 (20**년도)
 (금액 단위: 원)
<생 략>
자료: 전북특별자치도무주교육지원청 제출자료 재구성
    그 결과 시간외근무수당이 부적정하게 지급되어 인건비 집행의 적정성이 저해
되는 결과를 초래하였다.
관계기관 의견     전북특별자치도무주교육지원청은 감사 결과를 받아들이면서 
앞으로 관련 법령을 준수하여 시간외근무 관리 업무를 철저히 수행하겠다는 의견을 
제시하였다.
조치할 사항     
전북특별자치도무주교육지원청교육장은 
① 앞으로 관련 법령과 규정 등에 따라 직원들의 복무관리를 철저히 하고 
② 부정하게 수령한 시간외근무수당 152,750원과 가산징수 금액 763,750원(부정수령 
금액 152,750×5배) 등 총 916,500원을 관련자로부터‘회수’하여 교육비특별회계에 
세입 조치하며(시정)
- 45 -
③ 관련자에게 경고를 촉구하시기 바랍니다.(경고 1명)
④ 관련자에게 주의를 촉구하시기 바랍니다.(주의 2명)
⑤ 전북특별자치도무주교육지원청 지방○○○○ I에게 초과근무수당 부정 수령 적발
시점 이후 6개월간 초과근무명령을 금지하여 초과근무수당(정액분 포함)을 지급 정지하시기 
바랍니다.(통보)
○○고등학교장은 관련자에게 주의를 촉구하시기 바랍니다.(주의 1명)
- 46 -
일련번호 전북특별자치도무주교육지원청-11
전북특별자치도교육청
기관경고·시정요구 및 통보
제        목     세출예산 집행 과목 및 업무추진비 집행 부적정
소 관  기 관 전북특별자치도무주교육지원청
조 치  기 관 전북특별자치도무주교육지원청
내        용
1. 업무 개요
    전북특별자치도무주교육지원청(구,전라북도무주교육지원청)은 ｢지방재정법｣ 
및 ｢지방자치단체 교육비특별회계 세출예산 집행기준｣ 등의 관계 법령에 따라 세출
예산 및 업무추진비를 집행하고 있다. 
2. 세출예산 집행 과목 부적정
 가. 관계 법령 및 판단 기준
    ｢지방재정법｣제47조(예산의 목적 외 사용금지)에 따르면 지방자치단체의 장은 
세출예산에서 정한 목적 외의 용도로 경비를 사용할 수 없다고 되어 있고, ｢지방
자치단체 교육비특별회계 세출예산 집행기준｣에 따르면 세출예산은 예산이 정한 
당초의 목적에 맞게 집행하도록 되어 있다.
- 47 -
    또한 ｢지방자치단체 교육비특별회계 예산편성 운영기준｣ 제5조와 “전북특별
자치도(구, 전라북도)교육비특별회계 예산편성 및 운영지침”에 따르면 일반수용비는 
통상적인 조직운영에 소요되는 기본적인 행정사무비, 사무용품 구입비, 기관이 
직접 주관하는 행사에 소요되는 초청장, 상품구입 등 행사개최에 소요되는 경비와 
행사개최를 위한 일회성 시설·장비·물품의 임차료 등으로 집행하고, 행사에 참여한 
초청인사 등을 대상으로 식비, 행사관련 기념품이나 기관선물의 구입과 워크숍, 
연찬회, 연수, 회의에 소요되는 경비 중 식비·간식비 등은 업무추진비에서 집행
하도록 되어 있다.
 나. 감사결과 확인된 문제점
    그런데도 전북특별자치도무주교육지원청(구, 전라북도무주교육지원청)은 20**.*.*. 
‘20**회계연도 ○○○○에 따른 참석자 식사 제공’을 집행하면서 업무추진비 성격의 
경비를 일반수용비에서 집행하는 등 [표 1]과 같이 총 7건, 합계 1,749,500원을 세출
예산 편성 과목과 다르게 집행한 사실이 있다. 
[표 1] 세출예산 집행 과목 부적정 내역 
(단위: 원)
<생 략>
자료: 전북특별자치도무주교육지원청 제출자료 재구성
- 48 -
3. 업무추진비 집행 부적정
 가. 관계 법령 및 판단 기준
    ｢지방교육행정기관 업무추진비 집행에 관한 규칙｣제3조(업무추진비의 집행)에 
따르면 업무추진비를 집행하는 회계관계공무원 및 업무추진비 집행 공무원은 [별표]에 
규정된 직무활동1)에 대하여 집행하여야 한다고 되어 있고, ｢지방자치단체 교육비특별회계 
세출예산 집행기준｣ 및 ｢지방자치단체 교육비특별회계 예산편성 운영기준｣ 제3조 
[별표 1]에 따르면‘정원가산업무추진비’는 지방교육행정기관(각급 학교 제외)에 
근무하는 소속 직원의 사기진작(직원 생일기념품, 체육대회·단합행사·전통시장
행사, 불우 공무원 지원 등)을 위하여 연간 운영 계획을 수립하여 집행하여야 한다고 
되어 있고, 축의·부의금품은 ‘기관운영 업무추진비’에서만 집행할 수 있다고 되어 있다. 
    또한 ｢지방교육행정기관 업무추진비 집행에 관한 규칙｣ [별표] “지방교육
행정기관의 업무추진비 집행대상 직무활동 범위”에 따르면 교육감을 제외한 지방
교육행정기관 소속 공무원 명의로 축의·부의금품을 지급하는 경우 지급 대상자는 
‘해당 지방의회 의원’이라고 되어 있으며 ｢지방자치단체 교육비특별회계 세출
예산 집행 기준｣에 따르면 지방교육행정기관의 지방의회 의원에 대한 축의·부의금품 
지급은 집행기관의 업무와 관련된 소관 상임위원회 의원에 대해서만 집행이 가능
하다고 되어 있고, 동일 관서 내에서 소속 상근직원에 대한 축의·부의금은 해당 
부서 소속 구성원을 대상으로 집행하되 동일관서 내 부서를 달리하는 경우에는 
집행할 수 없다고 되어 있다.
1) 업무추진비 집행대상 직무활동 범위: 1.학술·문화예술·체육활동 유공자 등에 대한 격려 및 지원, 2. 업무추진을 위
한 각종 회의·간담회·행사, 3.업무추진 유관기관 협조, 4. 교육활동·재난 피해자 및 교육소외계층에 대한 격려 및 지
원, 5. 시책 또는 지역 홍보, 6.현업(현장)부서 근무자에 대한 격려 및 지원, 7. 소속 상근직원에 대한 격려 및 지원, 8. 
직무수행과 관련된 통상적인 경비 9. 그 밖에 해당 지방교육행정기관의 직무수행과 관련하여 대상·방법·범위 등을 
구체적으로 정한 법령 또는 조례에 미리 정해진 경우
- 49 -
 나. 감사결과 확인된 문제점
    그런데도 전북특별자치도무주교육지원청(구, 전라북도무주교육지원청)은 20**~20**
회계연도에 정원가산업무추진비 예산을 집행하면서 연간운영계획을 수립하지 
않았으며, 20**. *. *. ○○○ 등을 대상으로 ‘○○○ 관계자와 간담회 후 식사’를 
집행(79,000원)하면서 기관운영업무추진비가 아닌 정원가산업무추진비에서 집행
하는 등 [표 2]와 같이 20**~20**회계연도 총 32건, 합계 4,224,600원(20**회계연도 
1,516,100원, 20**회계연도 2,309,500원, 20**회계연도 399,000원)을 기관운영업무
추진비가 아닌 정원가산업무추진비에서 부적정하게 집행한 사실이 있다.
[표 2] 정원가산 업무추진비 집행 부적정 내역(20**~20**회계연도)
(단위: 원)
<생 략>
주: 순 (9), (25) 항목의 축의금은 회수
자료: 전북특별자치도무주교육지원청 제출자료 재구성
    또한 20**. *. *. 기관운영 업무추진비 부의금품 지급 대상이 아닌 전북특별
자치도의회 ○○○위원회 위원장에게 부의금 50,000원을 기관운영업무추진비로 집행
하는 등 [표 3]과 같이 20**회계연도 총 2건, 합계 100,000원을 지급 대상이 
아닌 자에게 부적정하게 지급한 사실이 있다.
- 50 -
[표 3] 지급대상이 아닌 업무추진비 집행 내역(20**회계연도)
(단위: 원)
<생 략>
자료: 전북특별자치도무주교육지원청 제출자료 재구성
    그 결과 세출예산 및 업무추진비 집행의 적정성이 저하되고 예산 낭비를 
초래하였다.
관계기관 의견     전북특별자치도무주교육지원청은 감사 결과를 받아들이면서 
앞으로 관련 법령과 지침을 준수하여 세출예산 집행 업무를 철저히 하겠다는 의견을 
제시하였다. 
조치할 사항     전북특별자치도무주교육지원청교육장은     
① 앞으로 관련 법령과 규정을 준수하여 동일한 사례가 발생하지 않도록 하여 주시고,
② 세출예산 및 업무추진비 집행과목 부적정과 관련하여 ‘기관경고’조치하니 
동일 지적사항이 발생하지 않도록 각별히 유념하시기 바랍니다. (기관경고)
➂ 정원가산업무추진비에서 집행된 축의금 100,000원과 잘못 지급된 부의금 100,000원, 
총 200,000원을 관련자에게‘회수’하여 교육비특별회계에 세입 조치하시기 바랍니다.(시정)
④ 소속 직원들에게 세출예산 과목 편성·집행 관련 규정 및 지침 등 교육을 실시
하시기 바랍니다. (통보)
- 51 -
일련번호 전북특별자치도무주교육지원청-12
전북특별자치도교육청
시정·주의요구
제        목     출장여비 지급 부적정
소 관  기 관 전북특별자치도무주교육지원청
조 치  기 관 ① 전북특별자치도무주교육지원청 ② 전북특별자치도○○교육지원청
 ③ 전북특별자치도교육청○○○○   ④ 경기도○○교육지원청
내        용
1. 업무 개요
    전북특별자치도무주교육지원청(구, 전라북도무주교육지원청)은 소속 직원이 
공무(公務)로 여행을 하는 경우에 공무의 원활한 수행을 위하여 ｢공무원 여비 
규정｣ 및 자체 여비 규정 등에 따라 소속 직원에게 출장 여비를 지급하고 있다.
2. 관계법령 및 판단기준
    ｢공무원 여비 규정｣제16조(일비·숙박비·식비의 지급), 제18조(근무지 내 
국내 출장 시의 여비) 및 ｢공무원보수 등의 업무지침｣ 제9장 Ⅲ. 근무지내 국내
출장 시의 여비 지급 기준에 따르면 근무지내 국내출장 중 왕복 2km 이내의 근거리 
출장인 경우 실비로 지급하며 출장자는 운임과 식비의 세부 사용내역을 확인할 수 
있는 증거서류를 갖추어 정산을 신청하여야 한다고 되어 있고 근무지내 국내
- 52 -
출장 시 공무용차량 또는 공무용차량에 준하는 별도의 차량을 이용하거나 차량을 
임차하여 사용하는 공무원에게는 1만원을 감액하여 지급한다고 되어 있다.
    또한 ｢공무원보수 등의 업무지침｣ 제9장 Ⅳ. 근무지외 국내출장 시 여비 지급 기준에 
따르면 지급되는 여비 항목은 운임, 숙박비, 식비, 일비로 구분하고 공무용차량 또는 
공무용차량에 준하는 별도의 차량을 이용하거나 차량을 임차하여 사용한 여행일에 
대해서는 일비의 2분의 1을 지급하고 Ⅷ. 보칙에 따르면 소속기관 이외의 다른 
기관･단체 등으로부터 여비의 전부 또는 일부를 지급받은 경우에는 그 금액을 빼고 
지급하며 소속 기관의 장은 예산의 부족 또는 그 밖의 사유로 여비의 전부 또는 
일부 항목의 지출이 불필요하거나, 해당 정액보다 적게 소요되는 것이 명백한 경우 
여비를 감액하거나 여비의 전부 또는 일부를 지급하지 아니할 수 있다고 되어 있다.
3. 감사결과 확인된 문제점 
  가. 근무지내 출장여비(왕복 2km이내 근거리) 지급 부적정
    그런데도 전북특별자치도무주교육지원청(구, 전라북도무주교육지원청)은 ○○
지원과 지방○○○○ M이 20**. *. *. 09:00부터 14:00까지‘○○○○○’을 목적
으로 왕복 2km이내(무주고등학교) 근무지내 출장을 다녀온 후 실비 정산 서류를 
제출하지 않았음에도 출장여비 20,000원을 지급하는 등 [표 1]과 같이 20**~20** 
회계연도 총 10건, 직원 8명에게 근무지내 출장여비(왕복 2km이내 근거리) 합계 
150,000원을 과다 지급한 사실이 있다.
- 53 -
[표 1]  근무지내 출장여비(왕복 2km 이내 근거리) 과다 지급 내역(20**~20**회계연도)
(단위: 건, 원)  
<생 략>
자료: 전북특별자치도무주교육지원청 제출자료 재구성
  나. 근무지내·외 출장여비(관용차량 이용) 지급 부적정
    그런데도 전북특별자치도무주교육지원청(구, 전라북도무주교육지원청)은 ○○지원과  
○○○○ N의 20**. *. *. ‘20**년 무주교육지원청 ○○○ 워크숍’근무지내 출장여비를 
지급하면서 관용 차량을 이용하였음에도 출장여비 1만원을 감액하지 않고 지급하는 등 [표 2] 
및 [별표 1] “근무지내·외(관용차량 이용) 출장여비 과다 지급 세부내역”과 같이 ○○○○
N 외 12명에게 20**~20**회계연도 근무지내·외 출장여비  합계 130,000원을 과다 지급한 
사실이 있다.
[표 2]  근무지내·외(관용차량 이용) 출장여비 과다 지급 내역(20**~20**회계연도)(요약)
(단위: 건, 원)
  
<생 략>
주: 근무지내·외(관용차량 이용) 출장여비 과다 지급 세부 내역은 [별표1] 참고
자료: 전북특별자치도무주교육지원청 제출자료 재구성
- 54 -
  다. 근무지외 출장여비(식비) 지급 부적정
    그런데도 전북특별자치도무주교육지원청은 ○○지원과 ○○○○ O의 20**. *. *. 
‘**년도 교육비특별회계 1차추경 예산안 심의’ 근무지외 출장여비를 지급하면서 
업무추진비로 식사를 제공받았음에도 출장여비(식비 8,330원)를 감액하지 않는 등 
[표 3] 및 [별표 2] “근무지외 출장여비(식비) 과다 지급 세부 내역”과 같이 ○○○○ 
O외 8명에게 20**~20**회계연도 근무지외 출장여비(식비) 합계 116,620원 감액하지 
않고 과다 지급한 사실이 있다.
[표 3]  근무지외 출장여비(식비) 과다 지급 내역(20**~20**회계연도)(요약)
(단위: 건, 원) 
<생 략>
주: 근무지외 출장여비(식비) 과다 지급 세부 내역은 [별표 2] 참고
자료: 전북특별자치도무주교육지원청 제출자료 재구성
  라. 근무지외 출장여비(중복) 지급 부적정 
    그런데도 전북특별자치도무주교육지원청(구, 전라북도무주교육지원청)은 지방
○○○○ M의 20**. *. *. ‘교육공무직원 실무 *기 연수 참여(출장지: 전북교육청
교육연수원)’근무지외 출장여비를 지급하면서 전북특별자치도교육청교육연수원
(구, 전라북도교육청교육연수원)에서 교육여비를 지급하였는데도 근무지외 출장여비 
60,000원을 중복으로 지급하는 등 [표 4]와 같이 ○○○○ M 외 1명에게 
20**~20**회계연도 근무지외 출장여비 합계 160,000원을 중복 지급한 사실이 있다. 
- 55 -
[표 4] 근무지외 출장여비(전북특별자치도교육청교육연수원)지급 부적정 내역(20**~20**회계연도)
(단위: 건, 원) 
<생 략>
자료: 전북특별자치도무주교육지원청 제출자료 재구성
    그 결과 세출예산 집행의 적정성이 저하되고 예산 낭비를 초래하였다.
관계기관 의견     전북특별자치도무주교육지원청은 감사 결과를 받아들이면서 
앞으로 관련 법령을 준수하여 출장여비 지급 업무를 철저히 수행하겠다는 의견을 
제시하였다.
조치할 사항   
전북특별자치도무주교육지원청교육장은 
① 앞으로 관련 법령과 지침 등에 따라 출장여비 지급 업무를 철저히 하시기 바라며
② 과다 지급된 여비 556,620원을 출장자로부터‘회수’하여 교육비특별회계에 세입 
조치하시기 바랍니다.(시정)
- 출 장 자 -
(단위: 원)
<생 략>
③ 관련자에게 주의를 촉구하시기 바랍니다.(주의 3명)
전북특별자치도○○교육지원청교육장은 관련자에게 주의를 촉구하시기 바랍니다.(주의 2명)
- 56 -
전북특별자치도교육청○○○○원장은 관련자에게 주의를 촉구하시기 바랍니다.(주의 1명)
경기도○○교육지원청교육장은 관련자가 ‘주의’요구 대상임을 알려드리오니 
업무에 참고하시기 바랍니다. 
- 57 -
[별표 1] 
근무지내·외(관용차량 이용) 출장여비 과다 지급 세부 내역(20**~20**회계연도)
▷ 건명: 1. 근무지내(관용차량 이용) 출장여비 과다 지급 세부 내역(20**회계연도)
(단위: 건, 원) 
<생 략>
자료: 전북특별자치도무주교육지원청 제출자료 재구성
- 58 -
▷ 건명: 2. 근무지외(관용차량 이용) 출장여비 과다 지급 세부 내역(20**~20**회계연도)
(단위: 건, 원)
<생 략>
자료: 전북특별자치도무주교육지원청 제출자료 재구성
- 59 -
[별표 2] 
근무지외 출장여비(식비) 과다 지급 세부 내역(20**~20**회계연도)
(단위: 건, 원) 
<생 략>
자료: 전북특별자치도무주교육지원청 제출자료 재구성
- 60 -
일련번호 전북특별자치도무주교육지원청-13
전북특별자치도교육청
시정·주의요구
제        목     시설공사 준공검사 부적정
소 관  기 관 전북특별자치도무주교육지원청
조 치  기 관 ①전북특별자치도무주교육지원청 ②전북특별자치도○○교육지원청
③전북특별자치도○○교육지원청 ④전북특별자치도○○교육지원청
내        용
1. 업무개요
    전북특별자치도무주교육지원청은 20**~20**회계연도에‘○○중 외 1교 ○○ 
증축 기계설비공사’ 외 3건의 시설 공사를 시행하였으며, 이에 대한 공사감독과 
준공검사 등의 업무를 추진하였다.
2. 관계법령 및 판단기준
    ｢건설기술진흥법｣ 제56조(품질관리 비용의 계상 및 집행) 제1항 및 제2항에 
따르면 건설공사의 발주자는 건설공사 계약을 체결할 때에는 건설공사의 품질
관리에 필요한 비용을 국토교통부령으로 정하는 바에 따라 공사금액에 계상
하여야 하고, 건설공사의 규모 및 종류에 따른 품질관리비의 사용 방법 등에 
관한 기준은 국토교통부령으로 정한다고 되어 있고,
- 61 -
    ｢건설기술진흥법 시행령｣ 제92조(품질관리의 지도ㆍ감독 등) 제2항 및 제4항에 
따르면 발주자는 건설사업자 또는 주택건설등록업자가 수립한 품질관리계획 또는 
품질시험계획에 따라 건설공사의 시공 및 사용재료에 대한 품질관리 업무를 적절
하게 수행하고 있는지 확인할 수 있으며,
    발주자는 제2항에 따른 확인 결과 시정이 필요하다고 인정하는 경우에는 해당 
건설사업자 또는 주택건설등록업자에게 시정을 요구할 수 있다. 이 경우 시정을 
요구받은 건설사업자 또는 주택건설등록업자는 지체 없이 이를 시정한 후 그 결과를 
발주자에게 통보해야 한다고 되어 있다.
    또한 ｢지방자치단체를 당사자로 하는 계약에 관한 법률｣ 제16조(감독) 및 
제17조(검사)에 따르면 계약 담당자는 공사·물품·용역 등의 계약을 체결한 경우에 
그 계약을 적절하게 이행하도록 하기 위하여 필요하다고 인정하면 계약서·설계서 및 
그 밖의 관계 서류에 따라 감독하거나 소속 공무원 등에게 그 사무를 위임하여 
감독하게 하여야 한다고 되어 있고, 
    계약상대자가 계약의 전부 또는 일부의 이행을 끝내면 이를 확인하기 위하여 
계약서·설계서 및 그 밖의 관계 서류에 따라 이를 검사하거나 소속 공무원 등에게 
위임하여 검사하게 하여야 한다고 되어 있으며, 
    ｢지방자치단체를 당사자로 하는 계약에 관한 법률 시행령｣ 제64조(검사) 제5항에 
따르면 검사를 함에 있어서 계약 상대자의 계약이행 내용의 전부 또는 일부가 
계약에 위반되거나 부당함을 발견하였을 때에는 지체 없이 필요한 시정조치를"
백암초감사결과공개.hwp,HWP,
2025.6월감사결과공개(쌍치중).hwp,HWP,
감사결과 보고서(갈담초).pdf,PDF,"1  갈담초등학교 종합감사결과 및 처분내용
 감사개요
❍ 감사기간: 2025. 4. 21. ~ 4. 23.(3일간)
❍ 감사인원: 총 4명
 감사결과 지적사항
1. 분야별 지적건수(총 0건)
학교명 유형별 학사․평가 인건비·복무예산·회계·기타 계약․시설 계
갈담초
지적사항 1 2 0 1 4
현지시정 0 0 3 0 3
합계 1 2 3 1 7
2. 지적사항 총괄 
학교명
신분상(명) 행정상(건)
재정상
조치징계 경고 주의 계 기관
주의 통보 시정 개선 계
갈담초 · · 5
(4건)
5
(4건) · · · · 0 회수(2건)
234,470원
 ※ ( )안은 신분상 조치 대상자에 대한 지적 건수 총 합계임.
3. 세부 지적내용 및 처분
지적건명 지적내용 처분
【복무】
1. 공가 사용 
부적정
❍ 조리실무사 ◎◎◎은 2022년도 건강검진을 목적으로 
공가를 허가 받은 날 건강검진을 받지 않아 연차
수당 113,690원을 과다 수령
【전북특별자치도교육감(구, 전라북도교육감) 소속
교육공무직원관리규정제47조】
❍ 주의(1명) 
및 시정
(회수:113,690원)
   
【복무】
2. 특별휴가 사용 
부적정
❍ 2021년도 총 6일의 학습휴가를 사용하여 허용 휴가
일수 1일을 초과하였고, 2022년도 총 6일의 자녀보육
휴가를 사용하여 허용 휴가일수 1일을 초과한 결과 
총 120,780원의 연가보상비를 과다 지급 받음
【전북특별자치도교육감(구, 전라북도교육감) 소속
지방공무원복무 조례 제23조】
❍ 주의(1명) 
및 시정
(회수:120,780원)
【계약·시설】 
3. 시설공사 하자 
검사 부적정
❍ 2024학년도 교내 수목 전지 작업 및 화단 조성 
공사에 대해 연 2회 정기하자검사 실시하지 않았고 
운동장 진출입로 계단 및 현관입구 바닥 보수공사
(계약금액:49,000,000)는 정기하자검사를 실시하였
으나 하자검사조서를 작성하지 않음
【지방자치단체를 당사자로 하는 계약에 관한 법률 
시행령 제70조】
❍ 주의(1명) 
【학사·평가】 
4. 출결 상황 관리 
부적정
❍ 2021~2022학년도 질병결석 및 출석인정결석 등의 
출결관리에서 결석계(결석신고서) 및 증빙자료 누락
【초·중등교육법 제25조, 학교생활기록 작성 및 
관리지침(교육부훈령) 제8조, 교무학사업무 지원 
길라잡이】
❍ 주의(2명) 
4. 현지 조치사항
지적건명 지적내용 처분
【회계】
1. 여비 지급 
소홀
❍ 같은날 관외 중복 출장에 대해 여비를 일수가 
아닌 출장 건으로 지급하여 여비 30,000원 과다 
지급
【공무원 여비규정 제16조, 공무원 여비업무 
처리기준】
❍ 시정(회수)
(30,000원)
【기타】 
2. 학교운영위원회 
업무 소홀 
❍ 2022학년도 학교윤영위원회 위원 선출 후 최초로 소집
되는 임시회는 학교장이 위원 임기 개시일로부터 15일 
이내에 소집하여야 하나 4일이 경과하여 소집
【초·중등교육법 제31조와 제34조, 같은법 시행령 
제62조, 유아교육법 제19조의3, 제19조의5 및 
같은법 시행령 제22조의 11】
❍ 시정
  
 
 
【기타】  
3. 학교발전기금 
업무 소홀
❍ 2022~2024학년도 학교발전기금을 운용하면서 2024.4.9. 
학교운영위원회 위원장이 교체되었으나 학교발전기금 
사무인계인수를 처리하지 않음
【초·중등교육법 제33조, 같은법 시행령 제34조 
및 시행규칙 제45조와 제53조, 학교발전기금의 
조성·운용 및 회계관리요령】
❍ 시정"
2026년 6월 계남초 종합감사결과보고서(공개용).pdf,PDF,"【종합감사】
2026년 6월 종합감사 결과 보고서
-계남초등학교-
Ⅰ. 감사 실시 개요
  1. 감사 대상 및 범위
    □ 대상기관: 계남초등학교
    □ 대상기간
       - 교무․학사분야: 2024. 5. 7. ~ 2026. 6. 14.
       - 행정․회계분야: 2024. 5. 7. ~ 2026. 6. 14.
  2. 감사 기간 및 인원
학교명 감사 기간 일수 감사
인원 연인원 비 고(인원별 감사일수)
계 남 초 등 학 교2026. 6. 15. 
~ 6. 17.
3 5 15 감사반장: 1명
감사반원: 4명     
  3. 감사 중점 사항
    □ 교무․학사관리: 학생생활기록부 및 교육과정 전반 
    □ 재정·회계 관리에 관한 사항
      ❍ 예ㆍ결산 관리 : 예산편성, 이ㆍ전용, 성립전 사용, 이월, 불용액 등
      ❍ 세입관리 : 징수결정, 수납, 과오납금처리, 불납결손 등
      ❍ 세출관리 : 지출원인행위 및 세출의 적정성, 계약업무의 적정 처리 여부 등
      ❍ 발전기금 및 세입세출외현금 관리
    □ 시설공사 설계․시공․집행 및 사후 관리의 적정 여부
    □ 물품․재산관리의 적정성
Ⅱ. 감사 결과
 1. 지적사항 총괄
      (단위: 건, 천원, 명)
합    계
변상
(금액)
징계
(인원)
시정(금액) 현
지
조
치
주의
(인원)
경고
(인원)
개
선
권
고
통
보
고 발
(인 원)총 
건수
신분상
조치인원
재정상
조치금액 소계 회수 추징 기타
2 2 121 0 0 121 121 0 0 3 2
(2) 0 0 0 0 0
 2. 세부 지적내용 및 처분
3. 현지조치사항 일람표
지적건명 지적내용 처분
【예산·회계】 
1. 물품선정위원회 
운영 소홀
❍  2024~2025년도 총 2건에 대하여 물품선정위원회 운영 소홀  
【전북특별자치도교육청 각급학교 물품선정위원회 구성․운영 
방안 개선 알림(재무과-15988, 2023. 7. 14.)】
❍ 주의(1명) 
【복무】 
2. 6일 초과 병가 
진단서 미첨부 ❍  병가 일수가 연간 6일을 초과하였음에도 의사의 진단서 미첨부
【전북특별자치도교육청의 교육공무직원 종합운영계획】
❍ 주의(1명) 
❍ 회수
   121,470원
지적건명 지적내용 처분
【학사·평가】 
1. 의무교육관리위원회 
운영 부적정
❍ 2025학년도 의무교육관리위원회 개최 시, 정식 위원으로 위촉
되지 않은 학부모를 심의 위원으로 참여시켜 위원회 운영
【「초․중등교육법 시행령」 제25조의2(의무교육관리위원회의 설치), 
전북특별자치도교육청 지침(고시 제2025-1호)】
❍ 시정
【예산·회계】 
2. 시설공사 원가계산 
소홀
❍ 2024회계년도 공사원계산 제비율 잘못 적용하여 시설
공사비 103,210원 과다 지급
【「지 방자 치 단체 를  당 사 자로  하는  계약 에  관 한  법 률  시 행 규칙」제6조】
❍ 시정(회수)
지적건명 지적내용 처분
3. 근무지외 
출장여비 지급 
부적정
❍ 같은 날 관외 중복 출장에 대해 일수가 아닌 출장 건으로 
여비를 산출하여 일비 및 식비 40,000원 과다 지급 
【「공무원 보수 등의 업무지침(인사혁신처 예규)」 제9장】
❍ 시정(회수)"
정우초감사결과공개.hwp,HWP,
2026년 7~8월 전주 사립유치원 종합감사 결과보고서(2차).pdf,PDF,"ㅣㅣ
2026년 7~8월 종합감사 결과보고서(안)-2차
- 전주○○○○유치원 처분안 -
ㅣ
 2026. 9.

• • 목 차 • •
Ⅰ. 감사개요 · · · · · · · · · · · · · · · · · · · · · · · · · · · · · · · · · · · · · · · · · · · · · · · · · · · · · · · · · · · · · · · · · · · · · · · · · · · · · · · · · · 1
1. 감사배경 · · · · · · · · · · · · · · · · · · · · · · · · · · · · · · · · · · · · · · · · · · · · · · · · · · · · · · · · · · · · · · · · · · · · · · · · · · · · · · · · · · · · · · · · · · · · · · · · 1
2. 감사현황 · · · · · · · · · · · · · · · · · · · · · · · · · · · · · · · · · · · · · · · · · · · · · · · · · · · · · · · · · · · · · · · · · · · · · · · · · · · · · · · · · · · · · · · · · · · · · · · · 1
3. 중점사항 · · · · · · · · · · · · · · · · · · · · · · · · · · · · · · · · · · · · · · · · · · · · · · · · · · · · · · · · · · · · · · · · · · · · · · · · · · · · · · · · · · · · · · · · · · · · · · · · 1
Ⅰ. 일반현황 · · · · · · · · · · · · · · · · · · · · · · · · · · · · · · · · · · · · · · · · · · · · · · · · · · · · · · · · · · · · · · · · · · · · · · · · · · · · · · · · · · 2
1. 대상 유치원 현황 · · · · · · · · · · · · · · · · · · · · · · · · · · · · · · · · · · · · · · · · · · · · · · · · · · · · · · · · · · · · · · · · · · · · · · · · · · · · · · · · 2
2. 감사 지적 현황 · · · · · · · · · · · · · · · · · · · · · · · · · · · · · · · · · · · · · · · · · · · · · · · · · · · · · · · · · · · · · · · · · · · · · · · · · · · · · · · · · · · · 2
Ⅲ. 감사결과 · · · · · · · · · · · · · · · · · · · · · · · · · · · · · · · · · · · · · · · · · · · · · · · · · · · · · · · · · · · · · · · · · · · · · · · · · · · · · · · · · · 2
1. 총평 · · · · · · · · · · · · · · · · · · · · · · · · · · · · · · · · · · · · · · · · · · · · · · · · · · · · · · · · · · · · · · · · · · · · · · · · · · · · · · · · · · · · · · · · · · · · · · · · · · · · · · · · 2
2. 분야별 지적사항(요약) · · · · · · · · · · · · · · · · · · · · · · · · · · · · · · · · · · · · · · · · · · · · · · · · · · · · · · · · · · · · · · · · · · · · · · · 3
Ⅳ. 감사결과 지적사항 및 처분(안) · · · · · · · · · · · · · · · · · · · · · · · · · · · · · · · · · · · · · · · · · · 4
1. 분야별 지적 건수 · · · · · · · · · · · · · · · · · · · · · · · · · · · · · · · · · · · · · · · · · · · · · · · · · · · · · · · · · · · · · · · · · · · · · · · · · · · · · · · · 4
2. 세부 지적내용 및 처분(안) · · · · · · · · · · · · · · · · · · · · · · · · · · · · · · · · · · · · · · · · · · · · · · · · · · · · · · · · · · · · · · · 4
Ⅴ. 조치 계획(안) · · · · · · · · · · · · · · · · · · · · · · · · · · · · · · · · · · · · · · · · · · · · · · · · · · · · · · · · · · · · · · · · · · · · · · · · · · 6
1. 총괄 · · · · · · · · · · · · · · · · · · · · · · · · · · · · · · · · · · · · · · · · · · · · · · · · · · · · · · · · · · · · · · · · · · · · · · · · · · · · · · · · · · · · · · · · · · · · · · · · · · · · · · · · 6
2. 신분상 조치 · · · · · · · · · · · · · · · · · · · · · · · · · · · · · · · · · · · · · · · · · · · · · · · · · · · · · · · · · · · · · · · · · · · · · · · · · · · · · · · · · · · · · · · · · · 6
3. 재정상 조치 · · · · · · · · · · · · · · · · · · · · · · · · · · · · · · · · · · · · · · · · · · · · · · · · · · · · · · · · · · · · · · · · · · · · · · · · · · · · · · · · · · · · · · · · · · 6
- 1 -
2026년 7~8월 종합감사 결과 보고서(안)-2차
- 전주○○○○유치원 지적사항 처분안 -
Ⅰ  감사개요
 감사배경
  ❍ 「전라북도 교육․학예에 관한 자체감사 규칙」 제4조 및 「2026년도 자체
감사 운영계획」에 따라 순기 도래에 의한 종합감사 실시
  ❍ 예산 운용 실태 및 회계 처리의 적정성을 감사하여 예산 편성․집행의 
투명성 및 공정성 확보
 감사현황
  
 중점사항
  ❍ 교무·학사 운영 전반(교육과정, 평가, 학교생활기록부, 학적, 생활지도 등)
  ❍ 인사 빛 복무관리 등
  ❍ 유치원회계 예산 편성 및 결산 등
  ❍ 유치원회계 계약업무 전반 등
  ❍ 교육과정 운영 사업성 예산 집행 현황 등
  ❍ 세입세출, 재산, 물품, 시설 분야 운용 실태 등
  ❍ 특정업체 물품 구입 관련 포인트 등 사적 사용 현황 등
  ❍ 유치원 급식 운영 등  
순 유치원명 감사기간
(감사범위)
감 사 반
1 ○○○○유 2026. 7. 28.(화) ~ 7. 31.(금), 【4일간】 
(2023. 7. 5.부터 2026. 7. 27.까지 유치원 운영 전반)
○○○ 등 5명
- 2 -
Ⅱ  일반현황
 대상 유치원 현황
급 유치원명
학급현황 교직원 현황
학급
수
원아
수
교사 일반
직원 기타 계
원장 원감 담임 비 담 임소계
유 * * * * 유 2 14 1 0 2 0 3 1 0 4
(단위: 학급, 명)
 감사 지적 현황
  
분       야 지 적 사 항
학사·평가 분야(2건)  ① 생활기록부 건강검진 기재 소홀
 ② 출석부 및 생활기록부 작성 관리 소홀
예산·회계·학운위 분야(3건)  ① 유치원운영위원회 구성·운영 부적정
 ② 예·결산 편성 및 공개 소홀
 ③ 세출 예산 집행 소홀
인건비 분야 등(1건)  ① 퇴직급여 및 세입세출외현금 관리 소홀
총  6건
 
Ⅲ  감사결과
1. 총평
 □ 2026년 7월 ○○○○유치원 종합감사 결과, 전반적으로 미흡하였음
    특히 출결·학적 및 생활기록부 작성 부적정, 유치원운영위원회 구성과 운영 미흡, 
예·결산 절차 미준수, 세출예산 집행 시 세출목 오류, 세입세출외현금과 퇴직금 
운영 소홀 등의 지적사항이 있었음.
 □ 주요 지적사항은 다음과 같음
- 3 -
2. 분야별 주요 지적사항
  가. 학사·평가 분야
    □ 생활기록부 건강검진 기재 소홀
      ❍ 2025학년도 유아 12명, 2024학년도 유아 19명의 유치원생활기록부에 
건강검진 정보 미기재, 2023학년도 유아 10명의 생활기록부에 2020년도와 
2021년도 건강검진일 기재
    □ 출석부 및 생활기록부 작성 관리 소홀
      ❍ 2개 학급의 출결사항을 하나의 출석부에 통합 관리, 출석부와 생활
기록부의 유아 명단 불일치(2건), 출석부에 결석 유아의 결석 사유 
미기재, 출석부와 생활기록부의 출결 상황 불일치(7건)
  나. 예산·회계·학운위 분야
    □ 유치원운영위원회 구성·운영 부적정
      ❍ 2023~2026학년도 유치원운영위원회 구성 절차 생략, 학부모위원 결격
사유 미조회
      ❍ 운영위원회 개최 전 회의 관련 안내 부재, 관련 공무 등 전자문서 미
등록, 회의록 위원장과 원장의 서명 누락 또는 대상자가 뒤바뀐 서명
      ❍ 유치원운영위원회 회의록 미작성 또는 구체적인 회의내용 없이 제목과 
원안가결 결과만 공개
    □ 예·결산 편성 및 공개 소홀
      ❍ 2023~2026회계연도 예․결산 편성 절차(자문 미실시 13건)와 기한 미준수, 
확정 예․결산의 관할청 미보고(8건), 추가경정예산 편성 시 회계연도 독립 
원칙 위반(4건),홈페이지 미공개(8건) 
    □ 세출예산 집행 소홀
      ❍ 교원 급여 지급 건 외 21건, 총금액 4,763,420원 집행 시 세출 항목 착오 
집행
  다. 인건비 분야
    □ 세입세출외현금 및 퇴직금 운영 소홀
      ❍ 2023회계연도부터 현재까지 일부 사회보험료(2026. 4월 직원 4대 보험료와 
교원 건강보험료, 2026. 5월 교직원 건강보험료, 2026. 6월 직원 4대 
- 4 -
보험료)를 제외한 사회보험료와 사학연금 등 공제금을 세입세출외현금 
계좌를 통하지 않고 유치원회계로 직접 납부
      ❍ 2026년 4월분 교직원 4대 보험 526,260원을 기한(2026.5.10.) 내 미납으로 
납기 후 청구금액인 531,500원으로 납부
      ❍ 퇴직적립금 6,852,094원에 대한 퇴직금 관리대장 미작성, 세입세출외현금 
관리 부재
Ⅳ  감사결과 지적사항 및 처분(안)
1. 분야별 지적 건수(총 지적 6건)
유치원명 학사·평가예산·회계·학운위계약·시설·물품 인건비 인사·복무 계
* * * *유 2 3 0 1 0 6
2. 세부 지적내용 및 처분(안)
  가. ○○○○유치원 (6건)
지적건명 지적내용 처분(안)
【학사·평가】
1. 생활기록부 건강
검진 기재 소홀
∘ 2025학년도 유아 12명, 2024학년도 유아 19명의 유치원생
활기록부에 건강검진 정보 미기재, 2023학년도 유아 10명
의 생활기록부에 2020년도와 2021년도 건강검진일 기재
❍ 주의(1명)
2. 출석부 및 생활기
록부 작성 관리 
소홀
∘ 2개 학급의 출결사항을 하나의 출석부에 통합 관리, 생활
기록부에는 재원 기재 유아가 출석부 명단에서 누락 등 
출석부와 생활기록부의 유아 명단 불일치(2건), 출석부에 
결석 유아의 결석 사유 미기재, 출석부에는 ‘질병결석’으
로 기재하였으나 생활기록부에는 ‘기타결석’으로 기재하는 
등 출석부와 생활기록부의 출결 상황 불일치(7건)
❍ 주의(1명)
- 5 -
지적건명 지적내용 처분(안)
【예산·회계·학운위】
3. 유치원운영위원회 
구성·운영 부적정
∘ 2023~2026학년도 유치원운영위원회 구성 절차 생략, 학부
모위원 결격사유 미조회
∘ 운영위원회 개최 전 회의 관련 안내 부재, 관련 공무 등 
전자문서 미등록, 회의록 위원장과 원장의 서명 누락 또는 
대상자가 뒤바뀐 서명
∘ 유치원운영위원회 회의록 미작성 또는 구체적인 회의내용 
없이 제목과 원안가결 결과만 공개
❍ 주의(1명)
4. 예·결산 편성 및 
공개 소홀
∘ 2023~2026회계연도 예․결산 편성 절차(자문 미실시 13건)와 
기한 미준수, 확정 예․결산 관할청 미보고(8건), 추가경정
예산 편성 시 회계연도 독립 원칙 위반(4건), 홈페이지 
미공개(8건)
❍ 주의(1명)
5. 세출예산 집행 소홀∘ 교원 급여 지급 건 외 21건, 총금액 4,763,420원 집행 시 
세출 항목 착오 집행
❍ 통보
【인건비】
6. 세입세출외현금 
및 퇴직금 운영 
소홀
∘ 2023회계연도부터 현재까지 일부 사회보험료(2026. 4월분 
직원 4대보험료와 교원 건강보험료, 2026. 5월분 교직원 
건강보험료, 2026. 6월분 직원 4대 보험료)를 제외한 사회
보험료와 사학연금 등 공제금 세입세출외현금 계좌를 
통하지 않고 유치원회계로 납부
∘ 2026년 4월분 교직원 4대 보험 526,260원을 기한(2026.5.10.) 내 
미납, 납기 후 청구금액인 531,500원으로 납부
∘ 퇴직적립금 6,852,094원에 대한 퇴직금 관리대장 미작성으로 
퇴직금 대상자와 대상자별 적립금액을 구분 불가, 
세입세출외현금 별도 관리 부재
❍ 경고(1명) 및 
시정
계 주의 5건, 시정 1건, 통보 1건 / 주의 5명
- 6 -
Ⅴ  조치 계획(안)
  총괄
  
기관명
조치건수(건) 신분상 인원(명) 재정상 
금액(천원)신분상 조치(건) 행정상 조치(건)
계징
계
경
고
주
의
기관
주의
/경 고
시
정
통
보
개
선
징
계
경
고
주
의 계 구분 금액
* * * *유 0 1 4 0 1 1 0 7 0 1 4 5 - 0
 ※ 병과 조치 1건: 경 고및 주 의1건
 신분상 조치: 5명
   
순 현 소속 직위(직급) 성  명 지적내용 조치
1 * * * *유 치 원 원장 정* * 생활기록부 건강검진 기재 소홀 주의
2 * * * *유 치 원 원장 정* * 출석부 및 생활기록부 작성 관리 소홀 주의
3 * * * *유 치 원 원장 정* * 유치원 운영위원회 구성·운영 부적정 주의
4 * * * *유 치 원 원장 정* * 예·결산 편성 및 공개 소홀 주의
5 * * * *유 치 원 원장 정* * 세입세출외현금 및 퇴직금 운영 소홀 경고
 재정상 조치: 0원
(단위:원)
    
원명 환수액 사유
**** 유치원 0 해당없음"
2.종합감사결과공개자료(탑재용)1부.pdf,PDF,"성일고등학교 종합감사 결과 공개
2025. 12.
 (감 사 관)
성일고등학교 종합감사 결과 공개
 감사결과의 공개는 국민의 알권리 충족과 기관 운영의 투명성을 강화하기 위한 
공익적 조치입니다. 따라서 감사결과 실명이 공개된 모든 기관이 비리에 연관되어 
있는 것은 아님을 알려드립니다. 
□ 감사 개요
○ 감사 기간: 2025. 4. 22.∼4. 24.(3일)
○ 감사 인원: 6명 
○ 감사 범위
 - 교무·학사 2022.3.1.~2025.4.21.(지난번 감사 이후부터 금번 감사 전일 까지)
 - 행정·회계 2021.6.8.~2025.4.21.(지 난번 감 사 이후 부터 금 번 감사  전일 까 지)
□ 감사 결과
 ○ 총괄
신분상(명) 행정상(건) 재정상
조치징계 경고 주의 계 기관
주의 시정 통보 개선 계
·
(0건)
2
(1건)
20
(9건)
22
(10건) · 4 1 · 5 ž 회수(1건)  4,741,400원
 ※ ( )안은 신분상 조치 대상자에 대한 지적 건수 총 합계로 중복 건수 존재
 ○ 분야별 지적건수
 
유형별 법인 교무·학사 예산·회계 복무·물품 시설 계
지적사항 1 4 2 2 1 10
○ 지적사항(총 10건)
연번 분야별 지적건명 처분요구
 ❍ 황등기독학원
1 법인 Ÿ 법인정관 관리 부적정
 ▪ 주의(3명)
 ▪ 시정
 ▪ 통보
 ❍ 성일고등학교
1 교무·학사 Ÿ 지필평가 관리 부적정  ▪ 주의(1명)
2 교무·학사 Ÿ 학생 출결 관리 부적정  ▪ 주의(2명)
3 교무·학사 Ÿ 창의적 체험활동상황 봉사활동 입력 부적정 ▪ 주의(1명)
 ▪ 시정
4 교무·학사 Ÿ 학교스포츠클럽 등 운영 부적정  ▪ 주의(5명)
5 예산·회계 Ÿ 통학버스 계약서류 징구 부적정  ▪ 주의(2명)
 ▪ 시정
6 예산·회계 Ÿ 학교발전기금 관리·운용 부적정  ▪ 경고(2명)
7 복무·물품 Ÿ 건강검진 공가 사용 부적정  ▪ 주의(2명)
8 복무·물품 Ÿ 물품 관리 부적정  ▪ 주의(2명)
 ▪ 시정
9 시설 Ÿ 관급자재 준공검사 부적정
 ▪ 주의(2명)
 ▪ 시정(회수)
    4,741,400원
I 일련번호 황등기독학원-1
전북특별자치도교육청
주의 및 시정 요구
제        목   법인정관 관리 부적정
소 관  기 관   학교법인 황등기독학원
조 치  기 관   학교법인 황등기독학원 외 3개 기관
내        용
 1. 업무개요
  학교법인 황등기독학원은 설립 목적과 조직, 운영에 관한 기본적인 사항을 
규율하기 위하여 정관을 제정하여 운영하고 있다.
 2. 관계법령 및 판단기준
   「사립학교법」제9조(학교법인의 권리능력 등)에 따르면 학교법인의 권리
능력과 불법행위능력에 관하여는「민법」제34조 및 제35조를 준용한다고 되어 
있고「민법」 제34조(법인의 권리능력)에 따르면 법인은 법률의 규정에 좇아 
정관으로 정한 목적의 범위내에서 권리와 의무의 주체가 된다고 되어 있다.
   또한 「사립학교법」제70조의2(사무기구 및 직원) 제1항에 따르면 학교법인 또는 
사립학교경영자는 그의 사무와 그가 설치·경영하는 학교의 사무를 처리하기 
위하여 필요한 사무기구를 두되, 그 설치·운영과 사무직원의 정원·임용·보수·
복무 및 신분보장에 관하여는 학교법인 또는 법인인 사립학교경영자의 경우에는 
정관으로 정한다고 되어 있고, 전북특별자치도교육청(구, 전라북도교육청)의 “사립
- 2 -
학교 사무직원 인사운영 지침(2021. 2)”에 따르면 사무직원의 장기재직휴가 및 
학습휴가제도 등 지방공무원 복무규정 적용 시 법인 정관에 근거를 명시하도록 
되어 있다.
   또한 「전북특별자치도교육감 소속 지방공무원 복무 조례」제23조(특별휴가) 제3항과 
제4항에 따르면 소속기관의 장은 10년 이상 재직한 공무원에 대하여 장기재직휴가를 
허가할 수 있고 공무원은 근무에 지장을 주지 않는 범위에서 학습휴가를 받을 수 
있다고 되어 있다. 
 3. 감사결과 확인된 문제점
  그런데도 학교법인 황등기독학원은 2021. 9. 24.「사립학교법」이 개정(시행일 
2022. 3. 25.)되면서 제17조제5항(이사장은 이사회 소집을 학교 인터넷 홈페이지 등에 
공지하여야 한다)이 신설되었음에도 정관에 반영하지 않은 등 【표1】“학교법인 
황등기독학원 정관 미개정 내역”과 같이 상위 법 개정으로 변경된 사항 총 6건을 
2025. 4. 24. 감사일 현재까지 학교법인 황등기독학원 정관에 반영하지 않은 사실이 
있다.
【표1】 학교법인 황등기독학원 정관 미개정 내역
순
법률
개정일
(시행일)
관련법령 조항 주요내용 법인정관 반영여부
(현행내용)
비
고
1 2021.9.24.
(2022.3.25.)
사립학교법
제17조
제5항
∘이사장은 이사회 소집을 학교 
인터넷 홈페이지 등에 공지
미반영
▸해당내용 없음 신설
2
2021.9.24.
(2022.3.25.)
사립학교법
제21조
제7항
∘각 호에 해당하는 사람에 대해 
임원 취임의 승인을 요청하는 
경우에는 재적이사 3분의 2 
이상의 찬성을 받아야 함
- 임원 취임 승인이 취소된 날부
터 10년이 지난 사람
- 학교의 장의 직위에서 해임
된 날부터 6년이 지난 사람
- 사립학교 교원으로 재직 중 
파면된 날부터 10년이 지난 
사람
미개정
▸제21조(임원선임의 
제한)
-임원취임승인이 취소된 
날부 터  5년 이 경과 한  자
-학교의 장에서 해임된 
날부 터  3년 이 경과 한  자
-사립학교 교원으로 재직 
중 파 면된  날부 터  5년 이 
경과한 자
개정
- 3 -
순
법률
개정일
(시행일)
관련법령 조항 주요내용 법인정관 반영여부
(현행내용)
비
고
3 2021.9.24.
(2022.3.25.)
사립학교법 제22조
∘임원의 결격사유 강화
- 임원  취 임  승 인 이  취 소 된  날부터 
10년이 지나지 아니한사람
- 학교의 장의 직위에서 해임
된 날부터 6년이 지나지 아
니한 사람
- 사립학교 교원으로 재직 중 
파면된 날부터 10년이 지나지 
아니한 사람
- 4급 이상의 교육행정 공무원  
  또는 4급 상당 이상의 교육  
  공무원으로 재직하다 퇴직한  
  후 2년이  지나지 아니한 사람
미반영
▸해당내용 없음 신설
4 2021.9.24.
(2022.3.25.)
사립학교법
제22조의
2
∘임원 결격 사유에 해당하는
  경우 당연퇴임하도록 근거
  조항 마련 
미반영
▸해당내용 없음 신설
5 2021.9.24.
(2022.3.25.)
사립학교법
제29조
제4항,
제31조
제3항
∘사립학교 학교운영위원회 심의  
  기구로 격상, 현행법 상 학교  
  운영위원외 자문사항을 심의  
  사항으로 개정
미개정
▸현행내용
- 제8조제3항: 
 학교에 속하는 회계의 
예산은 당해 학교의 
장이 편성하여 학교
운영위원회의 자문을
 거친 후 ~(후략)
- 제8조제4항:
 회계의 결산은 매 
 회계연도 종결 후
 학교운영위원회의 
 자문을 거쳐야 한다.
- 제96조: 
 운영위원회는 다음
 각호의 사항을 자문
 한다.
개정
6
2021.9.24.
(2022.3.25.)
사립학교법
제62조
제4항
∘교원징계위원회 외부위원을  
  최소 2명이상 포함, 외부위원에  
  학부모위원이 1명 이상 포함
  되도록 하고, 특정 性이 10분의  
  6을 초과하지 않도록 함
미개정, 미반영
▸현행내용
- 제55조제3항: 
  외부위원을 최소 1명  
  이상 포함할 것
- 학부모위원 포함,
  특정 성(性) 비율
  내용 없음
개정
- 4 -
  또한 학교법인 황등기독학원이 설치 ․운영하는 성일고등학교는 「전북특별
자치도교육감 소속 지방공무원 복무 조례」의 장기재직휴가 및 학습휴가 시행일
(2016. 2. 5.)부터 2025. 4월 감사일 현재까지 사무직원의 장기재직휴가 및 학습
휴가를 법인 정관에 근거를 명시하지 않고1) 【표2】“사무직원 장기재직휴가 
및 학습휴가 사용 내역”과 같이 실시한 사실이 있다. 
【표2】 사무직원 장기재직휴가 및 학습휴가 사용 내역
“기 재 생 략”
관계기관 의견
  성일고등학교는 감사 결과를 수용하면서 앞으로 관련 법령을 숙지하여 법인 
정관 개정을 누락되는 일이 없도록 하겠다는 의견을 제시하였다. 
조치할 사항
학교법인 황등기독학원 이사장은  
 ① 앞으로 관련 규정과 지침에 따라 법인정관 관리를 철저히 해 주시고, 
 ②〔시정〕상위 법령과 맞게 법인정관을 개정하고, 법인에서 설치․운영하는 
고등학교 사무직원에 대하여 장기재직휴가 및 학습휴가제도를 
정관에 명시하여 시행하시기 바랍니다.
전북특별자치도교육감은  
 ①〔주의〕 관련자에게 ‘주의’ 조치하시기 바랍니다. [주의 1명]
1) 「학교법인 황등기독학원 정관」 제80조(복무) 사무직원의 복무에 관하여는 지방공무원법을 준용한다.
- 5 -
성일고등학교장은  
 ①〔주의〕 관련자에게 ‘주의’ 조치하시기 바랍니다. [주의 1명]
전북특별자치도익산교육지원청교육장은
 ①〔주의〕 관련자에게 ‘주의’ 조치하시기 바랍니다. [주의 1명]
- 6 -
일련번호 성일고등학교-1
전북특별자치도교육청
주의 요구
제        목     지필평가 관리 부적정
소 관  기 관     성일고등학교
조 치  기 관     성일고등학교
내        용
1. 업무개요
  성일고등학교는 “고등학교 학업성적관리 시행지침 및 관리방안”과 
“성일고등학교 학업성적관리규정”에 따라 평가 계획을 수립하여 지필평가를 
실시하고 있다.  
2. 관계법령 및 판단기준  
  전북특별자치도교육청(구, 전라북도교육청)의 “고등학교 학업성적관리 시행
지침 및 관리방안”에 따르면 결재된 고사원안, 문항정보표, 채점기준표 등을 
수정할 경우 결재 절차(교과협의회→학업성적관리위원회 심의→학교장 결재→
수정사항 공지→문항정보표 등 재결재, 적용)를 거친 후 수정·보완하여야 하며, 
최종 결재물을 근거로 채점이 이루어져야 하고 평가담당 교사는 수정 전·후의 
자료를 함께 보관하도록 되어 있다. 
  또한 성일고등학교 “20**학년도 학업성적관리규정” Ⅴ. 지필평가에 따르면 
결재된 고사원안, 문항정보표, 채점기준표 등을 수정할 경우 결재 절차
- 7 -
(교과협의회→학업성적관리위원회 심의→학교장 결재→수정사항 공지)를 
거친 후 수정·보완하여야 하며, 최종 결재물을 근거로 채점이 이루어져야 
하고 평가담당교사는 수정 전·후의 자료를 함께 보관하도록 되어 있다.
3. 감사결과 확인된 문제점  
  그런데도 성일고등학교는 20**학년도 *학년 *학기 1차고사 국어 교과 
선택형 20번 문항의 최초 정답 2번을 2번과 5번으로 복수정답 처리하면서  
학업성적관리위원회 심의를 받지 않은 사실이 있고, 수정 전·후 자료를 
보관하지 않은 사실이 있다.
※ 지필평가 관리 내역
“기 재 생 략”
관계기관 의견
  성일고등학교는 감사결과를 수용하면서 앞으로 관련 법령을 숙지하여 절차가 
누락되는 일이 없도록 하겠다는 의견을 제시하였다. 
조치할 사항 
성일고등학교장은 
① 앞으로 관련 규정과 지침에 따라 지필평가 관리를 철저히 해 주시고, 
②〔주의〕 관련자에게 ‘주의’ 조치하시기 바랍니다. [주의 1명]
- 8 -
일련번호 성일고등학교-2
전북특별자치도교육청
주의 요구
제        목     학생 출결관리 부적정
소 관  기 관     성일고등학교
조 치  기 관     성일고등학교 
내        용
1. 업무개요
  성일고등학교는 “학교생활기록 작성 및 관리지침”과 “학교생활기록부 기재 
요령”에 따라 출석 인정 결석과 교외체험학습 등 학생 출결에 관한 사항을 관리
하고 있다. 
2. 관계법령 및 판단기준  
  가. 출석 인정 결석 부적정
  「초·중등교육법」 제25조(학교생활기록)에 따르면, 학교의 장은 학생의 
학업성취도와 인성(人性) 등을 종합적으로 관찰·평가하여 학생 지도 및 
상급학교의 학생 선발에 활용할 수 있도록 하기 위하여 교육부령으로 정하는 
기준에 따라 학교생활기록을 작성·관리하여야 한다고 되어 있다.
  또한 교육부의 “학교생활기록 작성 및 관리지침(교육부훈령)” [별표 8] 
- 9 -
출결상황 관리에 따르면 병역관계 등 공적의무 또는 공권력의 행사로 인하여 
출석하지 못한 경우 출석으로 인정한다고 되어 있고, 교육부의 “20**학년도 
학교생활기록부 기재요령”에 따르면 보호관찰소에서 명한 사회봉사 및 
특별교육 등의 수강 기간은 출석 인정 결석으로 처리한다고 되어 있다.
  나. 교외체험학습 부적정
  「초·중등교육법 시행령」 제48조(수업운영방법 등) 제5항에 따르면 학교의 
장은 교육상 필요한 경우 보호자의 동의를 얻어 교외체험학습을 허가할 수 
있고 이 경우 학칙이 정하는 범위 안에서 교외체험학습을 수업으로 인정
할 수 있다고 되어 있다.
  교육부의 “학교생활기록부 기재요령”에 따르면 교외체험학습의 내용은 
현장체험학습, 친인척 방문, 가정학습 등으로 할 수 있고, 출결 처리 방법은 
‘교외체험학습 신청(신청서 및 학습계획서 제출) → 학교장 심사 후 승인 통보 → 
교외체험학습 실시 → 교외체험학습 보고서 제출 → 면담 등을 통한 사실 
확인 후 출석 인정 결석으로 처리’ 하도록 되어 있으며, 전북특별자치도교육청의 
“20**학년도 학교장 허가 교외체험학습 및 교환학습 운영 계획”에 따르면 결과보고서를 
받은 후 반드시 학생 면담을 통한 사실 확인 후 출석으로 처리하며 신청서와 
결과보고서, 기타 증빙서류는 취합하여 5년간 보관하도록 되어 있다.
3. 감사결과 확인된 문제점
  가. 출석 인정 결석 부적정
  그런데도 성일고등학교는 20**. *. **. 보호관찰소의 출석 면담에 참여한 
학생의 출결 상황을 출석 인정 결석으로 처리하지 않는 등1) 【표】“출석 
인정 결석 미처리 현황”과 같이 학생 출결 관리를 부적정하게 한 사실이 있다.
1) NEIS 출석 인정 미처리에 따른 학교생활기록부 창의적 체험활동상황 이수시간에는 변동 사항 없음
- 10 -
【표】 출석 인정 결석 미처리 현황 
“기 재 생 략”
  나. 교외체험학습 부적정
  또한 성일고등학교는 20**학년도 *학년 *반 ○○○ 학생이 교외체험학습 
실시 후 제출한 보고서에 체험학습 내용과 소감 등 주요 내용을 작성하지 않고 
제출하였는데도 담임교사 ○○○이 보고서 내용 검토와 학생 면담 등을 통한 
사실 확인 절차를 거치지 않은 채 교외체험학습 보고서를 증빙서류로 취합·보관한 뒤 
학생의 출결상황을 출석 인정으로 처리하는 등 【표】“교외체험학습 증빙서류 
관리 부적정 내역”과 같이 학생 5명이 신청한 총 17일간의 교외체험학습에 대하여 
출석 인정을 위한 필수 증빙서류(교외체험학습 신청서 및 보고서) 관리를 
부적정하게 한 사실이 있다.
【표】 교외체험학습 증빙서류 관리 부적정 내역
“기 재 생 략”
관계기관 의견
  성일고등학교는 감사결과를 수용하면서 앞으로 관련 법령을 숙지하여 
학생 출결관리를 철저히 하겠다는 의견을 제시하였다. 
조치할 사항 
성일고등학교장은 
① 앞으로 동일한 지적사항이 발생하지 않도록 관련 규정과 지침에 따라 
학생 출결 관리를 철저히 해 주시고 교원 연수 등 자체 계획을 수립하여 
시행하시기 바라며, 
②〔주의〕 관련자에게 ‘주의’ 조치하시기 바랍니다. [주의 2명]
- 11 -
일련번호 성일고등학교-3
전북특별자치도교육청
주의 및 시정 요구
제        목     창의적 체험활동상황 봉사활동 입력 부적정
소 관  기 관     성일고등학교
조 치  기 관     성일고등학교 
내        용
1. 업무개요
  성일고등학교는 학교교육계획에 의한 봉사활동 실적을 학교생활기록부 
창의적 체험활동상황 봉사활동 영역에 입력하여 관리하고 있다.  
2. 관계법령 및 판단기준  
  교육부의 “학교생활기록 작성 및 관리지침(교육부훈령)” 제13조(창의적 
체험활동상황)에 따르면, 자율ㆍ자치활동, 동아리활동, 진로활동은 영역별 
이수시간 및 특기사항(개별적 특성이 드러나는 사항 등)을 입력하고 봉사활동은 
실적을 입력한다고 되어 있고, 교육부의 “학교생활기록부 기재요령”에 따르면 
창의적 체험활동의 영역별 이수시간은 정규교육과정 내에서 실시한 학년·
학급 단위의 활동시간을 기준으로 본인이 실제로 참여하여 이수한 시간을 
입력하고 어떠한 사유(경조사 또는 천재지변 등으로 인한 출석인정, 질병, 
미인정, 기타결석, 조퇴 등을 구분하지 않음)로든 참여하지 않은 시간은 
- 12 -
제외한다고 되어 있으며 봉사활동 실적은 구체적인 내용을 별도의 ‘봉사
활동실적’란에 일자 또는 기간, 장소 또는 주관기관명, 활동내용, 시간을 
모두 입력한다고 되어 있다.
  또한 교육부의 “학교생활기록 작성 및 관리지침(교육부훈령)” 제19조
(자료의 정정)에 따르면 매 학년이 종료된 이후에는 당해 학년도 이전의 
학교생활기록부 입력 자료에 대한 정정은 원칙적으로 금지하고 객관적인 
증빙자료가 있는 경우에만 정정이 가능하며, 정정 시에는 반드시 정정내용에 
관한 증빙자료를 첨부하여 정정의 사유, 정정내용 등에 대하여 학교 학업
성적관리위원회의 심의 절차를 거친 후 재학생은 정정 사항의 발견 학년도 
담임교사가, 졸업생은 업무 담당자가 정정 처리해야 한다고 되어 있다.
3. 감사결과 확인된 문제점  
  그런데도 성일고등학교 교사 ⊙⊙은 20**. *. **. 학교생활기록부 정정을 
통해 누락된 20**학년도 봉사활동 실적을 입력하면서 결석으로 실제 참여
하지 않은 ○○○ 학생의 봉사활동 실적을 ‘학교생활기록부 창의적 체험활동
상황 봉사활동’에 부적정하게 입력한 사실이 있다.
※ 봉사활동 실적 입력 부적정 내역
“기 재 생 략”
관계기관 의견
  성일고등학교는 감사결과를 수용하면서 앞으로 관련 지침을 숙지하여 창의적 
체험활동상황 입력을 철저히 하겠다는 의견을 제시하였다. 
- 13 -
조치할 사항 
성일고등학교장은 
① 앞으로 관련 규정과 지침에 따라 학교생활기록부 창의적 체험활동상황이 
입력될 수 있도록 해 주시고
②〔시정〕 결석으로 인해 봉사활동에 참여하지 않은 20**학년도 *학년 ○○○ 학생의 
창의적 체험활동 이수 시간을 정정 처리(봉사활동 2시간 제외)하시기 바라며, 
③〔주의〕 관련자에게 ‘주의’ 조치하시기 바랍니다. [주의 1명]
- 14 -
일련번호 성일고등학교-4
전북특별자치도교육청
주의 요구
제        목     학교스포츠클럽 등 운영 부적정
소 관  기 관     성일고등학교
조 치  기 관     성일고등학교 외 2개 기관
내        용
1. 업무개요
  성일고등학교는 「학교체육 진흥법」에 따라 학생들의 신체적 건강 증진과 
바른 인성 함양을 위해 다양한 스포츠 활동 참여 기회를 제공하고자 노력
하고 있다. 
2. 관계법령 및 판단기준  
  「학교체육 진흥법」 제10조(학교스포츠클럽 운영) 제1항에 따르면 학교의 장은 
학생들이 신체활동 프로그램에 참여할 수 있도록 학교스포츠클럽을 운영하여 
학생들의 체육활동 참여 기회를 확대하여야 한다고 되어 있다. 
  또한, 전북특별자치도교육청(구, 전라북도교육청)의 “20**~20**학년도 학교
스포츠클럽 운영 매뉴얼”에 따르면 학교스포츠클럽을 활성화하기 위하여 학교
체육소위원회 구성 → 학생 의견 수렴 및 모집 → 전체 및 클럽별 연간 
- 15 -
운영계획 수립→ 학교체육소위원회 심의 및 학교장 승인 → NEIS 학생 
등록 → 클럽별 활동 전개 → 활동내역 NEIS 상시 입력 → 만족도 조사 
및 평가 → 평가 결과 반영 등의 운영 절차를 거쳐 업무처리 하도록 되어 있다. 
  또한, 「학교체육진흥법」제8조(학생건강체력평가 실시계획의 수립 및 실시) 
및 제9조(건강체력교실 등 운영), 같은 법 시행규칙 제5조(건강체력교실의 
설치 및 운영)에 따르면 학교의 장은 학생의 건강체력 상태를 측정하기 위해 
매년 3월 말까지 실시 계획을 수립하여 학생건강체력평가(PAPS)를 실시하여야 
하고, 학생건강체력평가에서 저체력 또는 비만 판정을 받은 학생을 대상으로 
건강체력증진을 위하여 정규 또는 비정규 프로그램(건강체력교실)을 운영하여야 
한다고 되어 있다.
3. 감사결과 확인된 문제점 
  그런데도 성일고등학교는 20**학년도 축구 외 4개 종목의 학교스포츠클럽을 
운영하면서 ‘전체 및 클럽별 연간 운영계획’을 수립하지 않았고 학교스포츠
클럽 세부 운영 내용이 반영되지 않은 활동계획을 학교체육소위원회에서 심의
하는 등 【표1】“학교스포츠클럽 운영 부적정 내역”과 같이 20**~20**학년도 
학교스포츠클럽 운영을 소홀히 한 사실이 있다. 
【표1】 학교스포츠클럽 운영 부적정 내역
“기 재 생 략”
  또한, 20**학년도 학생건강체력평가(PAPS) 결과 저체력 학생(4·5등급) 63명 
또는 비만판정 학생 58명을 대상으로 건강체력교실을 운영하지 않는 등 
【표2】“건강체력교실 운영 부적정 내역”과 같이 건강체력교실 운영을 
소홀히 한 사실이 있다.
- 16 -
【표2】 건강체력교실 운영 부적정 내역
“기 재 생 략”
관계기관 의견
  성일고등학교는 감사 결과를 수용하면서 앞으로 관련 법령을 숙지하여 
학교스포츠클럽 등 운영을 철저히 하겠다는 의견을 제시하였다. 
조치할 사항 
성일고등학교장은 
① 앞으로 관련 규정과 지침에 따라 학교스포츠클럽 및 건강체력교실 운영을  
   철저히 하여 주시고
② 〔주의〕 관련자에게 ‘주의’ 조치하시기 바랍니다. [주의 2명]
전북특별자치도교육감은 
① 〔주의〕 관련자에게 ‘주의’ 조치하시기 바랍니다. [주의 2명]
전북특별자치도익산교육지원청교육장은
① 〔주의〕 관련자에게 ‘주의’ 조치하시기 바랍니다. [주의 1명]
- 17 -
일련번호 성일고등학교-5
전북특별자치도교육청
주의 및 시정 요구
제        목   통학버스 계약서류 징구 부적정
소 관  기 관   성일고등학교
조 치  기 관   성일고등학교 외 1개 기관
내        용
 1. 업무개요
  성일고등학교는 학생들의 안전하고 편리한 등하교 지원을 위하여 용역계약을 
통해 통학버스를 운행하고 있다. 
 2. 관계법령 및 판단기준
   「지방자치단체를 당사자로 하는 계약에 관한 법률 시행령」제51조(계약의 이
행보증) 및 제52조(계약보증금 납부방법), 제53조(계약보증금 면제)에 따르
면 계약담당자는 공사를 제외한 물품 ‧ 용역 등의 계약을 체결하는 경우
에는 계약보증금으로 계약금액의 100분의 10이상을 내게 해야한다. 그리
고 계약보증금은 현금 또는 보증서 등으로 내게 하여야 하는데, 단가계약
에 의하는 경우로서 여러 차례 분할하여 계약을 이행하게 할 때에는 매회별 
이행예정량 중 최대량에 계약단가를 곱한 금액의 100분의 10 이상을 계약
보증금으로 내게 하여야 한다고 되어 있다. 
- 18 -
    또한 계약금액이 5천만원 이하인 계약을 체결하는 경우 계약보증금을 면제
할 수 있으나 계약보증금의 납부를 면제받은 자에게 계약보증금의 세입조치 
사유가 발생한 경우 계약보증금에 해당하는 금액을 낼 것을 보장하기 위하여 
그 지급을 확약하는 내용의 문서(확약서)를 제출하게 하여야 한다고 되어 있다. 
   한편 같은 법 시행규칙 제33조(수의계약 체결 시 견적서 제출 생략의 대상)에 
따르면 계약담당자는 추정가격이 200만원 미만인 물품의 제조ㆍ구매ㆍ임차 
및 용역계약을 체결하는 경우 등을 제외하고 견적서를 제출 받아야 한다고 
되어 있고, 「지방자치단체 입찰 및 계약집행기준, 행정안전부 예규」제9장 
계약 일반조건 (제2절 계약의 체결)))에 따르면 용역 계약문서는 계약서, 입찰
유의서, 계약일반조건, 계약특수조건(필요시), 과업내용서 및 산출내역서로 
구성되며 상호보완의 효력을 가진다고 되어 있다.
 
 3. 감사결과 확인된 문제점
  그런데도 성일고등학교는 20**. 2. 24. 20**학년도 통학버스 임차용역을 
수의계약으로 체결하면서 계약의 적정한 이행을 담보하는 계약보증금 납부 
확약서, 견적서 및 산출내역서를 징구하지 않았고 용역계약 특수조건에서 
제시한 교통안전교육 이수사항 등 운전원 관련 서류를 제출받지 않은 사실이 
있다.
  ※ 20**학년도 통학버스 용역계약 서류 미징구 내역   
건  명 계약금액
(단가) 계약일 용역기간 계약상대자
(대표자)
계약보증금
(보증서 
혹은 
확약서)
견적서, 
산출내역서
교통안전교육 
이수사항 등 
특수조건서류**
20**학년도
통학버스 
수의계약*
50,000천원
(4,150원)
20**. 
2. 24.
20**.3. ~ 
20**.1.
(유)♤♤♤
♤♤♤
[○○○]
미징구 미징구 미징구
  *입찰 2회 실시하였으나 2회 모두 유찰(단독응찰)되어 수의계약 체결함
 **특수조건 구비서류(제8조 운전원의 채용 및 관리): 전세버스 교통 안전정보 조회결과 통보서, 버스운전자 
자격증 사본, 운전자의 인적사항과 재직증명서, 채용신체검사서, 통학버스 안전교육 이수증 
- 19 -
관계기관 의견
  성일고등학교는 감사결과를 수용하면서 앞으로 관련 법령을 숙지하여 관련 
서류가 누락되는 일이 없도록 하겠다는 의견을 제시하였다. 
조치할 사항
성일고등학교장은  
 ① 앞으로 관련 규정과 지침에 따라 통학버스 임차 용역 계약업무를 철저히 
해 주시고
 ②〔시정〕 20**학년도 통학버스 용역계약 구비서류를 징구하시기 바랍니다. 
 ③〔주의〕 관련자에게 ‘주의’ 조치 하시기 바랍니다. [주의 1명]
전북특별자치도익산교육지원청교육장은
 ①〔주의〕 관련자에게 ‘주의’ 조치 하시기 바랍니다. [주의 1명]
- 20 -
일련번호 성일고등학교-6
전북특별자치도교육청
경고 요구
제        목     학교발전기금 관리·운용 부적정
소 관  기 관     성일고등학교
조 치  기 관     성일고등학교 외 1개 기관
내        용
1. 업무개요
  성일고등학교는 「초·중등교육법」에 따라 학교발전기금회계를 설치하고 
「학교발전기금의 조성·운용 및 회계관리 요령」에 따라 학교발전기금을 관리·
운용하고 있다.
2. 관계법령 및 판단기준
 가. 학교발전기금 조성·운영 계획 미공개 등           
 전북특별자치도교육청의 “학교발전기금의 조성·운용 및 회계관리 요령”에 
따르면 학교발전기금 운용계획은 회계연도 개시 전에 예·결산소위원회의 
사전 검토를 거쳐 학교운영위원회 심의·의결로 확정하고, 발전기금 운용계획에 
변동사항이 발생하거나 변동이 예상되는 경우 예·결산소위원회 사전 검토 후 
학교운영위원회의 심의·의결을 거쳐 운용계획을 변경하여야 한다고 되어 
있다. 또한 발전기금 조성·운용 및 계획서는 심의·의결 후 10일 이내에, 
- 21 -
발전기금 접수 및 집행내역(집행일자, 세부내역, 금액)등 해당 발전기금 
조성·운용 전반에 관한 사항은 분기별 종료 후 1개월 이내에 학교 홈페이지 
등을 통하여 공개하고, 발전기금 결산서는 회계연도 종료 후 3개월 이내에 
관할청 보고 및 공개하도록 되어 있다.
 나. 학교발전기금 사무의 인계·인수 미실시          
 “학교발전기금의 조성·운용 및 회계관리 요령”에 따르면 학교발전기금회계
출납명령기관(학교운영위원장) 교체 후 14일 이내 예금잔액증명서를 첨부한 
현금 및 예금현재액조서와 인계인수목록에 인계인수 연월일과“인계인수를 
필하였음”을 기재한 후 인계인수자 및 입회자가 서명·날인하여 인계·인수
하도록 되어 있다.
 다. 장학금 지급 대상 학교운영위원회 미심의         
 “학교발전기금의 조성·운용 및 회계관리 요령”에 따르면 발전기금 내 장학금 
지급대상을 선정하는 것은 학교운영위원회의 심의·의결사항이며, 학교운영
위원회가 선정방법을 해당학교 장학금선정위원회 등에 위임한 경우에도 
그 선정결과를 학교운영위원회에 보고하여 심의·의결을 받아야 한다. 또한 
장학금을 수여하기 전에 학교운영위원회의 심의 또는 보고가 이루어져야
하는 것이 원칙이며, 대상이 지정된 장학금 중 긴박한 수여 일정 등 집행이 
불가피한 경우에만 심의·의결 전에 사용이 가능하며, 즉시 집행하는 경우에도 
학교운영위원장에게 사전에 구두 및 서면보고 등의 방법을 통하여 알려야 
하며, 차기 학교운영위원회 회의 시 보고 및 심의·의결을 하여야 한다고 
되어 있다.
- 22 -
 라. 학교발전기금 학교회계 전출 미심의    
 “학교발전기금의 조성·운용 및 회계관리 요령”에 따르면 발전기금을 학교
회계로 전출하고자 할 경우 학교회계로 전출할 사업과 금액을 지정하여 
학교운영위원회의 심의·의결을 거쳐 학교회계로 전출하여야 한다고 되어 
있다. 또한 학교회계로 전출한 발전기금은 집행 완료 후 차기 학교운영위원회에 
세부 집행내역을 서면으로 보고하여야 한다고 되어 있다.
3. 감사결과 확인된 문제점
 가. 학교발전기금 조성·운영 계획 미공개 등
  그런데도 성일고등학교는 20**회계연도 학교발전기금 조성·운용계획을 
공개하지 않았고, 발전기금 운용계획이 당초 79,923,550원에서 72,848,550원으로 
변경되었음에도 변경 운용계획을 수립하지 않았으며, 발전기금 접수·집행내역 
및 결산서를 공개하지 않는 등 【표1】“학교발전기금 조성·운용 계획 미공개 
등 부적정 내역”과 같이 20**~20**회계연도 학교발전기금 관리를 소홀히 한 
사실이 있다. 
【표1】학교발전기금조성·운용계획미공개등부적정내역
 (단위: 원)
 
회계
연도
조성·
운용계획
공개
당초
계획금액
실제
접수금액
변경운용
계획수립
변경운용
계획심의
접수및
집행내역
공개
결산서
공개
20** × 79,923,550 72,848,550 × × × ×
20** × 76,511,240 61,211,240 × × × ×
20** × 70,256,550 58,756,550 × × × ×
20** × 69,480,800 51,380,800 × × × ×
- 23 -
나. 학교발전기금 사무의 인계·인수 미실시          
  그런데도 성일고등학교는 20**. 4. 1. 학교발전기금회계출납명령기관인 
학교운영위원회위원장이 교체되었음에도 학교발전기금회계 사무의 인계·인수서를 
작성하지 않는 등 【표2】“학교발전기금회계 사무의 인계·인수 미실시 
내역”과 같이 20** 및 20**회계연도 총 2회 학교발전기금출납명령기관에 
대한 인계·인수서를 작성하지 않은 사실이 있다. 
 【표2】학교발전기금회계 사무의 인계·인수 미실시 내역
“기 재 생 략”
     
 다. 장학금 지급 대상 학교운영위원회 미심의         
  그런데도 성일고등학교는 20**. *. *. 학생 ○○○에게‘지정 장학생 지원’ 
100,000원을 지급하면서 지급대상에 대해 학교운영위원회의 심의·의결을 
받지 않는 등 【표3】“장학금 지급 대상 학교운영위원회 미심의 내역”과 
같이 20**~20**회계연도 총 41회, 합계 18,850,000원의 장학금을 지급하면서 
학교운영위원회의 심의·의결을 받지 않고 장학금 지급 대상자를 선정한 
사실이 있다.
 【표3】장학금 지급 대상 학교운영위원회 미심의 내역                                           
“기 재 생 략”    
- 24 -
 라. 학교발전기금 학교회계 전출 미심의 및 미보고    
  그런데도 성일고등학교는 20**. *. **. 20**학년도 1학기 특급장학생 기숙사비 등 
7,350,250원에 대한 전출계획과 집행내역을 학교운영위원회의 심의·의결을 
거치지 아니하고 학교회계로 전출하는 등 【표4】“학교발전기금 학교회계 
전출 미심의 및 미보고 내역”과 같이 20**~20**회계연도에 총 10건, 합계 
22,310,190원을 학교운영위원회의 심의·의결을 거치지 아니하고 집행내역을  
서면 보고하지 않은 사실이 있다.
【표4】학교발전기금 학교회계 전출 미심의 및 미보고 내역
“기 재 생 략”
관계기관 의견 
  성일고등학교는 감사 결과를 수용하면서 앞으로 관련 법령을 숙지하여 관련 
절차가 누락 되는 일이 없도록 하겠다는 의견을 제시하였다. 
조치할 사항 
성일고등학교장은 
① 앞으로 관련 규정과 지침에 따라 학교발전기금 업무를 철저히 하여 주시고,
②〔경고〕관련자에게‘경고’조치 하시기 바랍니다. [주의 1명]
전북특별자치도익산교육지원청교육장은
①〔경고〕관련자에게‘경고’조치 하시기 바랍니다. [주의 1명]
 
- 25 -
일련번호 성일고등학교-7
전북특별자치도교육청
주의 요구
제        목     건강검진 공가 사용 부적정
소 관  기 관     성일고등학교
조 치  기 관     성일고등학교 외 1개 기관
내        용
1. 업무개요
  성일고등학교는 「사립학교법」 및 「국가공무원 복무규정」에 따라 교원의 
복무를 체계적으로 관리하고 교직원이 성실하게 직무를 수행할 수 있도록 
복무지도를 위해 노력하고 있다. 
2. 관계법령 및 판단기준  
  「사립학교법」 제55조(복무)에 따르면 사립학교 교원의 복무에 관하여는 
국립학교·공립학교 교원에 관한 규정을 준용하도록 되어 있고, 「국가공무원 
복무규정」제19조(공가) 및 「교원휴가에 관한 예규」 제7조(공가)에 따르면 
학교의 장은 소속 교원이 다음 어느 하나에 해당하는 경우에는 이에 직접 
필요한 기간 또는 시간에 대하여 공가를 승인하여야 한다고 되어 있다.
- 26 -
  또한 「국민건강보험법」제52조(건강검진) 및 「국민건강보험법 시행령」
제25조(건강검진)에 따른 건강검진은 2년마다 1회 이상 실시한다고 되어 
있고, 「국가공무원 복무·징계 관련 예규」제8장 휴가, 4. 휴가종류별 실시
방법, 다. 공가 ‘(2) 공가제도의 운영상 유의사항’에 「국민건강보험법」 
제52조에 따른 건강검진의 확진검사는 공가 대상이 아니라고 되어 있다.
3. 감사결과 확인된 문제점 
  그런데도 성일고등학교 ** ○○○은 20**. *. *.(금) 공가를 승인 받고서도 
건강검진을 실시하지 않는 등 【표】 “공가 사용 부적정 내역”과 같이 
교직원 2명이 총 2회 공가를 부적정하게 사용한 사실이 있다. 
【표】 공가 사용 부적정 내역
“기 재 생 략”
관계기관 의견
  성일고등학교는 감사 결과를 수용하면서 앞으로 관련 법령을 숙지하여 
복무관리를 철저히 하겠다는 의견을 제시하였다. 
조치할 사항 
성일고등학교장은 
① 앞으로 관련 규정과 지침에 따라 공가를 적정하게 사용하도록 관리하여 
주시고,
② 〔주의〕 관련자에게 ‘주의’ 조치하시기 바랍니다. [주의 1명]
전북특별자치도교육감은 
① 〔주의〕 관련자에게 ‘주의’ 조치하시기 바랍니다.  [주의 1명]
- 27 -
일련번호 성일고등학교-8
전북특별자치도교육청
주의 및 시정 요구
제        목     물품 관리 부적정
소 관  기 관     성일고등학교
조 치  기 관     성일고등학교 외 1개 기관
내        용
1. 업무개요
   성일고등학교는 기관 운영 및 환경개선 등을 위한 비품구입비를 예산에 
반영하고 「사학기관 재무·회계 규칙」에 따라 물품을 관리하고 있다.
2. 관계법령 및 판단기준  
 「사학기관 재무ㆍ회계 규칙」제49조(물품의 관리의무) 및 제50조(물품의 관리)에 
따르면 물품관리자ㆍ물품출납원 및 물품사용자는 선량한 관리자로서의 주의와 
의무를 다하고, 물품관리자는 물품 출납의 사유가 생겼을 때에는 그 물품 출납원에게 
그 출납을 명해야 하며, 출납명령은 각 해당 수급부에 결재날인함으로써 행한다고 
되어 있으며, 물품관리자는 2년마다 정기적으로 학년도 말을 기준으로 재물조사를 
실시하여야 한다고 되어 있다. 또한 같은 법 제53조(학교에 비치할 장부와 
서류)에 따르면 학교에는 비품수급부를 비치하여야 한다고 되어 있다.
- 28 -
3. 감사결과 확인된 문제점 
   그런데도 성일고등학교는 20**. 12. 5. 취득한 텅드럼을 비품수급부에 등재
하지 않는 등 【표】“비품수급부 미등재 내역”과 같이 20**~20**회계연도 
총 5건, 합계 5,527,700원의 물품을 비품수급부에 등재하지 않은 사실이 있다.
                  【표】 비품수급부 미등재 내역 
“기 재 생 략”
관계기관 의견 
  성일고등학교는 감사 결과를 수용하면서 앞으로 관련 법령을 숙지하여 비품 
등재가 누락 되는 일이 없도록 하겠다는 의견을 제시하였다. 
조치할 사항 
성일고등학교장은 
① 앞으로 관련 규정과 지침에 따라 물품 관리 업무를 철저히 하여 주시고,
②〔시정〕미등재된 물품을 비품수급부에 등재하시기 바랍니다.
③〔주의〕관련자에게‘주의’조치 하시기 바랍니다. [주의 1명]
전북특별자치도익산교육지원청교육장은
①〔주의〕관련자에게‘주의’조치 하시기 바랍니다.  [주의 1명]
 
- 29 -
일련번호 성일고등학교-9
전북특별자치도교육청
주의 및 시정(회수) 요구
제        목     관급자재 준공검사 부적정
소 관  기 관     성일고등학교
조 치  기 관     성일고등학교 외 1개 기관
내        용
1. 업무개요
  성일고등학교는 2022회계연도에‘옥상방수 및 창호개선’외 1건의 관급
공사를 시행하였으며, 이에 대한 공사감독과 준공검사 등의 업무를 추진
하였다.
2. 관계법령 및 판단기준
  「지방자치단체를 당사자로 하는 계약에 관한 법률」 제16조(감독) 및 제17조(검사)에 
따르면 계약담당자는 공사·물품·용역 등의 계약을 체결한 경우에 그 계약을 
적절하게 이행하도록 하기 위하여 필요하다고 인정하면 계약서·설계서 
및 그 밖의 관계 서류에 따라 감독하거나 소속 공무원 등에게 그 사무를 
위임하여 감독하게 하여야 하며, 계약상대자가 계약의 전부 또는 일부의 
- 30 -
이행을 끝내면 이를 확인하기 위하여 계약서·설계서 및 그 밖의 관계 
서류에 따라 이를 검사하거나 소속 공무원 등에게 위임하여 검사하게 하여야 
한다고 되어 있으며, 「지방자치단체를 당사자로 하는 계약에 관한 법률 
시행령」 제64조(검사) 제5항에 따르면 검사를 함에 있어서 계약상대자의 
계약이행 내용의 전부 또는 일부가 계약에 위반되거나 부당함을 발견하였을 
때에는 지체없이 필요한 시정조치를 명하여야 한다고 되어 있다.
  또한, 「(계약예규) 물품구매(제조) 계약일반조건」 제10조(계약이행상의 감독) 
및 제19조(검사)에 따르면 계약담당공무원은 계약의 적정한 이행을 확보하기 
위하여 필요하다고 인정하는 경우에는 물품의 제조를 위하여 사용하는 
재료 및 기타 제조공정에 대하여 감독할 수 있으며 계약상대자에 대하여 
필요한 조치를 요구할 수 있고, 계약담당공무원은 검사에 있어서 계약상대자의 
계약이행 내용의 전부 또는 일부가 계약에 위반되거나 부당함을 발견한 
때에는 필요한 시정조치를 할 수 있다고 되어 있다.
3. 감사결과 확인된 문제점
  그런데도 성일고등학교는 20**. **. **. (주)⊙⊙⊙⊙⊙⊙과 계약한(2022. 10. 24.)
‘옥상방수 및 창호개선 관급공사(계약금액 89,699천원)’를 준공 처리하면서 
방수재 공사가 부족시공(1,692.44㎡→1,638.64㎡) 되었음에도 계약금액을 
정산하지 않고 2,851,400원을 과다 지급하는 등 【표1】“관급자재 부족시공에 
따른 공사비 과다 지급내역”과 같이 20**회계연도 총 2건의 관급자재 공사에 
대해 공사비 합계 4,741,400원을 과다 지급한 사실이 있다.
- 31 -
【표1】 관급자재 부족시공에 따른 공사비 과다 지급내역
                                                         (단위: 원) 
순 공사명 계약금액
(천원) 계약자 계약
일자
준공 
일자
공사비 지급내역
실제
지급액
(A)
정당
지급액
(B)
과다
지급액
(C=A-B)
비고
1 옥상방수 및 
창호개선 89,699 ㈜♤♤♤♤♤♤
대표: ○○○
20**.
10.24.
20**.
11.30. 89,699,320 86,847,920 2,851,400 부족
시공
2 차양, 물받이, 
기둥커버 49,535 (유)♧♧♧♧♧♧
대표: ○○○
20**.
12.8.
20**.
2.13. 49,534,450 47,644,450 1,890,000 부족
시공
합 계 139,233,770 134,492,370 4,741,400
【표2】 관급자재 부족시공에 따른 공사비 과다 지급 세부 내역
▷공사명: 옥상방수 및 창호개선                                          (단위: 원)
품명 및 규격 수량(㎡) 단가 금액 비고
폴리우레아수지
도막방수재
JSPU-70R, t2mm,
주차장/옥상
실제 1,692.44 53,000 89,699,320
부족시공
정당 1,638.64 53,000 86,847,920
과다지급 53.8 53,000 2,851,400
▷공사명: 차양, 물받이, 기둥커버                                         (단위: 원)
품명 및 규격 수량(㎡) 단가 금액 비고
차양
JWAW-H01,
1000×1000
실제 102.67 210,000 21,560,700
부족시공
정당 93.67 210,000 19,670,700
과다지급 9 210,000 1,890,000
- 32 -
관계기관 의견
  성일고등학교는 감사 결과를 수용하면서 앞으로 관련 법령을 숙지하여 
공사비가 과다 지급되는 일이 없도록 하겠다는 의견을 제시하였다.
조치할 사항 
성일고등학교장은
① 앞으로 관련 법령과 규정을 준수하여 관급자재 준공검사를 철저히 하여 
주시고,
②〔시정〕 과다 지급된 공사비 4,741,400원을 관련 업체[(주)♤♤♤♤♤♤
(2,851,400원), (유)♧♧♧♧♧♧(1,890,000원)]로부터‘회수’하여 
교비회계로 세입 조치하시기 바랍니다.
③〔주의〕 관련자에게 ‘주의’ 조치 하시기 바랍니다. [주의 1명]
전북특별자치도익산교육지원청교육장은
①〔주의〕 관련자에게 ‘주의’ 조치 하시기 바랍니다. [주의 1명]"
종합감사 결과 공개(탑재용).pdf,PDF,"s
남원고등학교 종합감사 결과 공개
q
2026. 8.
[ 감 사 관 ]

남원고등학교 종합감사 결과 공개
 감사결과의 공개는 국민의 알권리 충족과 학교 운영의 투명성을 강화하기 위한 
공익적 조치입니다. 따라서 감사결과 실명이 공개된 모든 학교(기관)가 비리에 
연관되어 있는 것은 아님을 알려드립니다. 
□ 감사 개요
○ 감사 기간: 2026. 5. 27.∼5. 29.(3일간)
○ 감사 인원: 6명 
○ 감사 범위: 2023. 7. 5.~2026. 5. 26.
□ 감사 결과
 ○ 총괄
신분상(명) 조치 행정상(건) 조치
재정상
조치징계 경고 주의 계 기관
주의 통보 시정 개선 계
· 6
(2건)
12
(6건)
18
(8건) · 3 8 · 11 ž 회수(5건)  1,554,290원
 ※ (  )안은 신분상 조치 대상자에 대한 지적 건수 합계로 건 별 중복 산정
 ○ 분야별 지적 건수
유형별 교무·학사 인사·복무 예산·회계·인건비재산·시설 계
지적 건수 2 3 2 2 9
❍ 지적사항(9건)
연번 분야별 지적건명 처분
1 교무·학사  학생 수상 대상자 관리 부적정 Ÿ 시정
Ÿ 주의(2명)
2 교무·학사  수행평가 점수 부여 부적정 Ÿ 경고(3명)
Ÿ 통보
3 인사·복무 복무 처리 부적정
Ÿ 시정(회수)
  215,800원
Ÿ 주의(3명)
Ÿ 통보
4 인사·복무 기간제교원 연가 사용 부적정
Ÿ 시정(회수)
   309,490원
Ÿ 통보
5 인사·복무
성범죄 경력·아동학대관련범죄 전력 조회 및 
결격사유·범죄경력 유무 조회 미실시
Ÿ 시정
Ÿ 주의(2명)
6 계 약·회 계·인 건 비업무추진비 집행 부적정
Ÿ시정(회수)
 420,000원
Ÿ주의(2명)
Ÿ경고(3명)
7 예 산·회 계·인 건 비출장여비 지급 부적정
Ÿ 시정(회수)
  320,000원
Ÿ 주의(1명)
8 재산·시설 관사 운영 부적정 Ÿ 시정
9 재산·시설 시설공사 준공정산 부적정
Ÿ 시 정(회 수)
  249,000원
Ÿ 주의(2명)
일련번호 남원고등학교-1
전북특별자치도교육청
시정·주의요구
제        목 학생 수상 대상자 관리 부적정
소 관  기 관 남원고등학교
조 치  기 관 ① 남원고등학교 ② **고등학교 ③ ****고등학교
내        용
1. 업무 개요
    남원고등학교는 교육부의 “학교생활기록 작성 및 관리 지침”과 “학교
생활기록부 기재 요령”에 따라 질병결석과 출석인정결석 등 학생 출결에 관한 
업무를 처리하고 있다. 
2. 관계법령 및 판단기준
    「초·중등교육법」 제25조(학교생활기록)에 따르면, 학교의 장은 학생의 학
업성취도와 인성(人性) 등을 종합적으로 관찰·평가하여 학생 지도 및 상급학교
의 학생 선발에 활용할 수 있도록 하기 위하여 교육부령으로 정하는 기준에 따
라 학교생활기록을 작성·관리하여야 한다고 되어 있다.
  또한, 교육부의 “학교생활기록 작성 및 관리지침”(교육부훈령) 제8조(출결상황)에 
따르면 ‘결석일수’, ‘지각’, ‘조퇴’, ‘결과’는 질병·미인정·기타로 구분하여 연
간 총일수 또는 횟수를 각각 입력한다고 되어 있고, 교육부의 “학교생활기록부 기
재요령” 및 남원고등학교의  “2023학년도 교내상 시상계획”에 따르면 출결상은 개근
상과 정근상 2가지 종류가 있으며, 개근상은 지각, 결과, 조퇴, 결석이 한 번도 없는 
자에게 수여하되, 3개년 개근상과 1개년 개근상으로 구분하여 수여한다고 되어 있고, 
정근상은 전 학년을 통틀어 결석일수가 3일 미만인 자에게 수여하되, 지각, 결과, 조
퇴는 합산하여 총 3회를 1일 결석으로 간주한다고 되어 있다. 
3. 감사결과 확인된 문제점  
  그런데도 남원고등학교 교사 @@@은 20**학년도 $학년 ### 학생의 출결상황이 
결석 2일, 지각 2회, 조퇴 1회로 3년 정근상 수상 대상자가 아닌데도 20**. *. *. 
3년 정근상을 수여하고 학교생활기록부에 정근상 수상 경력을 기재하는 등 [표]와 같이 
2023학년도 교사 2명이 학생 2명의 수상 대상자 관리를 부적정하게 처리한 사실이 있다.
[표] 학생 수상 대상자 관리 부적정 현황(20**학년도)[생략]
    그 결과 학교생활기록부에 대한 신뢰성이 저하되었다.
관계기관 의견     남원고등학교는 감사 결과를 받아들이면서 앞으로 관련 규정을 
준수하여 수상 관리 업무를 철저히 수행하겠다는 의견을 제시하였다. 
조치할 사항     
남원고등학교장은 
① 앞으로 관련 법령과 규정 등에 따라 학생 출결상 수상 관리 업무를 철저히 하고
② 학교생활기록부에 기재된 20**학년도 ###, %%% 학생의 3년 정근상 수상
경력을 삭제 처리하고(시정)
&&고등학교장은 관련자에게 주의를 촉구하시기 바랍니다.(주의 1명)
@@@@고등학교장은 관련자에게 주의를 촉구하시기 바랍니다.(주의 1명)
일련번호 남원고등학교-2
전북특별자치도교육청
경고요구 및 통보
제        목   수행평가 관리 부적정
소 관  기 관 남원고등학교
조 치  기 관 남원고등학교  
내        용
1. 업무 개요
    남원고등학교는 학업성적 평가 및 관리의 적정을 기하기 위해 교육부의 
“학교생활기록 작성 및 관리지침” 및 전북특별자치도교육청(구, 전라북도교육청)의 
“고등학교 학업성적관리 시행지침 및 관리방안”에 따라 매년 학업성적관리규정을 
제정하여 학생 평가를 실시하고 있다.   
2. 관계법령 및 판단기준
    교육부의 “학교생활기록 작성 및 관리지침(교육부훈령)”에 따르면 수행평가의 
점수는 점수화가 가능한 영역의 점수만을 반영하되, 기본점수의 부여 여부, 부여 
점수의 범위 등은 시·도교육청의 학업성적관리 시행지침에 따라 학교의 학업성적
관리규정으로 정하게 되어 있으며, 전북자치도교육청의 “고등학교 학업성적관리 
시행지침 및 관리방안”에 따르면 수행평가의 평가영역·요소·방법·횟수·반영 
비율, 수행평가 세부 기준(배점), 기본점수의 부여 등은 과목별·평가 영역별 
비율에 맞게 교과협의회에서 세부 계획을 수립하고, 학업성적관리위원회의 심의를 
거쳐 학교장이 최종적으로 결정한다고 되어 있다.  
3. 감사결과 확인된 문제점
    그런데도 남원고등학교 교사 @@@은 20**학년도 1학기 화학 교과의 수행평가 
‘진로촉매’ 영역에서 *학년 $$$ 학생에게 수행평가 기준에 없는 4점을 부여하는 등 
[표]와 같이 20**학년도 교사 3명이 총 12명의 학생들에게 수행평가 기준에 없는 점수를 
부여한 사실이 있다. 
[표] 수행평가 점수 부여 오류 현황(20**학년도)[생략]
    그 결과 수행평가의 공정하고 객관적인 성적 산출 및 평가의 신뢰성과 
형평성이 저하되었다.
관계기관 의견     남원고등학교는 감사 결과를 받아들이면서 앞으로 관련 규정을 
준수하여 수행평가 업무를 철저히 수행하겠다는 의견을 제시하였다.
조치할 사항    
남원고등학교장은 
① 앞으로 관련 법령과 규정 등에 따라 수행평가 점수 부여 업무를 철저히 하고
② 관련자에게 경고를 촉구하시기 바랍니다.(경고 3명)
③ 부적정하게 부여된 20**학년도 수행평가 점수에 대해 “학업성적관리규정”등 
관련 규정과 지침에 따라 적정한 조치를 하시기 바랍니다.(통보)
일련번호 남원고등학교-3
1. 업무 개요
    남원고등학교는 「교육공무원법」, 「국가공무원 복무 규정」 및 “전북특별
자치도교육청 중등교원인사업무처리요령”, 「전북특별자치도교육감(구, 전라북도교육감) 
소속 교육공무직원 관리규정」등에 따라 교직원 복무를 관리하고 있다.
2. 학교장 복무처리 부적정
 가. 관계 법령 및 판단 기준
    「교육공무원법」제41조에 따르면 교원은 수업에 지장을 주지 아니하는 
범위에서 소속 기관의 장의 승인을 받아 연수기관이나 근무장소 이외의 시설 
또는 장소에서 연수를 받을 수 있다고 되어 있고, 「국가공무원 복무규정」제3조 
전북특별자치도교육청
시정·주의요구 및 통보
제        목     복무 처리 부적정
소 관  기 관 남원고등학교
조 치  기 관 ① 남원고등학교 ② 전북특별자치도교육청
내        용
제1항 및 같은 규정 제14조에 따르면 공무원은 법령과 직무상 명령을 준수하여 근무
기강을 확립하여야 하며, 공무원의 휴가는 연가·병가·공가·특별휴가로 구분
한다고 되어 있다. 
    또한「교원휴가에 관한 예규」제4조 제3항 및「교육공무원 인사실무(교육부 
지침)」 3. 휴가제도의 운영에 따르면 학교장의 휴가는 직근 상급기관의 장의 
허가를 받아 실시하여야 한다고 되어 있다.
    그리고「전북특별자치도교육청 중등교원인사업무처리요령」, ‘Ⅱ. 교육공무원 
복무 관리 지침’에 따르면 학교장의 1일 이상의 휴가는 특별한 사유가 없는 한 
실시 2일 전까지, 41조 연수는 실시 10일 전까지 직근 상급기관에 NEIS로 사전 
신청하도록 하고 있고, NEIS 신청 시 고등학교장의 허가권자는 교육감으로 교원
인사과장의 결재를 득하게 되어 있다.1)
 
 나. 감사결과 확인된 문제점
    그런데도 남원고등학교 ## @@@은 20**. *. **. 병원진료 사유로 병가를 
사용하면서 NEIS 신청 시 허가권자인 ※※※의 결재를 받지 않고 본인이 결재
하는 등 [표]와 같이 20**~20**년도 && 2명이 총 10건, 17일(공가 1일, 병가 5일, 
교육공무원법 41조 연수 11일)의 복무를 부적정하게 처리한 사실이 있다.
                  [표] ※※복무 부적정 내역(20**~20**년도)[생략]
 
1) 관련: 전라북도교육청 총무과-12955(2021. 7. 15.) 기관장 휴가 시 복무처리 안내
3. 가족돌봄휴가(유급) 사용 부적정
 가. 관계 법령 및 판단 기준
    전북특별자치도교육청(구, 전라북도교육청) 「전북특별자치도교육감(구, 전라북도교육감) 
소속 교육공무직원 관리규정」제50조의3 제6항에 따르면 교육공무직원은 가족 질병, 
사고, 노령 또는 자녀의 양육 등으로 인하여 연간 10일의 범위에서 가족돌봄휴가1)를 
받을 수 있다고 되어 있고, 가족돌봄휴가는 무급으로 하되, 자녀를 돌보기 위한 
가족돌봄휴가는 연간 3일을 유급으로 한다고 되어 있다.
 나. 감사결과 확인된 문제점 
    그런데도 남원고등학교 &&&&& $$$는 20**. *. *.~*. *. 유급 가족돌봄휴가에 
해당하지 않는 ‘배우자 돌봄’을 사유로 가족돌봄휴가(유급) 5일을 사용하여 
인건비 215,800원을 과다 지급받은 사실이 있다.
※ 가족돌봄휴가(유급) 사용 인건비 과다 지급받은 내역(2023년도)[생략]
    그 결과 복무 관리의 적정성이 저하되었고 예산의 낭비를 초래하였다.
1) 1. 「영유아보육법」에 따른 어린이집, 「유아교육법」에 따른 유치원 및 「초·중등교육법」제2조 각 호의 학교(이하 이 항에
서 ""어린이집 등""이라 한다)의 휴업·휴원·휴교로 인하여 자녀 또는 손자녀를 돌보아야 하는 경우
   2. 자녀 또는 손자녀가 다니는 어린이집 등의 공식 행사 또는 교사와의 상담에 참여하는 경우
   3. 미성년자이거나 「장애인복지법」 제2조제2항에 따른 장애인인 자녀·손자녀의 병원 진료(「국민건강보험법」 제52조에 
따른 건강검진 또는 「감염병의 예방 및 관리에 관한 법률」 제24조 및 제25조에 따른 예방접종을 포함한다.)에 
동행하는 경우
   4. 질병, 사고, 노령 등의 사유로 조부모, 외조부모, 부모(배우자의 부모를 포함한다), 배우자, 자녀 또는 손자녀를 
돌보아야 하는 경우
관계기관 의견     남원고등학교는 감사 결과를 받아들이면서 앞으로 관련 법령을 
준수하여 교직원 복무 관리를 철저히 하겠다는 의견을 제시하였다.
조치할 사항
남원고등학교장은
① 앞으로 관련 법령과 규정 등에 따라 교직원 복무 관리를 철저히 하고
② 가족돌봄휴가(유급) 사용으로 인해 부적정하게 지급된 인건비 215,800원을 
$$$$$ @@@로부터‘회수’하여 교육비특별회계에 세입 조치하며(시정)
③ 관련자에게 주의를 촉구하시기 바랍니다.(주의 2명)
④ 교직원 대상 복무 관련 교육을 실시하시기 바랍니다.(통보)
전북특별자치도교육감은 관련자에게 주의를 촉구하시기 바랍니다.(주의 1명)
 
일련번호 남원고등학교-4
전북특별자치도교육청
시정요구 및 통보
제        목     기간제교원 연가 사용 부적정
소 관  기 관 남원고등학교
조 치  기 관 남원고등학교
내        용
1. 업무 개요
    남원고등학교는 전북특별자치도교육청의 “계약제교원 운영지침”에 따라 
기간제교원의 복무를 관리·감독하고 있다.
2. 관계법령 및 판단기준
    전북특별자치도교육청의“계약제교원 운영지침”에 따르면 기간제교원의 
휴가는 정규교원의 복무기준에 준하여 처리하되 연가 및 일반병가 일수를 기준에 
따라 계약서에 명시하여 정한다고 되어 있고, 신규채용의 경우 연가일수는 
2024년도는 최초 6개월 계약 시 6일, 최초 1년 계약 시 12일이고 2025년도는 최초 
6개월 계약 시 6일, 최초 1년 계약 시 15일이며, 계약 시 연가일수를 부여하고 
중도퇴직으로 계약기간까지 미이행 기간 발생 시 연가일수를 재산정하며, 이미 
사용한 연가가 재산정한 연가일수를 초과한 경우 초과한 일수는 급여에서 환수 
처리한다고 되어 있다.
3. 감사결과 확인된 문제점
    그런데도 남원고등학교 %%%%% @@@(계약기간: 20**. *. *.~20**. *. **.)은 정당 
연가일수 12일보다 1일 6시간을 초과한 13일 6시간을 연가로 사용하여 인건비 
104,320원을 과다 지급받는 등 [표]와 같이 20**~20**학년도 기간제교원 2명이 정당 
연가일수보다 최소 1일 6시간에서 최대 2일 2시간 40분을 초과 사용하여 인건비 합계 
309,490원을 과다 지급받은 사실이 있다.
 [표] 기간제교원 연가 사용 과다 지급받은 내역(20**~20**학년도)[생략]
    그 결과 복무 관리의 적정성이 저하되었고, 예산의 낭비를 초래하였다.
관계기관 의견     남원고등학교는 감사 결과를 받아들이면서 앞으로 관련 법령을 
준수하여 기간제교원 복무 관리를 철저히 수행하겠다는 의견을 제시하였다.
조치할 사항     남원고등학교장은
① 앞으로 관련 법령과 규정 등에 따라 기간제교원 복무 관리를 철저히 하고 
② 연가 초과 사용으로 인해 부적정하게 지급된 인건비 309,490원을 대상자로부터
‘회수’하여 교육비특별회계에 세입 조치하며(시정)
③ 기간제교원 대상 복무 관련 교육을 실시하시기 바랍니다.(통보)
일련번호 남원고등학교-5
전북특별자치도교육청
시정·주의요구
제        목     성범죄 경력 ·아동학대관련범죄 전력 조회 및 결격사유·범죄경력 
유무 조회 미실시
소 관  기 관 남원고등학교
조 치  기 관 ① 남원고등학교  ② 전북특별자치도**교육지원청
내        용
1. 업무 개요
    남원고등학교는 「아동·청소년의 성보호에 관한 법률」 및 「아동복지법」,
“전북특별자치도교육청 계약제교원 운영지침”등에 따라 교직원 채용 업무를 수행
하고 있다.
2. 성범죄 경력 및 아동학대관련범죄 전력 조회 미실시
 가. 관계 법령 및 판단 기준
    「아동·청소년의 성보호에 관한 법률」 제56조(아동·청소년 관련기관등에의 
취업제한 등) 및 같은 법 시행령 제25조(성범죄의 경력 조회), 「아동복지법」 
제29조의3(아동관련기관의 취업제한 등) 및 같은 법 시행령 제26조의5(아동학대
관련범죄 전력 조회 절차)에 따르면 기관장은 노무를 제공하려는 사람의 성범죄 
경력 및 아동학대관련범죄 전력을 확인하여야 한다고 되어 있다.
 
 나. 감사결과 확인된 문제점
    그런데도 남원고등학교는 20**. *. *. $$$$$ 대체인력 @@@을 채용(계약기간 
20**. *. *.∼*. *.) 하면서 성범죄 경력 및 아동학대관련 범죄 전력 조회 동의서를 
제출받지 않고 관련 범죄 전력 조회를 실시하지 않는 등  [표 1]과 같이 
20**~20**년도 $$$$$ 대체인력 5명, 채용계약 총 26건에 대하여 성범죄 경력 및 아
동학대 관련 범죄 전력 조회를 실시하지 않은 사실이 있다.
[표 1] 성범죄 경력 및 아동학대관련범죄 전력 조회 미실시 내역(2024~2025년도)[생략]
3. 결격사유·범죄경력 유무 조회 미실시
 가. 관계 법령 및 판단 기준
    전북특별자치도교육청 “계약제교원 운영지침”에 따르면 계약제교원 신규 채용 시 
채용예정자의 행정정보 공동이용 사전 동의서를 받아 내부결재 후, 행정정보공동
이용시스템의 ‘결격·범죄 유무(통합) 조회’를 통해 결격사유 및 범죄경력 
유무를 확인하여야 한다고 되어 있다.
 나. 감사결과 확인된 문제점
    그런데도 남원고등학교는 20**. *. *. $$$$$ @@@을 채용(계 약 기 간  20**. *. *.~20**. *. **.)
하면서 행정정보공동이용 사전 동의서를 제출 받고서도 행정정보공동
이용시 스템의 ‘결격·범죄 유무(통합) 조회’를 통해 결격사유 및 범죄경력 
유무를 확인하지 않는 등 [표 2]와 같이 20**년도 신규 채용 계약제교원 및 
시간제강사 총 5명에 대하여 결격사유 및 범죄경력 유무를 확인하지 않은 사실이 있다.
                 [표 2] 결격사유·범죄경력 유무 조회 미실시 현황(2026년도)[생략]      
    그 결과 학생을 지도하는 교직원에 대한 안전성과 신뢰성이 보장되지 못할 
우려를 초래하였다.
관계기관 의견     남원고등학교는 감사 결과를 받아들이면서 앞으로 관련 법령을 
준수하여 성범죄 경력 및 아동학대관련범죄 전력 조회와 결격사유·범죄경력 유무 
조회 업무를 철저히 수행하겠다는 의견을 제시하였다.
조치할 사항
남원고등학교장은
① 앞으로 관련 법령과 규정 등에 따라 신규 채용 시 성범죄 경력 및 아동학대관련
범죄 전력 조회와 결격사유·범죄경력 유무 조회 업무를 철저히 하고
② 20**년도 신규 채용한 %%%%% 5명에 대하여 결격사유·범죄경력 조회를 실시하며(시정)
③ 관련자에게 주의를 촉구하시기 바랍니다.(주의 2명)
일련번호 남원고등학교-6
전북특별자치도교육청
경고‧주의‧시정요구 
제        목 업무추진비 집행 부적정
소 관  기 관 남원고등학교
조 치  기 관  ① 남원고등학교 ② ****고등학교 ③ 전북특별자치도교육청
내        용
1. 업무 개요
    남원고등학교는 ｢전북특별자치도 공립학교회계 규칙｣ 및 전북특별자치도교육청의 
“학교회계 예산편성 및 운영지침”에 따라 업무추진비 예산을 편성‧집행하고 있다. 
2. 세출예산 과목(업무추진비) 집행 부적정
  가. 관계법령 및 판단기준
    ｢전북특별자치도 공립학교회계 규칙｣ 제13조(예산의 내용 및 구분) 제3항에 따르면
세출예산은 사업별 또는 성질별로 정책사업‧단위사업‧세부사업‧목으로 구분하며 제17조
(예산의 목적 외 사용금지) 제1항에 따르면 학교의 장은 세출예산에서 정한 목적 외 경비를 
사용할 수 없다고 되어 있다.
    또한 전북특별자치도교육청의 “학교회계 예산편성 및 운영지침”에 따르면  에듀파인 
학교회계시스템에서 동일한 세부사업 내 성질별 분류(원가통계비목)의 목별로 통제함에 
따라 교육운영비는 학생 교과활동 지원을 위해 소요되는 각종 경비이며, 일반업무추진비는 
각급 학교의 운영 및 유관기관과의 업무추진, 직책수행 등의 직무수행에 소요되는 제반 경비, 
학교 교육계획에 의한 주요행사 및 각종 교육사업 등 원활한 사업추진을 위해 소요되는 
경비로 되어 있고, 교육활동을 위한 워크숍 및 협의회 경비는 교육운영비로 예산편성 및 
집행이 불가하다고 되어 있다.    
  나. 감사결과 확인된 문제점
    그런데도 남원고등학교는 20**. *. **.‘20**학년도 교육과정 설명회 다과(떡) 구입비
(금 105,000원)’를 집행하면서 원가통계비목의 ‘일반업무추진비’가 아닌 ‘교육운영비’에서 
집행하는 등 [표 1] 및 [별표] “세출예산 과목(업무추진비) 집행 부적정 현황”과 같이 
20**회계연도 총 42건(총 5,759,160원)에 대해 업무추진비성 경비의 원가통계비목을 
교육운영비로 편성하여 해당 회계연도 업무추진비 편성한도액1)보다 과다하게 집행한 
사실이 있다. 
[표 1] 세출예산 과목(업무추진비) 집행 부적정 현황 (20**회계연도)주)[생략]  
3. 업무추진비 상한액 과다 집행
  가. 관계법령 및 판단기준
    전북특별자치도교육청의 “학교회계 예산편성 및 운영지침”의 일반업무추진비 
1) 2024회계연도 업무추진비 편성한도액 및 집행현황                                                (단위:원)
회계
연도
학교당 
한도액
교직원 수당 
한도액
학교운영위원회 
위원수당 한도액
업무추진비 
한도액
업무추진비
편성액
업무추진비 
집행액 잔액
2024 3,000,000원 100,000원×57명
=5,700,000원
100,000원×9명
=900,000원 9,600,000 9,600,000 9,537,350 62,650
공통지침에 따르면 간담회 등 접대비는 특별한 사유가 없는 한 1인 1회당 4만 원 이하 
범위에서 집행하고 행사 성격 등 불가피한 경우에는 증빙서류 등에 사유를 명시하고 
4만 원을 초과하여 집행할 수 있다고 되어 있다. 
  나. 감사결과 확인된 문제점
    그런데도 남원고등학교는 20**. **. **. “20**학년도 자율형 공립고 선진학교 
탐방 연수 워크숍”의 식사비를 집행하면서 [표 2]와 같이“20**학년도 자율형 공립고 
2.0 추진 선진학교 탐방 연수 협의회비(금 1,960,000원)”와 “2학기 교육과정 실적반성 
1차 연수 협의회비(금 300,000원)”로 품의하고 식사비(총 2,260,000원)를 2건으로 집행
함으로써 1인당 업무추진비 상한액인 40,000원보다 9,130원을 초과하여 총 420,000원을 
과다 집행한 사실이 있다.
[표 2]  업무추진비 상한액 과다 집행 현황 (20**회계연도)[생략]
(단위: 원)
    그 결과 업무추진비 집행의 투명성이 저하되고, 예산의 낭비를 초래하였다.
관계기관 의견     남원고등학교는 감사 결과를 받아들이면서 앞으로 관련 법령을 
준수하여 업무추진비 집행 업무를 철저히 수행하겠다는 의견을 제시하였다.
조치할 사항     
남원고등학교장은 
① 앞으로 관련 법령과 규정 등에 따라 업무추진비 집행 업무를 철저히 하고
② 과다 지급된 업무추진비 420,000원을 ‘회수’하여 학교회계에 세입 조치하시기 
바라며(시정)
③ 관련자에게 경고를 촉구하시기 바랍니다.(경고 1명)
④ 관련자에게 주의를 촉구하시기 바랍니다.(주의 2명)
&&&&고등학교장은 관련자에게 주의를 촉구하시기 바랍니다.(경고 1명)
전북특별자치도교육감은 관련자에게 경고를 촉구하시기 바랍니다.(경고 1명)
 일련번호 남원고등학교-7
전북특별자치도교육청
시정·주의요구
제        목     출장여비 지급 부적정
소 관  기 관 남원고등학교
조 치  기 관 남원고등학교
내        용
1. 업무 개요
    남원고등학교는 소속 직원이 공무로 여행을 하는 경우에 공무의 원활한 수행을 
위하여 ｢공무원 여비 규정｣ 및 자체 여비 규정 등에 따라 소속 직원에게 출장 
여비를 지급하고 있다.
2. 관계 법령 및 판단 기준
    인사혁신처의 ｢공무원보수 등의 업무지침｣ 제9장 Ⅲ. 근무지내 국내출장시의 
여비 지급 기준에 따르면 근무지 내 국내출장 중 왕복 2km 이내의 근거리 출장인 
경우 실비로 지급하고, 출장자는 운임과 식비의 세부 사용내역을 확인 할 수 있는 
세금계산서, 신용카드, 매출전표, 현금영수증, 승차권 등 증거서류를 갖추어 회계
관계공무원에서 정산을 신청한다고 되어 있다.
    또한 ｢지방공무원 복무에 관한 예규｣ Ⅶ. 출장과 여비 지급 기준에 따르면 
근무지내 출장 중 왕복 2km 이내의 근거리 출장으로 실비가 발생하지 않는 경우
에는 여비 지급 없이 출장으로 처리한다고 되어 있다. 
3. 감사결과 확인 된 문제점
    그런데도 남원고등학교는 교사 @@@가 20**. **. *. 09:00부터 19:30분까지
‘스포츠클럽 볼링대회 참가학생 인솔 및 안전지도’를 사유로 왕복 2km 이내의 
근거리(남원 &&&&장, 1.8km) 출장을 다녀온 후 실비 정산 관련 서류를 제출하지 
않았음에도 출장여비 20,000원을 지급하는 등 [표]와 같이 20**~20**회계연도 교직원 
총 18명에 대하여 근무지 내 출장여비(왕복 2km 이내의 근거리) 합계 320,000원을 
과다하게 지급한 사실이 있다.
[표] 근무지 내출장여비(왕복 2km 이내 근거리) 과다 지급 내역(20**~20**회계연도)[생략]
(단위: 건, 원) 
    그 결과 세출 예산 집행의 적정성이 저하되고 예산 낭비를 초래하였다.
관계기관 의견     남원고등학교는 감사 결과를 받아들이면서 앞으로 관련 법령을 
준수하여 출장여비 지급 업무를 철저히 하겠다는 의견을 제시하였다. 
조치할 사항       남원고등학교장은
① 앞으로 관련 법령과 규정 등에 따라 출장여비 지급 업무를 철저히 하시기 바랍니다.
② 관련자에게 주의를 촉구하시기 바랍니다.(주의 1명)
③ 과다 지급된 여비 320,000원을 아래 출장자로부터‘회수’하여 학교회계에 
세입 조치하시기 바랍니다.(시정)
일련번호 남원고등학교-8
전북특별자치도교육청
시  정  요 구
제        목     관사 운영 부적정
소 관  기 관 남원고등학교
조 치  기 관 남원고등학교
내        용
1. 업무 개요
    남원고등학교는 ｢전북특별자치도 교육비특별회계 소관 공유재산 관리 조례｣ 및
“남원고등학교 교직원 관사관리규정”에 따라 교직원 관사를 관리 및 운영하고 있다.
2. 관계 법령 및 판단 기준
    ｢전북특별자치도 교육비특별회계 소관 공유재산 관리 조례｣ 제51조(관사 운
영비의 부담)에 따르면 관사의 운영비는 사용자가 부담하는 것을 원칙1)으로 하
게 되어 있고, “남원고등학교 교직원 관사관리규정(2026. 2. 23., 개정)”제11조에
는 전기·가스 등의 세대별 사용료, 공동시설의 공공요금 및 일상적 소모품비 
등은 입주자가 부담하도록 규정되어 있다.
1) 다만, 전기‧전화‧수도 요금의 경우 1‧2급 관사(교육감, 3급 이상 공무원과 교육장 관사)에만 예산으로 지출할 수 있음
3. 감사결과 확인된 문제점
    그런데도 남원고등학교는 2001년 관사 건축 이후 20**. *. **. 감사일 현재까지 
관사 전용 수도 계량기를 설치하지 않았다는 사유로 입주자가 부담하여야 할 수도
요금을 학교운영비(공공요금-수도요금)에서 집행하는 등 [표]와 같이 관사 공공
요금(수도요금) 부과 및 납부를 소홀히 한 사실이 있다.
[표] 학교 관사 운영 부적정 현황[생략]
    그 결과 교직원 관사 운영의 적정성이 저하되었고 예산의 낭비를 초래하였다.
관계기관 의견     남원고등학교는 감사 결과를 받아들이면서 사용자 부담금이 
관련 법령과 규정에 따라 부과·징수될 수 있도록 교직원 관사관리규정을 개정
하겠다는 의견을 제시하였다. 
조치할 사항       남원고등학교장은
① 앞으로 관련 법령 및 규정에 따라 관사 운영 업무를 철저히 하고
② 관사 사용자가 수도요금을 부담할 수 있도록 남원고등학교 교직원 관사관리
규정 개정 등의 조치를 하시기 바랍니다.(시정) 
일련번호 남원고등학교-9
전북특별자치도교육청
시정·주의요구
제        목     시설공사 준공정산 부적정
소 관  기 관 남원고등학교
조 치  기 관 ① 남원고등학교 ② ****고등학교 
내        용
1. 업무 개요
    남원고등학교는 2024회계연도에‘2024 기숙사 학습실 재구조화 및 학생 
맞춤형 학습공간 인테리어 공사’외 1건의 시설공사를 시행하였으며, 이에 대한 
공사감독과 준공검사 등의 업무를 추진하였다.
2. 관계법령 및 판단기준
    「건설기술진흥법」제66조(건설공사의 환경관리) 및 같은 법 시행규칙 제61
조(환경관리비의 산출 등)에 따르면 건설공사의 발주자는 건설공사로 인한 환경피
해를 최소한으로 줄일 수 있도록 건설공사의 환경관리를 위하여 노력하여야 하
며, 건설공사 계약을 체결할 때에는 환경훼손 및 오염방지 등 건설공사의 환경관리에 
필요한 비용을 국토교통부령으로 정하는 바에 따라 공사금액에 계상하여야 하고,  
건설사업자는 사용계획을 환경오염 방지시설을 최초로 설치하기 전까지 발주자에게 
제출하고, 발주자 또는 건설사업관리용역업자는 확인한 비용의 사용 실적에 따라 
정산하여야 한다고 되어 있다.
3. 감사결과 확인된 문제점
    그런데도 남원고등학교는 20**. **. **. $$$$$ 주식회사와 ‘20**. 기숙사 학습실 
재구조화 및 학생 맞춤형 학습공간 인테리어 공사’(계약금액 49,970,0000원)를 준공 
처리하면서 계약상대자가 환경보전비를 목적에 맞지 않게 폐기물 분리비 등으로 사용
했는데도 이를 감액 정산하지 않고 135,000원을 과다 지급하는 등 [표] 및 [별표] 
“시설공사 준공 정산 금액 세부내역”과 같이 총 2건, 합계 249,000원을 과다 
지급한 사실이 있다
【표】시설공사 준공 정산 금액 과다 지급 내역[생략]
    그 결과 계약의 공정성과 투명성이 저하되었으며, 예산의 손실을 초래하였다.
관계기관 의견     남원고등학교는 감사 결과를 받아들이면서 앞으로 관련 법령을 
준수하여 준공정산 업무를 철저히 수행하겠다는 의견을 제시하였다.
조치할 사항     
남원고등학교장은
① 앞으로 관련 법령 및 규정 등에 따라 시설공사 준공정산 업무를 철저히 하고
② 과다 지급된 공사비 249,000원을 관련 업체($$$$$ 주식회사)로부터 교육비특별회계에 
세입 조치하시기 바랍니다.(시정)
③ 관련자에게 주의를 촉구하시기 바랍니다.(주의 1명)
****고등학교장은 관련자에게 경고를 촉구하시기 바랍니다.(주의 1명)"
1.주천초감사결과.pdf,PDF,"1  주천초등학교 종합감사결과 및 처분내용
 감사개요
❍ 감사기간: 2025. 4. 15. ~ 4. 17.(3일간)
❍ 감사인원: 총 4명
 감사결과 지적사항
1. 분야별 지적건수
학교명 유형별 학사․평가 예산·회계계약·시설·물품 복무 인건비․기타 계
주천초
지적사항 · 1 2 · · 3
현지시정 1 3 · · · 4
합계 1 4 2 0 0 7
2. 지적사항 총괄 
기관명
신분상(명) 행정상(건)
재정상
조치징계 경고 주의 계 기관
경고 시정 통보 개선 계
주천초 · · 5
(3건)
5
(3건) · · · · · ž 회수(1건) 277,010원
 ※ ( )안은 신분상 조치 대상자에 대한 지적 건수 총 합계임.
3. 세부 지적내용 및 처분
지적건명 지적내용 처분
 m  주천초등학교
【예산·회계】
1. 용역계약 
정산업무 소홀
❍  2024. 2. 2. 계약한 ‘2024년도 전세 통학버스 임차
용역 계약체결’용역 계약의 완수금을 2025. 2. 27. 
지급하는 과정에서, 보험료 정산을 하지 않고 대금을 
지급하여 완수금 277,010원이 과다 지급되었음
【지방자치단체 입찰 및 계약집행기준】
❍ 주의(2명) 및 
시정
  (277,010원 회수)
【계약·시설·물품】
2. 시설공사 계약 및 
집행업무 소홀
❍ 2022년에 실시한 ‘주천초 생태체험학습장 조성공사실
시(2022.8.4. 준공),’외 2건의 공사가 하자보수보증금 
납부 등이 면제되지 않은 공사임에도 불구하고, 
하자보수보증금(보증서)를 징수하지 않거나, 적 정한 
하 자보 수 보증 서 를 징 구 하지  않 고 대 금 을 지 급 하였 음
【지방자치단체를 당사자로 하는 계약에 관한 법률 제21조】
❍ 2022. 11 22. 계약한 ‘풋살장 및 운동장 잔디 식재 
공사’를 집행하면서 계약금액이 1천5백만원 이상으로 
전문공사를 시공하는 업종에 해당하는 면허를 받은자와 
계약해야 함에도 전문면허가 없는 업체와 계약함 
【건설산업기본법 시행령 제7조,제8조】
❍ 2023. 2. 27. 계약한 ‘교내 휴게실 리모델링공사실시
(1인수의)’ 공사계약 대금을 지급하면서 준공검사
(2023.3.17.) 전인 2023.3.15. 대금을 지급함
【전 북 특 별 자 치 도  공 립 학 교  회 계 규 칙  제38조】
【지 방 자 치 단 체  입 찰  및  계 약 집 행 기 준  】
❍ 주의(2명) 
  
3. 물품관리 소홀 ❍ 당해연도에 취득한 물품을 당해연도에 물품관리대장에 
등재하여야 함에도 2022~2024년도에 취득한  pic-up 
마이크 외 24종(총 17,458천 원)을 감사당일까지 
물품관리대장에 등재하지 않고 관리를 소홀히 함
【전 북 특 별 자 치 도  교 육 비 특 별 회 계  소 관  물 품  관 리  조 례  제7조】
❍ 주의(1명)
4. 현지 조치사항
지적건명 지적내용 처분
 m 주천초등학교
1. 간주처리예산 학교
운영위원회 미보고
❍ 2024. 2. 21. 추가교부된 “2023학년도 4분기 
유아학비 추가지원금(15천원)”를 간주처리 
예산으로 편성하면서 사전 ․사후 학교운영
위원회에 설명 및 소명을 하지 않는 등 
총 1건, 합계 15천원에 대하여 사전 ․사후 
학교운영위원회에 설명 및 소명 등을 
하지 않았음
【학교회계 예산편성 및 운영지침(전북특별자치도교육청)】
❍ 시정
- 향후 간주처리 예산
발생 시 사전·사후 
학교운영위원회에 
보고
2. 세출예산 집행과목 
미준수
❍ 2023. 1 .10. ‘유치원 비품 구입비 지급’
지출 건에 대하여 비품구입비 과목이 아닌 
교육운영비에서 집행하여 정당 예산과목이 아닌 
과목에서 집행하였음
【학교회계 예산편성 및 운영지침(전북특별자치도교육청)】
❍ 시정
- 학교회계 세출예산 
집행 시 관련 규정 및 
지침을 준수하여 정당
한 과목으로 집행
3. 학교회계 집행내역 
공개 부적정
❍ 2023~2024 회계연도에 구입한 상품권 50매
(금액1,500천원)(교직원 복지비(생일 기념비) 
축하용품(문화상품권) 구입 외 4건)의 구입내역, 
2024.9.~2024.11. 업무추진비 집행내역을 전북
특별자치도교육청 누리집에 공개하지 않음
【학교회계 예산편성 및 운영지침(전북특별자치도교육청)】
❍ 시정
- 미공개된 상품권 
및 업무추진비 집행
내역을 도교육청 누
리집에 공개, 향후 
학교회계 집행내역 
공개 철저 
4. 학교체육소위원회 
운영 절차 미준수
❍ 2022학년도에 학교체육소위원회를 구성하지 않았고, 
2023학년도에는 구성하였으나 학교체육소위원회 
심의를 거치지 않고 학교장 승인만을 받아 학교
체육 전반의 활동을 운영하였음
【2022~2025학 년 도  학 교 체 육  주 요 업 무  계 획(전 북 특 별 자 치 도 교 육 청)】
❍ 시정
- 학교체육 강화를 위
하여 계속하여 학교
체육 운영에 만전을 
기하도록 지도"
5.김제중앙중감사결과공개.hwp,HWP,":G?)??%g,;;4ܛ泸ࡈ˰ ԁᢓໂěěᢓ䈀耈ԁ℀ĀĀ䌀ꀌЀ샖ᗂ෈䐀而ᰀ䔀䀌᐀᐀儀退砀؀䠀Ă ĀȅȀĀĀ숀贀贀ᬀᬁ༁ࡂƀ耀耀ృ@1ౄ#౅ɀԔԔёᛐࡈ˰ ԁᤈໂěěᤈ䈀耈ȁ᠀ĀĀ䌀䀌뜀ഀ䐀而⌀䔀䀌᐀᐀儀退؀䠀Ă ĀЅȀĀĀ樀 숀贀贀ᬀᬁ༁樀 ࡂƀ耀耀ృ@·ౄ#౅ɀԔԔёὐࡈ˰ ԁላໂěěላ䈀耈ȁ᠀ĀĀ䌀䀌뜀ഀ䐀而⌀䔀䀌᐀᐀儀退؀䠀Ă Ā؅ȀĀĀࠀ숀贀贀ᬀᬁ༁ࠀࡂƀ耀耀ృ@·ౄ#౅ɀԔԔё៬ࡈ˰ ԁ༭ໂěě༭䈀耈ሁᢀ᠀ĀĀ䌀䀌̂甀晭%̀㄀Ѐ甀晭Ѐഀ䐀而⌀䔀䀌᐀᐀儀退က؀䜀逌甃晭%ࠀ=SUM(C?:G?)??%g,;;1ܜ泸ࡈ˰ ԁⷕ೑ěěⷕ䈀耈́℀ĀĀ䌀怌椀쓕ඬ䐀而ᨀ䔀䀌᐀᐀儀退렀,؀䠀Ă Āȅ̀ĀĀ턀贀贀ᬀᬁሁࡂƀ耀耀ృɀ浵╦1浵ࡦౄ౅ɀԔԔёᛐేΐ浵╦ገ㴀匀唀䴀⠀㼀㈀㨀㼀㌀⤀㼀㼀─最Ⰰ㬀㬀㄀嬀i䠀Ă Ā̅̀ĀĀࠀ턀贀贀ᬀᬁሁࠀࡂƀ耀耀ృɀ浵╦2浵ࡦౄ౅ɀԔԔё៬ేΐ浵╦ገ㴀匀唀䴀⠀㼀㈀㨀㼀㌀⤀㼀㼀─最Ⰰ㬀㬀㈀尀i䠀Ă ĀЅ̀ĀĀ樀 턀贀贀ᬀᬁሁ樀 ࡂƀ耀耀ృɀ浵╦0浵ࡦౄ౅ɀԔԔёὐేΐ浵╦ገ㴀匀唀䴀⠀㼀㈀㨀㼀㌀⤀㼀㼀─最Ⰰ㬀㬀　崀i䠀Ă Āԅ̀ĀĀ଀턀贀贀ᬀᬁሁ଀ࡂƀ耀ృ@1ౄ౅ɀԔԔёჰࡈ˰ ԁᤈ೑ěěᤈ䈀耈ሁᢀ᠀ĀĀ䌀䀌̂甀晭%̀㄀Ѐ甀晭Ѐഀ䐀而ᨀ䔀䀌᐀᐀儀退؀䜀逌甃晭%ࠀ=SUM(?2:?3)??%g,;;1ᩞ椀ࡈ˰ ԁ༭೑ěě༭䈀耈ሁᢀ᠀ĀĀ䌀䀌̂甀晭%̀㔀Ѐ甀晭Ѐഀ䐀而ᨀ䔀䀌᐀᐀儀退က؀䜀逌甃晭%ࠀ=SUM(?2:?3)??%g,;;5᩟椀Bƀ耀фхɀꅵללӻ롔Bƀ耀фхɀꝑללӻ롔Bƀфхɀ괭ללӻ롔Bƀ""耀уƀ2. 지적사항 총괄 фхɀ댉ללӻМ롔Bƀ	ࠀ""耀уĠ氠瑢ф	хɀ봁⯸⯸╠Ѡ롔чˠ氠瑢⌑ࠪ먆⫠ܞ泸ࡍǀЀ	ࡈ˰ ā჎ᦜěě	჎䈀耈ЁᜀᘀĀĀ䌀而　®薭ය䐀而 䔀䀌᐀᐀儀蠀됀؀䠀Ă ĀāЀĀ怀:耀	贀贀ᬀᬁᐁ怀:ࡂƀ耀耀ృà신분상(명)ౄ ౅ɀԔԔёƈ㥄ࡈ˰ ā䒌ঀěě䒌䈀耈܁ᜀᘀĀĀ䌀褀ᗕ쇈⣀琀⦬ഀ䐀而 䔀䀌᐀᐀儀蠀瀀C؀䠀Ȃ ĀਁĀȀ䰀*鰀贀贀ᬀᬁᘁ䰀*ࡂƀ耀ృ재정상ౄ!౅ɀԔԔёƈ⤰ࡂƀ耀耀ృ`조치ౄ!౅ɀڜԔԔёƈ⤰ࡈ˰ āൽလěěൽ䈀耈́ᜀᘀĀĀ䌀怌픀쓉ඬ䐀而 䔀䀌᐀᐀儀蠀怀؀䠀Ă ĀȁĀĀĀ紀ᰀ贀贀ᬀᬁᜁ紀ࡂƀ耀耀ృ`경고ౄ ౅ɀԔԔёƈౠ"
"감사처분심의결과보고서(설천초외1교,공개용).hwp",HWP,"신용카드 사용 관리 소홀에 관한 사항ౄk౅ɀҰҰϼː搠ࡈ˰ ຐڂǾǾ6ຐ䈀耈́ༀĀĀ䌀怌ᗂ෈䐀而℀䔀䀌뀀뀀ﰀ栀鐀
؀䠀Ă ЀЀĀĀ舀︀︁贁贀㘀ࡂƀ耀YౄW౅ɀҰҰϼŨಸࡈ˰ ຑڂǾǾGຑ䈀耈ā฀ĀĀ䐀而℀䔀䀌뀀뀀ﰀ栀鐀
؀䠀Ă ĀԀĀĀ㐀舀︀︁贁贀㘀㐀ࡂƀ耀ృ@5ౄ!౅ɀҰҰϼxਸࡈ˰(ԁ日ڂââ6日䈀耈༁ᔀĀĀ䌀夁僕貭쓖€ࠀ냆᳀⃁Წ€谀䃁ූ䐀而欀䔀䀌뀀뀀ﰀ퀀 d؀䠀Ă ̀ԀĀĀ退舀︀︁贁贀㘀退ࡂƀ耀ృ`시정ౄ!౅ɀҰҰϼŨઔࡈ˰ ᇡڂǾǾ6ᇡ䈀耈ā夀ĀĀ䐀而圀䔀䀌뀀뀀ﰀ栀렀؀䠀Ă ԀԀĀĀ鄀舀︀︁贁贀䜀鄀ࡂƀ耀ౄ!౅ɀҰҰϼŨઔࡈ˰ ิڂǾǾ6ิ䈀耈ȁጀĀĀ䌀䀌㘀ഀ䐀而℀䔀䀌뀀뀀ﰀ砀㠀
؀䠀Ă⠀Āȅ؀ĀĀe舀贀贀㘀eࡂƀ耀ృŠ육아시간 복무 소홀ౄk౅ɀҰҰϼː搠ࡈ˰ ຐڂǾǾ6ຐ䈀耈́ༀĀĀ䌀怌ᗂ෈䐀而℀䔀䀌뀀뀀ﰀ栀鐀
؀䠀Ă Ѐ؀ĀĀ舀︀︁贁贀㘀ࡂƀ耀YౄW౅ɀҰҰϼŨಸࡈ˰ ຑڂǾǾGຑ䈀耈ā฀ĀĀ䐀而℀䔀䀌뀀뀀ﰀ栀鐀
؀䠀Ă Ā܀ĀĀ㐀舀︀︁贁贀㘀㐀ࡂƀ耀ృ@7ౄ!౅ɀҰҰϼxਸࡈ˰"
심원초감사결과공개.hwp,HWP,
2026. 4월 종합감사 결과보고(공개용).pdf,PDF,"- 1 -
2026. 4월 종합감사 결과보고서
 - 줄포초 -
Ⅰ 감사실시 개요
1. 감사배경 및 목적
 ○ 「전북특별자치도 교육․학예에 관한 자체감사규칙」제4조제2항의 규정에 따라  
 감사 순기(3년) 도래에 의한 종합감사 실시
 ○  학교의 교육과정 운영·주요 시책 추진·예산편성 및 집행·물품관리 등 
실태의 적정성을 감사하여 학교 운영 전반의 투명성 및 공정성 확보
2. 감사대상 및 범위
순 감사대상 감사기간 일수 감사인원 연인원
1 줄포초등학교 2026. 4. 21. ~ 4. 23. 3 4 12
3. 감사중점사항
구  분 중 점 감 사 사 항 비고
교무·학사 
◦ 학교규칙, 출결, 학적, 학교생활기록부 등 적정성 여부
◦ 교육과정·평가 관리 운영
◦ 학생 생활규정 생활교육·안전교육·학교폭력 적정성 여부
◦ 과학·직업·체육·보건·독서·특수 교육 운영 및 개인
정보보호, 학교도서관 운영 관리
◦ 방과후학교 운영 관리 등
사업관리
◦ 교육과정 운영 사업성 예산 집행 계획
(“예”학교특색사업, 테마식 현장체험학습 추진, 
돌봄교실, 방과후학교 추진, 각종 현대화사업 추진 등)
- 2 -
Ⅱ 감사결과
1. 지적사항 총괄  
                 (단위: 건, 천 원, 명)
합   계
변상
(금액)
징계
(인원)
시정(금액)
경고
(인원)
주의
(인원)
개
선
권
고
통
보
고발
(인원)
모범
사례
(인원)총 
건수
신분상
조치
인원
재정상
조치
금액
소계 추징 회수 추급
5 16 460 . . 2
(460) . 2
(460) . . 5
(16) . . . . .
 
2. 분야별 지적사항
 (단위: 건, 원, 명)
구분
계 예산․세출 시설공사·
계약 인사·복무 교무·학사 방과후 인건비 기타
5 2 . 1 1 1 . .
신분상
조  치 주의16 주의 6 . 주의 2 주의 4 주의 4 . .
재정상
조  치 460,360 . . 340,360 . 120,000 . .
구  분 중 점 감 사 사 항 비고
세    입
◦ 연도별 금고검사
◦ 세입금 징수
◦ 예산편성 및 사업 추진
세    출 ◦ 지출원인행위 및 세출의 적정성
◦ 계약업무(이행감독 및 검사 등)의 적정 처리 여부
공유재산 및 
물품, 기타
◦ 공유재산 임대 및 관리(취득, 처분 등) 현황
◦ 물품의 적정 관리 및 사용
◦ 세입세출외현금 관리, 학교발전기금, 보조금 등
시설관리 ◦ 시설사업의 적정 추진 및 관리
- 3 -
Ⅲ 학교별 지적사항(요약)
 ○ ○ 줄포초등학교
    1) 학교회계 예산 간주처리 부적정
    2025회계연도에 2차 추가경정예산을 편성하면서 학교운영위원회 심의(학운위 
소집일: 2026. 2. 5.)를 받기 위한 충분한 시간적 여유가 있었음에도 목적
사업비인 특수학급 정원외 계약제 교원 인건비 부족분 교부 건(예산신청일: 
2026. 1. 22.)에 대하여 간주처리예산(2026. 2. 27.)으로 편성하였고, 편성한 
간주처리예산을 사전·사후 학교운영위원회에 소명 등을 하지 않은 사실이 
있음.
조 치 의 견
 ￭ 관련자 2명에게‘주의’조치
  2) 학교회계 원인행위 지연 결재
    줄포초등학교에서는‘병설유 학습자료(미술활동/2023.4~5월분) 구입 대금 지급’ 
(2023. 5. 8)건으로 지출의 원인이 되는 행위를 하였음에도 학교장 결재를 
받지 않고, 8일이 지난 후(2023. 5. 18.) 결재를 받는 등 2023~2026회계연도 
동안 총 44건, 합계 71,869,700원에 대한 원인행위 결재를 최소 8일에서 최대 
22일까지 지연하여 처리한 사실이 있음.
조 치 의 견
 ￭ 관련자 4명에게‘주의’조치
  3) 복무(공가, 병가) 관리 소홀
    줄포초등학교 통학버스 안전지도사 ○○○는 건강검진을 목적으로 공가를  
 허가 받았으나 당일 건강검진을 실시하지 않고 1일분의 연차수당 63,040원을  
 초과 지급받은 사실이 있음.
    특수교육지도사 ◇◇◇는 2023학년도 병가의 연간 누계가 6일을 초과하여 
    진단서를 증빙자료로 첨부해야 하나 이를 소홀히 하여 2일 4시간분(총 20시간)의
    연차수당 277,320원을 초과 지급받은 사실이 있음.
- 4 -
조 치 의 견
 ￭ 관련자 2명에게‘주의’조치(회수 340,360원, 퇴직자 1명 처분 면제)
  4) 교과보충 프로그램 강사비 지급 부적정   
   교사 ◉◉◉ 외 2명은 2023학년도 교과보충 프로그램 강사로 참여하면서 개인 
복무 또는 출장의 사유로 해당 시간에 수업을 실시할 수 없었음에도 관련서류
(운영일지)를 작성하여 교과보충 프로그램 강사비 120,000원을 과다 지급 받은 
사실이 있음.
조 치 의 견
 ￭ 관련자 4명에게‘주의’조치(회수 120,000원)   
  5) 학생 출결관리 소홀    
   2023학년도 학생출결을 처리하면서 학생 결석 시 결석계(결석신고서) 또는 증빙
서류를 구비하지 않았으며, 질병결석 학생을 미인정결석으로 잘못 반영한 사실이 
있음.
조 치 의 견
 ￭ 관련자 4명에게‘주의’조치
Ⅳ 현지조치 사항[총 3건]
○ 줄포초등학교 [3건]
지적건명 지적내용 처분(안)
1. 시설공사 하자관리 
업무소홀
❍줄포초등학교에서는 유아 놀이중심 교육과정 운영 공간
조성 공사 외 1건에 대해 하자보수보증서의 보증기간을 
잘못 산정하여 관리한 사실이 있고, 계약금액이 3천만원 
이상임에도 하자검사조서를 누락하여 시설공사 하자관리 
업무를 소홀히 한 사실이 있음.
시정 
2. 복무관리 소홀 ❍줄포초등학교 조리실무사 □□□는 2024. 2. 29. 3시간
(13:00~16:00)의 병조퇴를 사용하여 누적 병가 일수가 
6일 1시간 30분이 되었음에도 진단서를 첨부하지 않고 
연차수당 14,510원을 초과 지급 받은 사실이 있음.
❍시 정  및  회수
 (14,510원 회수)
- 5 -
지적건명 지적내용 처분(안)
  교장 ○○○은 2025. 12. 15. 및 12. 17.에 부모 돌봄을 
사유로 가족돌봄휴가(유급)를 신청하였으나, 유급 휴가 
대상이 아님에도 불구하고 이를 유급으로 잘못 처리하여 
사용한 사실이 있음.
3. 학교발전기금 
업무 소홀    
❍줄포초등학교에서는 2024.04.01.자 학교발전기금회계
출납명령기관 교체 시 학교발전기금회계 사무에 대한 
인계·인수서를 작성하지 않았고, 2023~2025학년도 졸업생 
장학금을 지급하면서 학교운영위원회의 심의·의결을 
받지 않고 대상자를 선정하였으며, 그 결과를 차기 학교
운영위원회 회의 시 보고 및 심의·의결 받지 않은 사실이 
있음.
❍주의"
5._(공개용)_2025년9~10월종합감사결과(11월처분심의회)_(전주교육지원청)_25.11.10.pdf,PDF,"- 30 -
20252025202520252025202520252025202520252025202520252025202520252025202520252025202520252025년 년 년 년 년 년 년 년 년 년 년 년 년 년 년 년 년 년 년 년 년 년 년 9~109~109~109~109~109~109~109~109~109~109~109~109~109~109~109~109~109~109~109~109~109~109~10월 월 월 월 월 월 월 월 월 월 월 월 월 월 월 월 월 월 월 월 월 월 월 종합감사 종합감사 종합감사 종합감사 종합감사 종합감사 종합감사 종합감사 종합감사 종합감사 종합감사 종합감사 종합감사 종합감사 종합감사 종합감사 종합감사 종합감사 종합감사 종합감사 종합감사 종합감사 종합감사 결과 결과 결과 결과 결과 결과 결과 결과 결과 결과 결과 결과 결과 결과 결과 결과 결과 결과 결과 결과 결과 결과 결과 공개공개공개공개공개공개공개공개공개공개공개공개공개공개공개공개공개공개공개공개공개공개공개2025년 9~10월 종합감사 결과 공개
- 11월 처분심의회 결과-
전주교육지원청
Ⅰ  감사개요
  1. 감사목적
 ○ 예산 운용 실태 및 회계 처리의 적정성 여부
 ○ 예산편성·집행의 투명성 및 공정성 확보
  2. 대상기관: 전라중학교 외 8교
  3. 심의 방향 및 처분기준
 ○ 종합감사결과 처분요구에 대한 처분 양정 및 처분 여부 등
 - 기처분된 유사한 사항과의 형평성 유지
 - 처분요구사항에 대한 객관성 및 합리적 판단 확보
 - 위법․부당사항에 대한 고의 및 과실 정도의 적합성 확보
  4. 감사기간 및 인원
 ○ 감사 실시기간: 2025. 9. 9.~ 2025. 10. 30.
 ○ 감사인원: 15명
  5. 지적사항 총괄
(단위: 명, 금액단위: 천 원)
합   계
변상
(금액)
징계
(인원)
시정(금액)
경고
(인원)
주의
(인원)
기관
주의 통보
총 
건수
신분상
조치
(인원)
재정상
조치
(금액)
소계 회수 추급
17 38 6,463 - - 6,463 6,296 167 4 34 4
- 31 -
 ○ 조치 유형별
계
(건/명)
신분상 조치(건/명) 재정상 조치(건/원) 모범
사례계 경고 주의 통보 계 변상 회수 추급
17/38 17/38 2/4 11/34 4 5 /
6,463,520 - 5 /
6,296,600
2 /
166,920 -
 
 ○ 업무 분야별
구분
(단위) 계 학사‧‧평가 계약‧시설‧물품 예산‧회계‧
학운위 인사‧복무 인건비
건수
(건) 17 5 4 4 2 2
인원
(명) 38 17 1 10 6 4
금액
(원)
회수 
6,296,600
추급
166,920원
- 화수
517,420 - 회수 
521,110원
회수 
5,258,070원
추급
166,920원
Ⅱ  감사결과 분야별 지적사항 및 처분
  [ 학사‧평가[ 학사‧평가 분야  분야 ]]
  가. 지필평가 출제 문항 비율 준수 소홀
    □ 지필평가의 문항 중 서답형은 지필평가 총 배점의 30%이상으로 하여야 하나, 
2024학년도 3학년 과학과 1학기 1차고사 서답형 문항의 배점의 합이 27점으로 
30%를 넘지 않게 출제하여 중학교 학업성적관리 시행지침을 지키지 아니함
    ○ 조치의견: 관련자에게 “통보” 처분(학교자율형감사)
  나. 학생평가 성적처리 관리 소홀
    □ 2022학년도부터 2024학년도까지 일부 교과에서 수행평가 배점기준에 없는 
수행평가 점수를 부여함
- 32 -
    ○ 조치의견: 관련자에게 “주의” 처분
  다. 학교생활기록부 행동특성 및 종합의견 기재 소홀
    □ 2022학년도 2학년 5반 담임교사 000과 3학년 4반 담임교사 000은 학년과 반이 
다름에도 불구하고 학교생활기록부‘행동특성 및 종합의견’항목에서 서로 
다른 학생 각각 15명과 13명에게 100% 동일한 내용을 중복 기재한 사실이 
있으며, 2024학년도 2학년 4반 담임교사 000은 100% 동일한 내용을 2명의 
학생에게 중복 기재함
   ○ 조치의견: 관련자에게 “주의” 처분
  라. 학교생활기록부 기재 소홀
    □ 2021학년도부터 2023학년도까지 다수의 담임교사가 학교생활기록부 ‘행동특성 
및 종합의견’항목에서 동일한 내용을 서로 다른 2명 이상의 학생에게 중복으로 
기재함
   ○ 조치의견: 관련자에게 “주의” 처분
  마. 학교폭력 가해학생 학교생활기록부 처리 및 학교폭력 전담기구 운영 부적정
    □ 2022학년도 일부 학생의 학교생활기록부 기재 내용의 삭제 근거 문서를 
찾을 수 없음
    □ 2022학년도 학교폭력전담기구 구성시(학부모위원 위촉) 학교운영위원회의 
심의를 거치지 않고 운영함
   ○ 조치의견: 관련자에게 “주의” 처분
  [ 계약․시설․물품[ 계약․시설․물품 분야  분야 ]]
  가. 학교 용역 계약관리 소홀
    □ 용역계약 계약심사 관련
     - 2024. 6. 21.‘2024학년도 2학년 테마식현장체험학습 위탁용역’((주) 0000관광, 
추정금액 104,490천원)을 계약·집행하면서 추정금액 7천만원 이상 용역계약으로 
- 33 -
계약심사 대상임에도 불구하고 도교육청 계약심사를 받지 않고 계약·집
행함
    □ 중소기업자간 경쟁제품 직접생산 확인증명서 징구 관련
     - 2022.7.22.‘테마식현장체험학습 위탁 용역’(0000관광, 계약금액 55,967천원), 
2023.5.11.‘테마식현장체험학습 위탁 용역’(0000관광, 계약금액 18,600천원), 
2024.6.21.‘테마식현장체험학습 위탁 용역’(0000관광, 계약금액 98,694천원), 
2023.5.11.‘2023학년도 00베이스볼클럽 00야구장 수송버스 차량 임차계약’
((유) 0000여행사, 계약금액 18,000천원)을 계약·집행하면서 전세버스 직접
생산 확인서를 징구하지 아니함
    □ 용역 및 물품계약시 계약보증서 징구 관련
     - 2023.10.12.‘2023학년도 신입생 교복구입 변경 계약’(0000, 최종 계약금액 
52,368천원)을 계약·집행하면서 5천만원을 초과함에도 불구하고 추가 
계약보증금 납부 또는 갱신된 계약보증증권(보증서) 제출이 아닌 변경계약의 
차액에 대한 계약보증금 지급각서로 납부 받음. 
     - 또한, 2024.10.16 ‘2024학년도 신입생 및 재학생 교복 구입’(0000, 계약금액 
143,472천원)을 계약·집행하면서 변경계약시 증액된 계약금액(최종 계약금액 
146,340천원)에 대한 추가 계약보증금을 납부하거나 갱신된 계약보증증권
(보증서)를 제출하지 않고, 변경계약의 차액에 대한 계약보증지급각서를 징구함
   ○ 조치의견: 관련자에게 “통보” 처분(학교자율형감사)
  나. 학교 시설공사 계약관리 소홀
    □ 설계용역 손해보험 보험증권 징구 소홀
     - 2024. 2. 1. “00중학교 이전 신축공사 중 인테리어 설계 용역”(000000, 계약
금액 19,960,000원)을 계약·집행하면서 설계용역의 경우 계약보증금·하자
보증금과 같이 근거 법령에 제외 규정 및 이행각서 제출 관련 규정이 없어 
손해배상 보험(공제)증서를 징구하여야 함에도 불구하고, 손해배상보증
지급각서를 징구함
    □ 학교시설공사 수도광열비 징수 소홀
     - 2024. 4. 26.“2024학년도 이전학교 미래형 학교도서관 조성 공사”((주)000000, 
- 34 -
계약금액 46,478,650원)을 계약·집행하면서 공사 원가계산서에 기타경비 
항목으로 반영하고도 준공 처리를 하면서 계약업체로부터 수도광열비
(68,010원)를 학교회계로 세입 조치하지 아니함
   ○ 조치의견: 관련자에게 “통보 및 시정” 처분(학교자율형감사)
  다. 계약 업무 집행 소홀
    □ 2022년 학교시설환경개선 사업 배수로 안전덮개 학교장터 구입(계약금액 
22,856,900원, 주식회사 한국0000)’계약을 체결하면서 1인 수의계약 가능 금액
기준인 추정가격 2천만원을 초과하고 추정가격 1억원 이하 물품 구매건으로 
지정정보처리장치를 이용하여 2인 이상으로부터 견적서(수의계약 안내 공고)를 
받아 계약하여야 함에도 1인 수의계약을 체결하여 물품의 구매 계약 업무를 
소홀히 함
    □ 2021년 가사실습실 현대화사업 환경개선 공사(계약금액 10,000천원, 000000)’외 
2건의 계약을 집행하면서 원가계산서에 기타경비를 반영하였음에도 
수도광열비를 학교회계에 세입조치하지 않고 공사비를 지급함
   ○ 조치의견: 관련자에게 “주의” 처분
  라. 시설공사 하자검사 업무관리 소홀
    □ 남자화장실 소변기 칸막이 설치 공사(계약금액:3,465,000원, 000)’등 13건의 
시설공사에 대하여 감사일(2025.10.17.) 현재까지 정기하자검사(연 2회 이상) 
26회 미실시 및 하자만료검사 13회 미실시하였고, 하자보수관리부에 기록
하지 않았으며, ‘2023학년도 돌봄교실 리모델링 공사(계약금액 35,901,000원, 
주식회사 00000디자인건설)’에 대하여는 계약금액이 3천만원을 초과
하는데도 하자검사조서를 작성하지 않는 등 시설공사 하자관리 업무를 
소홀히 함
   ○ 조치의견: 관련자에게 “주의” 처분
- 35 -
  [ 예산․회계․학운위 분야][ 예산․회계․학운위 분야]
  가. 업무추진비 집행 소홀
    □ 2024학년도 교육과정 세움 주간 운영 중식 제공’외 3건을 집행하면서 건당 
50만원 이상의 접대성 경비임에도 참석자의 소속이나 성명을 증빙서류에 기재
하지 아니하였고, ‘2024학년도 수업혁신 워크숍 실시에 따른 운영비 지급’
업무추진비 집행시 특별한 사유 없이 접대성 경비 1인 1회당 집행기준인 4만원을 
초과하여 지급함
   ○ 조치의견: 관련자에게 “주의” 처분
  나. 학교회계 예산 편성 및 공개 소홀
    □ 학교회계 간주처리 예산 편성에 관한 사항
     - 2021회계연도 제4회 추가경정예산, 2024회계연도 제4회 추가경정예산을 간주
처리가 불가한 재원을 증감하여 편성하였고, 사후 학교운영위원회에 설명 및 
소명자료를 제출하지 아니함
    □ 학교회계 예산서 공개에 관한 사항
     - 2022학년도 본예산’ 외 9건의 예산을 예산이 확정된 후 10일이 경과되어 최대 
128일 지연하여 공개함
   ○ 조치의견: 관련자에게 “주의” 처분
  다. 세입세출외현금 관리 소홀
    □ 보관금을 세입세출외현금으로 관리하면서 각 보관금의 과부족을 파악하여 정산 
후 개인에게 반환하거나 학교회계로 여입하여야 함에도 기한 내 적정하게 처리
하지 않고 총 20건 4,380,270원을 계속 이월하여 보관함
   ○ 조치의견: 관련자에게 “주의” 처분
  라. 세출예산 집행 소홀
    □ 2024학년도 1월 특수교육대상학생 외부기관 방과후학교 지원’등 총 13건의 
세출예산을 집행하면서 청구서(세금계산서 또는 계산서 포함)와 지출금액이 
- 36 -
다르나 이를 확인하지 않고 지출하였으며, 계약서(견적서, 과업지시서 등 포함) 
및 세출예산 집행관련 일체의 증빙서류(세금계산서, 사업자등록증 사본, 통장
사본 등)를 징구하지 않고 지출하는 등 채권자의 청구가 정당한지 조사하고 
지출해야하는 의무를 소홀히 한 사실이 있다.
   ○ 조치의견: 관련자에게 “경고” 처분
  [ 인건비 분야 ][ 인건비 분야 ]
  가. 시간외 근무수당 정액분 지급 소홀
    □ 2023년 2월에 시간외수당(정액분)을 지급하면서 근무일 확인을 소홀히 하여 
교감 000 외 31명에게 2,798,700원을 과다 지급하고 병설유치원 교사 000 외 
1명에게 43,530원을 과소 지급함
     ○ 조치의견: 관련자에게“주의 및 시정” 처분
  나. 보수 지급 업무 소홀
    □ 불임난임휴직 또는 질병휴직, 학습연구년 특별연수 파견(4호파견)중인 교원
연구비 부지급 대상인 교사 000 외 4명에게 교원연구비 2,208,000원을 과오 
지급함
    □ 월중에 휴직 한 교사들의 급여와 수당을 지급하면서 일할계산이 이루어지지 않아 
교사 000외 1명에게 급여와 수당 총127,980원을 과오 지급함
     ○ 조치의견: 관련자에게“주의 및 시정” 처분
 
  [ 인사·복무 분야 ][ 인사·복무 분야 ]
  가. 교육공무직원 복무관리 소홀
    □ 2022년 11월 29일에 건강검진의 사유로 공가를 허가받았으나 ｢국민건강보험법｣ 
제52조에 따른 건강검진이 아닌 개인검진을 받아 복무 관리를 소홀히 함
    □ 가족돌봄휴가를 사용하면서 증빙자료를 제출하지 않거나 정당사용 일수를 
- 37 -
초과하는등 복무 관리를 소홀히 함
    □ 병원진료 등의 사유로 누계 6일을 초과하는 병가를 사용하였으나 진단서를 
첨부하지 않아 복무관리를 소홀히 함
       ○ 조치의견: 관련자에게“주의 및 시정” 처분
  나. 종합감사 수감자료 작성 및 제출 관리 소홀
    □ 2025년 종합감사 수감기간(2025.10.14.~10.17.,4일간) 동안 수감자료(작성기간: 
2021.12.20.~ 2025.10.13.)를 지정한 기일까지 제출하지 아니하였으며 감사기간이 
종료되는 날까지도 수감자료를 완성하여 제출하지않았고, 감사관이 요청
한 서류 및 장부를 제출하지 않음
   ○ 조치의견: 관련자에게 “경고” 처분"
2026년 4월 종합감사 결과보고서(공개용)_남원도통초.pdf,PDF,"2026년 4월 종합감사 결과 보고서
- 남원도통초 - 
2026. 6.
  【 행 정 지 원 과】

Ⅰ. 감사 개요
1. 감사배경 및 목적
□ 『2026년 남원교육지원청 자체감사 운영계획』에 의거 종합감사 실시
□ 학교 업무 전반의 예산 운용 실태 및 회계 처리의 적법성ㆍ타당성 등을 
점검함으로써 예산 편성ㆍ집행의 투명성 및 공정성을 도모하고자 함
2. 감사대상 및 범위
학교명 감사종류 감사 실시 기간 감사 대상 기간 범위
남원도통
초등학교 종합감사 2026. 4. 21. ~ 4. 23. 교무·학사: 2023.3.1.~2026.4.20.
행정·회계: 2023.3.21.~2026.4.20. 학교 업무 전반
3. 감사인원: 감사반장 등 5명
4. 감사중점사항
 □ 학사관리: 교육과정 운영에 관한 사항 
   - 교육과정·평가, 교원인사관리·교육활동보호, 학생생활교육, 과학·
보건 교육, 독서교육·학교도서관, 특수교육, 방과후학교
 □ 재정ㆍ회계 관리에 관한 사항
   - 예ㆍ결산관리: 예산편성, 이ㆍ전용, 성립전 사용, 이월, 불용액 등
   - 세입관리: 징수결정, 수납, 과오납금처리, 불납결손 등
   - 세출관리: 지출원인행위 및 세출의 적정성, 계약업무의 적정 처리 여부 등
   - 발전기금 및 세입세출외현금 관리
 □ 공유재산, 물품 관리 및 시설물 관리에 관한 사항
   - 공유재산 임대 및 관리 등
   - 물품관리: 물품구입, 정수물품 관리, 불용결정ㆍ폐기, 장부기록관리 등
   - 시설물 관리: 시설사업의 적정 추진 및 관리
 □ 보수지급: 시간외 수당 및 가족수당, 연가보상비, 공무원 수당 등
Ⅱ. 감사결과 
1. 분야별 지적건수
학교명 유형별 학사·평가 예산․회계 인건비·복무계약·시설물품·기타 계
남원도통초
지적사항 · 1 1 1 · 3
현지시정 3 · · 1 1 5
합계 3 1 1 2 1 8
2. 세부 지적내용 및 처분
지적건명 지적내용 처분
 m 남원도통초등학교
【예산·회계】 
1. 학교회계 예산 
공개 및 
간주처리 
부적정
❍ 2023~2025회계연도 확정된 세입·세출 예산서 총 16건
(2023회계연도 3건, 2024회계연도 6건, 2025회계연도 
7건)을 학교 홈페이지 미공개
【전북특별자치도공립학교회계규칙 제56조】
❍ 2024회계연도 제5차 추가경정예산(간주처리예산)을 
편성하면서 확정된 추가경정 예산서를 사전·사후 
학교운영위원회에 소명하지 않았고, 2025회계연도 
제6차 추가경정예산(간주처리예산)을 편성하면서 
간주처리 예산 편성 대상이 아닌 수익자부담경비
(식품비 26,000원, 늘봄학교운영비 3,259,000원) 
증액, 자체재원(전기요금 416,000원) 증액 편성
【학교회계 예산편성 및 운영지침
[전북특별자치도교육청(구, 전라북도교육청)]】
❍ 주의(2명) 
3. 현지 조치사항
지적건명 지적내용 처분
【인건비·복무】 
2. 복무(가족돌봄휴가, 
병가) 사용 
부적정
❍ 2023. 12. 4. 6일 초과 사용한 병가에 대하여 진단서를 
첨부하지 않는 등 2023~2025년도 6일을 초과하는 
병가 사용시 진단서 미제출
【국가공무원 복무규정 제18조, 
국가공무원 복무·징계관련 예규】
❍ 2023. 3. 29. 자녀돌봄을 사유로 유급 가족돌봄휴가를 
사용하면서 관련 증빙자료를 제출하지 않는 등 
2023~2024년도 총 2명이 가족돌봄휴가(유급)을 부적정
하게 사용
【국가공무원 복무규정 제20조, 
국가공무원 복무·징계관련 예규】
❍ 주의(1명) 및 
통보
【계약·시설】 
3. 시설공사 
하자보수보증서 
징구 소홀
❍ 2025회계연도 ‘미래형정보교실 및 학교안 작은
미술관 구축 시설 공사(계약금액 45,120천원)’에 
대해 계약금액이 3천만원을 초과하였음에도 하자
보수보증서 미징구
【지 방 자 치 단 체 를  당 사 자 로  하 는  계 약 에  관 한  법 률  시 행 령  제71조】
❍ 주의(1명) 
지적건명 지적내용 처분
 m 남원도통초등학교
【학사·평가】 
1. 위기관리위원회 
구성 소홀
❍ 2024학년도 위기관리위원회 미구성
【자 살 예 방  및  생 명 존 중 문 화  조 성 을  위 한  법 률  제4조, 제8조, 제17조, 
자살예방 및 생명존중문화 조성을 위한 조례
[전북특별자치도교육청(구, 전라북도교육청)]】
❍ 시정
지적건명 지적내용 처분
2. 학업중단숙려제 
운영 계획 
미수립
❍ 2023~2025학년도 학업중단예방위원회 미구성 및 
학업중단숙려제 계획 미수립
【초·중등교육법 제28조, 
초·중등교육법 시행령 제54조】
❍ 시정
3. 학교스포츠클럽 
운영 절차 
미준수
❍ 2024학년도 학교스포츠클럽 운영 계획에 대한 학교
체육소위원회 심의 없이 학교스포츠클럽 운영
【학교체육진흥법 제10조, 
2024학년도 학교스포츠클럽 운영 매뉴얼
[전북특별자치도교육청(구, 전라북도교육청)]】
❍ 시정
【인건비·기타】 
4. 시설공사 
수도광열비 
정산 소홀
❍ 2024회계연도에‘상담교실 및 방과후 교실 환경 
개선공사(계약금액 38,580천원)’를 준공·정산하면서 
원가계산서에 있는 기타경비에 계상된 수도광열비를 
학교회계에 납부 확인없이 공사비를 지급하여 수도
광열비 46,250원을 과다 지급하는 등 총 2건의 
공사에 대하여 수도광열비 97,370원 과다 지급
【지방자치단체 입찰 및 계약 집행기준 제2장 제5절】
❍ 시정(회수)
   (97,370원)
5. 학교발전기금 
사무 인계인수 
소홀
❍ 2024. 4. 1. 학교발전기금회계출납명령기관인 학교
운영위원장이 임기만료로 교체되었음에도  2023~2024
회계연도 학교발전기금회계 사무의 인계·인수서 
미작성
【학교발전기금의 조성·운용 및 회계관리 요령
[전북특별자치도교육청(구, 전라북도교육청)]】
❍ 시정"
종합감사 결과 공개.pdf,PDF,"전주중앙여자고등학교 종합감사 결과 공개
 감사결과의 공개는 국민의 알권리 충족과 기관 운영의 투명성을 강화하기 위한 
공익적 조치입니다. 따라서 감사결과 실명이 공개된 모든 기관이 비리에 연관되어 
있는 것은 아님을 알려드립니다. 
□ 감사 개요
○ 감사 기간: 2025. 9. 23. ~ 9. 25.(3일)
○ 감사 인원: 6명 
○ 감사 범위
 - 교무·학사 2022. 3. 1.~2025. 9. 22.(지난번 감사 이후부터 금번 감사 전일 까지)
 - 행정·회계 2022. 8. 16.~2025. 9. 22.(지 난번 감 사 이후 부터 금 번 감사  전일 까 지)
□ 감사 결과
 ○ 총괄
 
신분상(명) 행정상(건)
재정상
조치징계 경고 주의 계 기관
경고
기관
주의 시정 통보 개선 계
. 6
(2건)
16
(8건)
22
(10건)
· · 3 · · 3  ·회수(3건)
  - 5,532,580원   
 ※ ( )안은 신분상 조치 대상자에 대한 지적 건수 총 합계임.
 ○ 분야별 지적건수
 
유형별 법인 교무·학사 예산·회계 복무·인사 시설 계
지적사항 1 3 3 2 1 10
○ 지적사항(총 10건)
연번 제   목 처분 요구
   【법인 분야】
1  사무직원 법인 사무 겸임 미발령 ▪ 시정
▪ 주의(2명)
   【교무·학사 분야】
2  학교생활기록부 봉사활동 실적 입력 부적정  ▪ 시정
 ▪ 주의(1명)
3  교외체험학습 출결 관리 부적정  ▪ 시정
 ▪ 주의(2명)
4  학교생활기록부 행동특성 및 종합의견 중복 기재  ▪ 주의(1명)
   【예산·회계 분야】
5  교비회계 집행 부적정  ▪ 시정(회수) 562,180원
 ▪ 주의(3명)
6  현장체험학습 용역계약 일상감사 미이행 및 야간 
안전요원 성범죄·아동학대 관련 범죄 경력조회 미실시 ▪ 주의(2명)
7  교비회계 지출원인행위 지연 처리(정리)  ▪ 주의(3명)
  【인사 분야】
8  가족돌봄휴가(유급) 사용 부적정  ▪ 시정(회수) 702,280원
 ▪ 주의(2명)
9  기간제교원 채용 절차 부적정  ▪ 경고(4명)
   【시설 분야】
10  시설공사 업무처리 부적정  ▪ 시정(회수) 4,268,120원
 ▪ 경고(2명)
- 3 -
일련번호 학교법인 인애학원-1 
전북특별자치도교육청
시정·주의요구
제        목     사무직원 법인 사무 겸임 미발령
소 관  기 관 학교법인 인애학원
조 치  기 관 ① 학교법인 인애학원 ② 전북특별자치도교육청
내        용
1. 업무개요
    학교법인 인애학원은 「사립학교법」 및 정관에 따라 사무직원 인사업무를 
수행하고 있다.
2. 관계법령 및 판단기준
    ｢사립학교법｣ 제70조의2 제2항에 따르면 각급 학교 소속 사무직원은 학교의 
장의 제청으로 학교법인 또는 사립학교경영자가 임용한다고 되어 있고, 같은 법 
제2조에 따르면 ‘임용’에는 ‘신규채용’ 뿐만 아니라 ‘겸임’도 포함되며 학교 소속 
사무직원이 학교의 행정사무 외에 법인 사무를 겸임할 때는 학교의 장이 학교법인에 
겸임을 제청하고, 학교법인이 이를 승인하는 절차를 거쳐야 한다고 되어 있다.
    또한, 「학교법인 인애학원 정관」 제84조에 따르면 사무직원의 신규 임용, 
승진, 겸임, 파면 등을 ‘임용’이라고 되어 있고 사무직원은 이사장이 임용하되, 
학교 소속 사무직원은 당해 학교의 장이 제청이 있어야 한다고 되어 있다.
- 4 -
    아울러, 전북특별자치도교육청(구, 전라북도교육청)의 “사립학교 사무직원 인사
운영 지침”에 따르면 신규임용, 겸임, 정직, 해임 등 인사발령 시 인사발령통지서를 
교부하고, NEIS 인사기록카드 및 발령대장에 기록·보관하도록 되어 있다.
    따라서 전주중앙여자고등학교는 학교 소속 사무직원이 학교법인 사무를 
겸임할 때는 겸임 발령을 하여야 한다.
3. 감사결과 확인된 문제점 
    그런데도 학교법인 인애학원은 20**. 9. 1. 전주중앙여자고등학교 사무직원 
A를 겸임 발령 없이 학교법인 사무를 처리하게 하는 등 [표]와 같이 20**. 9. 1. 
~ 20**. 9. 23. 사무직원 2명을 겸임 발령 없이 학교법인 사무를 처리하게 한 
사실이 있다.
[표] 사무직원 학교법인 사무 겸임 미발령 내역(20**~20**년도) [생략]
    그 결과 학교법인 사무 범위와 책임 소재가 불분명해져 행정의 신뢰성이 
저하되었다.
관계기관 의견     학교법인 인애학원은 감사 결과를 받아들이면서 앞으로 관련 
법령을 준수하여 사무직원 인사업무를 철저히 수행하겠다는 의견을 제시하였다.
- 5 -
조치할 사항     
학교법인 인애학원이사장은 
① 전주중앙여자고등학교 사무직원 2명(A, B)에 대하여 겸임 발령 후 학교법인 
사무를 처리하도록 하고(시정)
② 앞으로 관련 법령과 규정 등에 따라 사무직원 인사업무를 철저히 하시기 
바랍니다.
전북특별자치도교육감은  관련자에게 주의를 촉구하시기 바랍니다.(주의 2명)
- 6 -
일련번호 전주중앙여자고등학교-1 
전북특별자치도교육청
시정·주의요구
제        목     학교생활기록부 봉사활동 실적 입력 부적정
소 관  기 관 전주중앙여자고등학교
조 치  기 관 ① 전주중앙여자고등학교 ② 전북특별자치도○○교육지원청
내        용
1. 업무 개요
    전주중앙여자고등학교는 교육부의 “학교생활기록 작성 및 관리 지침”과 
“학교생활기록부 기재 요령”에 따라 학년도별 창의적 체험활동 계획을 수립하여 
학생들의 학교생활기록부에 봉사활동 실적을 입력·관리하고 있다. 
2. 관계법령 및 판단기준
    교육부의 “학교생활기록 작성 및 관리지침” 제13조(창의적 체험활동상황)에 
따르면 자율ㆍ자치활동, 동아리활동, 진로활동은 영역별 이수시간 및 특기사항
(개별적 특성이 드러나는 사항 등)을 입력하고 봉사활동은 실적을 입력한다고 
되어 있다.
    또한, 교육부의 “학교생활기록부 기재요령”에 따르면 학교교육계획에 의한 
봉사활동과 학생 개인 계획에 따른 봉사활동의 구체적인 내용을 별도의 ‘봉사
- 7 -
활동실적 ’란에 일자 또는 기간, 장소 또는 주관기관명, 활동내용, 시간을 모두 
입력한다고 되어 있다.
    따라서 전주중앙여자고등학교는 봉사활동에 실제로 참여한 학생에게만 NEIS 
창의적 체험활동에 봉사활동 실적을 입력하여야 한다.
3. 감사결과 확인된 문제점  
    그런데도 전주중앙여자고등학교 교사 ***은 20**. 10. 16. 20**학년도 *학년 
*반 *** 학생이 질병 결석으로 봉사활동에 참여하지 않았음에도 학교생활기록
부의 봉사활동 실적을 ‘에너지 취약 계층을 위한 연탄나눔 봉사 소양 교육(이수
시간 1시간)’으로 입력하는 등 [표]와 같이 20**학년도 학생 3명에 대해 합계 3시간
의 학교생활기록부의 봉사활동 실적을 부적정하게 입력한 사실이 있다.
[표] 봉사활동 실적 입력 부적정 현황(20**학년도) [생략]
    그 결과 학교생활기록부 기재 내용의 객관성과 신뢰성이 저하되었다.
관계기관 의견     전주중앙여자고등학교는 감사 결과를 받아들이면서 앞으로 
관련 법령을 준수하여 학교생활기록부 봉사활동 실적 입력 업무를 철저히 수행
하겠다는 의견을 제시하였다.
- 8 -
조치할 사항     
전주중앙여자고등학교장은 
① 부적정하게 입력된 20**학년도 *학년 *반 학생 3명의 20**. **. **. 봉사활동 실적 
총 3시간을 삭제 처리하고(시정) 
② 앞으로 관련 법령과 규정 등에 따라 학교생활기록부 봉사활동 실적 입력 
업무를 철저히 하시기 바랍니다.
전북특별자치도○○교육지원청교육장은 관련자에게 주의를 촉구하시기 바랍니다.
(주의 1명)
- 9 -
일련번호 전주중앙여자고등학교-2
전북특별자치도교육청
시정·주의요구
제        목     교외체험학습 출결 관리 부적정
소 관  기 관 전주중앙여자고등학교
조 치  기 관 전주중앙여자고등학교
내        용
1. 업무 개요
    전주중앙여자고등학교는 ｢초·중등교육법｣ 및 ｢초·중등교육법 시행령｣, 
교육부의 “학교생활기록 작성 및 관리지침”에 따라 학생의 교외체험학습에 관한 
사항을 허가하고 이를 수업으로 인정하여 관리하고 있다. 
2. 관계법령 및 판단기준
    「초·중등교육법」 제25조(학교생활기록)에 따르면, 학교의 장은 학생의 
학업성취도와 인성(人性) 등을 종합적으로 관찰·평가하여 학생 지도 및 상급학교의 
학생 선발에 활용할 수 있도록 하기 위하여 교육부령으로 정하는 기준에 따라 
학교생활기록을 작성·관리하여야 한다고 되어 있다.
    또한, 「초·중등교육법 시행령」 제48조(수업운영방법 등) 제5항에 따르면 
학교의 장은 교육상 필요한 경우 보호자의 동의를 얻어 교외체험학습을 허가할 수 
있고 이 경우 학칙이 정하는 범위 안에서 수업으로 인정할 수 있다고 되어 있다.
- 10 -
    아울러, 교육부의 “학교생활기록부 기재요령 ”에 따르면 교외체험학습의 
내용은 현장체험학습, 친인척 방문, 가정학습(감염병 위기 경보 단계가 ‘심각, 경계’ 
단계인 경우에 한함) 등으로 할 수 있고, 출결 처리 방법은 [그림]의 순서를 따른다.
[그림] 교외체험학습 출결처리 방법
교외체험학습 신청
(신청서 및 
학습계획서 제출)
→ 학교장 심사 후 
승인 통보 → 교외체험학습 실시 → 교외체험학습 보고서 
제출 →
면담 등을 통한 사실 
확인 후 출석 인정 
결석으로 처리
자료: “교육부 학교생활기록부 기재요령” 교외체험학습 출결처리 방법 재구성
    따라서 전주중앙여자고등학교는 교외체험학습을 실시한 학생의 NEIS 출결 
상황을 출석 인정 결석으로 처리하여야 한다.
3. 감사결과 확인된 문제점  
    그런데도 전주중앙여자고등학교 교사 ***은 20**학년도 *학년 *반 *** 학생이 
20**. **. **.~**. **. 기간 중 총 15일간 교외체험학습을 실시하여 출석 인정 
결석 사유에 해당함에도 NEIS에 출석 인정 결석으로 처리하지 않는 등 [표] 및 
[별표] “NEIS 학생 출결 처리 부적정 세부 내역”과 같이 20**학년도 교사 2명
이 학생 42명(*학년 *반 22명, *학년 *반 20명)의 교외체험학습 합계 478일에 대하여 
NEIS 출결 관리를 부적정하게 한 사실이 있다.
[표] NEIS 학생 출결 처리 부적정 내역(20**학년도) [생략]
- 11 -
    또한, 20**학년도 *학년 학생 42명의 학교생활기록부에 [별표] “NEIS 학생 
출결 처리 부적정 세부 내역”과 같이 합계 362시간(자율활동 254시간, 동아리활동 
105시간, 진로활동 3시간)의 창의적 체험활동이 부적정하게 기재되었다.
    그 결과 학교생활기록부 기재 내용의 객관성과 신뢰성이 저하되었다.
관계기관 의견     전주중앙여자고등학교는 감사 결과를 받아들이면서 앞으로 
관련 법령을 준수하여 교외체험학습 출결 관리 업무를 철저히 수행하겠다는 
의견을 제시하였다.
조치할 사항     전주중앙여자고등학교장은
① 부적정하게 입력된 20**학년도 *학년 학생 42명의 창의적 체험활동상황 합계 
362시간(자율활동 254시간, 동아리활동 105시간, 진로활동 3시간)을 삭제 처리하고(시정)
② 앞으로 관련 법령과 규정 등에 따라 교외체험학습 출결 관리 업무를 철저히 하며
③ 관련자에게 주의를 촉구하시기 바랍니다.(주의 2명)
- 12 -
[별표]
NEIS 학생 출결 처리 부적정 세부 내역(20**학년도) [생략]
- 13 -
일련번호 전주중앙여자고등학교-3
전북특별자치도교육청
주  의  요  구
제        목     학교생활기록부 ‘행동특성 및 종합의견’ 중복 기재
소 관  기 관 전주중앙여자고등학교
조 치  기 관 전주중앙여자고등학교
내        용
1. 업무 개요
    전주중앙여자고등학교는 「초·중등교육법」 및 교육부의 “학교생활기록 작성 
및 관리지침”과 “학교생활기록부 기재 요령”에 따라 학생을 관찰하여 누가 기록된 
행동특성을 바탕으로 학생을 총체적으로 이해할 수 있는 종합의견을 학교생활
기록부 ‘행동특성 및 종합의견’에 전산으로 입력하여 관리하고 있다.
2. 관계법령 및 판단기준
    「초·중등교육법」 제25조(학교생활기록)에 따르면 학교의 장은 학생의 학업
성취도와 인성(人性) 등을 종합적으로 관찰·평가하여 학생 지도 및 상급학교의 
학생 선발에 활용할 수 있도록 하기 위하여 교육부령으로 정하는 기준에 따라 
학교생활기록을 작성·관리하여야 한다.
    또한, 교육부의 “학교생활기록 작성 및 관리지침” 제16조(행동특성 및 종합
의견)에는 학생을 수시로 관찰하여 누가 기록된 행동특성을 바탕으로 총체적으로 
- 14 -
학생을 이해할 수 있는 종합의견을 담임교사가 문장으로 입력한다고 되어 있으며, 
제4조(처리요령)에 따르면 학교생활기록부 작성에 필요한 보조부는 각 학교의 
실정에 맞게 계획을 수립하여 전산입력·관리하도록 되어 있다.
    아울러, 교육부의 “2022~2024 학교생활기록부 기재요령” 학교생활기록부 작성 시 
유의사항에 따르면 학교생활기록부에는 학교교육계획이나 학교교육과정에 따라 
실시한 각종 교육활동의 이수상황(활동내용에 따른 개별적 특성이 드러나는 사항 
중심)을 기재하는 것이 원칙이라고 되어 있다.
    따라서 전주중앙여자고등학교는 학교생활기록부 ‘행동특성 및 종합의견’ 
작성 시 담임교사가 학생을 수시로 관찰하여 누가 기록된 행동특성을 바탕으로 
학생의 개별적인 특성이 드러나는 사항을 중심으로 기재하여야 한다.
3. 감사결과 확인된 문제점  
    그런데도 전주중앙여자고등학교 교사 ***은 20**학년도 *학년 *반 학생 
***, ***, ***의 학교생활기록부 ‘행동특성 및 종합의견’ 항목을 100% 동일한 
내용으로 중복해서 기재하는 등 [표] 및 [별표] “학교생활기록부 행동특성 및 
종합의견 중복 기재 상세 내역”과 같이 20**학년도 학생 8명의 학교생활기록부 
‘행동특성 및 종합의견’을 중복 기재한 사실이 있다. 
[표] 학교생활기록부 ‘행동특성 및 종합의견’ 중복 기재 현황(20**학년도) [생략]
    그 결과 학교생활기록부 내용에 대한 객관성과 신뢰성이 저하되었다.
- 15 -
관계기관 의견     전주중앙여자고등학교는 감사 결과를 받아들이면서 앞으로 
관련 법령을 준수하여 학교생활기록부 ‘행동특성 및 종합의견’ 기재 업무를 철저히 
수행하겠다는 의견을 제시하였다. 
조치할 사항     전주중앙여자고등학교장은 
① 앞으로 관련 법령과 규정 등에 따라 학교생활기록부 ‘행동특성 및 종합의견’ 
기재 업무를 철저히 하고
② 관련자에게 주의를 촉구하시기 바랍니다.(주의 1명)
- 16 -
[별표] 
학교생활기록부 행동특성 및 종합의견 중복 기재 상세 내역(20**학년도) [생략]
- 17 -
일련번호 전주중앙여자고등학교-4 
전북특별자치도교육청
시정·주의요구
제        목     교비회계 집행 부적정
소 관  기 관 전주중앙여자고등학교
조 치  기 관  ①  학교법인 인애학원 ② 전주중앙여자고등학교 ③ 전북특별자치도교육청
내        용
1. 업무개요
    전주중앙여자고등학교는 ｢사립학교법｣ 및 ｢사학기관 재무·회계 규칙｣ 등에 
따라 교비회계를 집행하고 있다.
2. 관계법령 및 판단기준
    ｢사립학교법｣ 제29조(회계의 구분 등) 제1항 및 제6항에 따르면 학교법인의 
회계는 그가 설치․경영하는 학교에 속하는 회계와 법인의 업무에 속하는 회계로 
구분하고, 교비회계에 속하는 수입은 다른 회계에 전출·대여하거나 목적 외로 
부정하게 사용할 수 없다고 되어 있고, 
    ｢사학기관 재무·회계 규칙｣ 제4조에 따르면 법인과 학교의 재무와 회계는 
건전하게 운영하여야 하며 국가의 정책과 사회의 공공기관으로서의 의무와 그 
설립목적에 반하여서는 아니된다라고 되어 있다.
- 18 -
    또한, 전북특별자치도교육청(구, 전라북도교육청)에서 매년 안내한 “교비회계 
예산 검토·분석 결과(예산과-6299, 2023. 7. 18.)”에 따르면 교비회계는 세출예산 
과목에 맞게 예산을 편성해야 하고, 교비회계에 속하는 세출예산은 학교운영에 
필요한 인건비 및 물건비, 학교교육에 직접 필요한 시설·설비를 위한 경비, 기타 
학교교육 및 학교운영에 직접 필요한 경비 등으로 이를 목적 외에 사용하지 
못하며, 신규교사 채용 업무비, 장애인 고용부담금 등 교비회계가 아닌 법인회계
에서 예산편성하여 집행하도록 안내하고 있다.
    따라서 전주중앙여자고등학교는 신규교사 채용 업무 경비는 법인회계에서 
예산 편성하여 집행하여야 한다.
3. 감사결과 확인된 문제점 
    그런데도 전주중앙여자고등학교는 20**. *. **. 법인회계에서 집행해야 할 
‘20**학년도 신규교사 채용 관련 다과 구입비’ 74,380원을 교비회계에서 집행하는 등 
[표]와 같이 20**~20**회계연도 총 5건(20**회계연도 4건, 20**회계연도 1건), 합계 
562,180원을 법인회계가 아닌 교비회계에서 집행한 사실이 있다.
[표] 교비회계 집행 부적정 내역(20**~20**회계연도) [생략]
    그 결과 교비회계 집행의 투명성과 공정성이 저하되었다.
관계기관 의견     전주중앙여자고등학교는 감사 결과를 받아들이면서 앞으로 
관련 법령을 준수하여 교비회계 집행을 철저히 수행하겠다는 의견을 제시하였다.
- 19 -
조치할 사항
학교법인 인애학원 이사장은  교비회계에서 부적정하게 집행한 562,180원을 
법인회계에서  교비회계로 전출하시기 바랍니다.(시정)    
전주중앙여자고등학교장은
① 앞으로 관련 법령과 규정 등에 따라 교비회계 집행을 철저히 하고
② 관련자에게 주의를 촉구하시기 바랍니다.(주의 2명)
전북특별자치도교육감은  관련자에게 주의를 촉구하시기 바랍니다.(주의 1명)
- 20 -
일련번호 전주중앙여자고등학교-5
전북특별자치도교육청
주  의  요  구
제        목
     
     현장체험학습 용역계약 일상감사 미이행 및 야간 안전요원 
성범죄·아동학대 관련 범죄 경력조회 미실시
소 관  기 관 전주중앙여자고등학교
조 치  기 관 전주중앙여자고등학교
내        용
1. 업무개요
    전주중앙여자고등학교는 체험중심의 다양한 활동을 위하여 매년 ‘테마식 
현장체험학습 위탁용역’을 실시하고 있다.
2. 관계법령 및 판단기준
    ｢공공감사에 관한 법률｣ 제22조(일상감사) 제1항에 따르면 감사기구의 장은 
자체감사기구가 소속된 기관의 주요 업무 집행에 앞서 그 업무의 적법성ㆍ타당성 
등을 점검ㆍ심사하는 일상감사를 하여야 한다고 되어 있고, 같은 법 시행령 
제13조(일상감사) 제2항에 따르면 자체감사기구가 소속된 기관의 주요 정책 등을 
집행하는 부서의 장은 계약업무의 수행에 앞서 감사기구의 장에게 일상감사를 
의뢰하여야 한다고 되어 있다.
- 21 -
    또한, 전북특별자치도교육청의 “일상감사 지침”에 따르면 주요사업의 계획 
단계부터 행‧재정적 낭비 요인과 시행착오를 사전 예방함으로써 감사의 효율성 
확보 및 행정의 신뢰성을 제고하기 위하여 설계금액(추정금액) 2억원 이상의 
용역계약은 최종 결재권자의 계획 결재 전에 일상감사 의뢰서 및 관련 서류를 
첨부하여 감사관에게 일상감사를 의뢰하여야 한다고 되어 있다.
    아울러, ｢아동·청소년의 성보호에 관한 법률｣ 제56조(아동·청소년 관련기관 
등에의 취업제한 등) 제1항과 ｢아동복지법 시행령｣ 제29조의 3(아동관련기관의 
취업제한 등)에 따르면 성범죄, 아동학대 관련 범죄로 형 또는 치료감호를 선고
받아 확정된 사람은 일정기간 동안 아동·청소년 관련기관 등에 취업 또는 사실상 
노무를 제공할 수 없으며, 아동ㆍ청소년 관련기관등의 장은 그 기관에 취업 
중이거나 사실상 노무를 제공 중인 자 또는 취업하려 하거나 사실상 노무를 제공
하려는 자에 대하여 본인의 동의를 받아 관계기관의 장에게 성범죄의 경력 
조회를 요청하여야 한다고 되어 있다.
    따라서 전주중앙여자고등학교는 추정금액 2억원 이상의 테마식 현장체험학습 
위탁 용역은 일상감사를 의뢰하여야 하고, 야간 안전요원에 대해서는 성범죄 및 
아동학대 관련 범죄 경력 조회를 하여야 한다.
3. 감사결과 확인된 문제점 
    그런데도 전주중앙여자고등학교는 20**. *. *. (유)*****와 계약한 ‘20**학년도 
*학년 테마식 현장체험학습(계약금액 233,490,000원)’ 위탁 용역이 추정금액1) 2억 원 
이상의 용역 계약임에도 전북특별자치도교육청 감사관에게 일상감사를 의뢰하지 
않았고, 계약 사항에 야간 안전요원 내역(3명, 3,120천원)이 포함되어 있음에도 야간 
1) 추정금액=추정가격+부가가치세+관급자재로 공급될 금액
- 22 -
안전요원에 대한 성범죄 및 아동학대 관련 범죄 경력 조회를 실시하지 않는 등 
[표]와 같이 20**~20**회계연도 테마식 현장체험학습 위탁 용역 계약 총 2건에 대
하여 일상감사를 의뢰하지 않은 채 집행하였고, 야간 안전요원 6명에 대한 성범
죄 및 아동학대 관련 범죄 경력 조회도 실시하지 않은 사실이 있다.
[표] 테마식 현장체험학습 위탁용역 계약 부적정 현황(20**~20**회계연도) [별표]
    그 결과 현장체험학습 운영의 공정성과 투명성이 저하되고 학생 보호와 
안전관리의 실효성이 확보되지 않았다.
관계기관 의견     전주중앙여자고등학교는 감사 결과를 받아들이면서 앞으로 
관련 법령을 준수하여 현장체험학습 용역 계약 업무를 철저히 수행하겠다는 
의견을 제시하였다.
조치할 사항     전주중앙여자고등학교장은
① 앞으로 관련 법령과 규정 등에 따라 현장체험학습 위탁 용역 업무를 철저히 하고
② 관련자에게 주의를 촉구하시기 바랍니다.(주의 2명)

- 23 -
일련번호 전주중앙여자고등학교-6 
전북특별자치도교육청
주  의  요  구
제        목     교비회계 지출원인행위 지연 처리(정리)
소 관  기 관 전주중앙여자고등학교
조 치  기 관 전주중앙여자고등학교
내        용
1. 업무 개요
    전주중앙여자고등학교는 전북특별자치도교육청(구, 전라북도교육청)의 “사학
기관 예산편성 및 운영지침”에 따라 교비회계 세출예산을 집행하고 있다.
2. 관계법령 및 판단기준
    전북특별자치도교육청(구, 전라북도교육청)의 “사학기관 예산편성 및 운영지침”
에 따르면 회계관계 규정은 「전북특별자치도 교육비특별회계 재무회계 규칙」 
및 「전북특별자치도 공립학교회계 규칙」 등을 준용하도록 되어 있다.
    또한, 「전북특별자치도 교육비특별회계 재무회계규칙」 제67조(지출원인행위의 
정의) 및 「전북특별자치도 공립학교회계 규칙」 제35조(지출원인행위)에 따르면 
“지출원인행위”라 함은 세출예산·계속비 또는 채무부담행위에 따라 지방자치
단체의 지출의 원인이 되는 계약 또는 그 밖의 행위를 하는 것으로 학교의 장이 
행한다고 되어 있다.
- 24 -
    아울러, 같은 규칙 제68조(지출원인행위와 장부의 정리구분) 제2항 및 제3항
에 따르면 재무관이 지출원인행위를 하는 때에는 지출결의서를 작성하고 지출원
인행위부에 이를 기재하여야 하며, 지출원인행위부에는 지출원인행위의 시기1) 
및 금액을 정리하여야 한다고 되어 있다.
    따라서 전주중앙여자고등학교는 지출의 원인이 되는 계약 또는 그 밖의 행위를 
하는 때에는 지출원인행위부에 지출원인행위의 시기 및 금액을 정리하여야 한다.
3. 감사결과 확인된 문제점
    그런데도 전주중앙여자고등학교는 20**회계연도 교비회계 지출원인행위 32건
(392,488,530원)에 대하여 지출의 원인이 되는 행위를 하고서도 원인행위결의서에 
지출원인행위를 최소 8일에서 최대 27일 지연2) 처리(정리)하는 등 [표] 및 [별
표] “교비회계 지출원인행위 지연 처리(정리) 상세 내역”과 같이 20**~20**회계
연도 총 163건(20**회계연도 32건, 20**회계연도 72건, 20**회계연도 54건, 20**회계연도 
5건), 합계 1,809,091,490원에 대해 최소 8일에서 최대 40일까지 지출원인행위를 
지연 처리(정리)한 사실이 있다.
[표] 교비회계 지출원인행위 지연 처리(정리) 내역(20**~20**회계연도) [생략]
    그 결과 예산이 사후에 집행된 형태로 처리되어 집행 시점의 불일치가 발생
하는 등 회계 집행의 투명성과 신뢰성이 저하되었다.
1) 「전북특별자치도 교육비특별회계 재무회계 규칙」 [별표2] 지출원인행위 정리 구분표에 따라 지출원인행위 시기를 결정
  - ‘계약에 의한 경비’의 정리 시기는 ‘계약체결시’
2) 지연일수 산정 기준: K-에듀파인 클린재정 ‘원인행위 소급등록’의 초과일수(결재승인일자-업무확정일자>7)
  - 원인행위 결재 완료된 자료 중 원인행위 결재승인일자와 업무확정일자를 비교하여 7일 초과(휴일제외)하는 내역
- 25 -
관계기관 의견     전주중앙여자고등학교는 감사 결과를 받아들이면서 앞으로 
관련 법령을 준수하여 지출원인행위 업무처리를 철저히 수행하겠다는 의견을 
제시하였다.
조치할 사항     전주중앙여자고등학교장은
① 앞으로 관련 법령과 규정 등에 따라 교비회계 세출예산 집행을 철저히 하고
② 관련자에게 주의를 촉구하시기 바랍니다.(주의 3명)
- 26 -
[별표]
교비회계 지출원인행위 지연 처리(정리) 상세내역(20**~20**회계연도, 163건) [생략]
- 27 -
일련번호 전주중앙여자고등학교-7 
전북특별자치도교육청
시정·주의요구
제        목     가족돌봄휴가(유급) 사용 부적정
소 관  기 관 전주중앙여자고등학교
조 치  기 관 ① 전주중앙여자고등학교, ② 전북특별자치도교육청
내        용
1. 업무 개요
    전주중앙여자고등학교는 「학교법인 인애학원 정관」, 「지방공무원 복무규정」
등에 따라 소속 교직원의 특별휴가를 허가하는 등 복무를 관리하고 있다.
2. 관계법령 및 판단기준
    「학교법인 인애학원 정관」에 따르면 사무직원 복무에 관하여는 전북특별
자치도교육청 지방공무원에게 적용하는 규정을 준용한다고 되어 있고, 「지방
공무원 복무규정」 제7조의7(특별휴가) 제9항에 따르면 공무원은 연간 10일의 
범위에서 가족돌봄휴가1)를 사용할 수 있다고 되어 있다.
1) 가족돌봄휴가 인정 사유
  ① 「영유아보육법」에 따른 어린이집, 「유아교육법」에 따른 유치원 및 「초ㆍ중등교육법」 제2조 각 호의 학교
(이하 이 항에서 “어린이집등”이라 한다)의 휴업ㆍ휴원ㆍ휴교, 그 밖에 이에 준하는 사유로 자녀 또는 손자녀를 
돌봐야 하는 경우
  ② 자녀 또는 손자녀가 다니는 어린이집등의 공식 행사 또는 교사와의 상담에 참여하는 경우
  ③ 미성년자 또는 「장애인복지법」 제2조제2항에 따른 장애인(이하 이 조에서 “장애인”이라 한다)인 자녀
ㆍ손자녀의 병원 진료(「국민건강보험법」 제52조에 따른 건강검진 또는 「감염병의 예방 및 관리에 
관한 법률」 제24조 및 제25조에 따른 예방접종을 포함한다)에 동행하는 경우
- 28 -
    또한, 같은 규정 제10항에 따르면 제9항에 따른 가족돌봄휴가는 무급으로 
하되, 자녀(같은 항 제4호의 경우에는 미성년자 또는 장애인인 자녀)를 돌보기 
위한 가족돌봄휴가는 해당 공무원의 자녀(제9항제1호에 따른 어린이집등에 재학 
중이거나 미성년인 자녀 또는 장애인인 자녀) 수에 1을 더한 일수까지를 연간 
유급휴가일수로 하며, 장애인인 자녀가 있는 공무원 또는 「한부모가족지원법」
제4조제1호의 모 또는 부에 해당하는 공무원의 경우에는 연간 유급휴가 일수에 
1을 더한 일수까지 연간 유급휴가 일수로 한다고 되어 있다.
    아울러, “지방공무원 복무에 관한 예규”에 따르면 자녀 돌봄을 목적으로 유
급 가족돌봄휴가를 사용할 경우 관련 증빙서류를 제출하여야 하며, 부서장은 유
급 가족돌봄휴가 승인 시 관련 증빙서류를 확인하여야 한다고 되어 있다.
    따라서 전주중앙여자고등학교는 유급 가족돌봄 휴가를 사용하는 소속 직원
에게 관련 증빙서류를 제출하도록 하여야 한다.
3. 감사결과 확인된 문제점
    그런데도 전주중앙여자고등학교 ***은 20**. **. **. 9:00~12:00 유급 가족
돌봄휴가에 해당되지 않는 ‘배우자 병원’을 사유로 가족돌봄휴가(유급) 3시간을 
사용하는 등 [표1]과 같이 20**~20**년 총 33시간(20**년 5시간, 20**년 24시간, 20**년 
4시간) 가족돌봄휴가(유급)를 부적정하게 사용한 사실이 있고, 학교장은 관련 증빙
서류를 확인하지 않고 가족돌봄휴가(유급)을 승인한 사실이 있다.
  ④ 질병, 사고, 노령 등의 사유로 조부모, 외조부모, 부모(배우자의 부모를 포함한다), 배우자, 자녀 또는 
손자녀를 돌봐야 하는 경우
  ※ 관련: 「지방공무원 복무규정」 제7조의7 제9항
- 29 -
[표 1] 가족돌봄휴가(유급) 사용 부적정 내역(20**~20**년) [생략]
    또한, 전주중앙여자고등학교는 ***이 부적정하게 사용한 가족돌봄휴가 시간을 
연가 일수에서 공제하지 않아 [표2]와 같이 20**~20**년 합계 702,280원(20**년 
136,350원, 20**년 420,680원, 20**년 145,250원)의 연가보상비를 과다 지급하였다.
[표 2] 연가보상비 과다 지급 내역(20**~20**년) [생략]
    그 결과 소속 직원의 가족돌봄휴가(유급) 등 복무 관리를 부적정하게 하여 
연가보상비 집행의 형평성과 예산관리의 건전성이 저하되었다. 
관계기관 의견     전주중앙여자고등학교는 감사 결과를 받아들이면서 앞으로 
관련 법령을 준수하여 소속 교직원 복무 관리를 철저히 수행하겠다는 의견을 
제시하였다.
조치할 사항
전주중앙여자고등학교장은
① 과다 지급된 연가보상비 702,280원을 ***로부터 회수하여 교비회계에 세입 
조치하고(시정)
② 앞으로 관련 법령과 규정 등에 따라 소속 교직원 복무 관리를 철저히 하며
③ 관련자에게 주의를 촉구하시기 바랍니다.(주의 1명)
전북특별자치도교육감은 관련자에게 주의를 촉구하시기 바랍니다.(주의 1명)
- 30 -
일련번호 전주중앙여자고등학교-8 
전북특별자치도교육청
경  고  요  구
제        목     기간제교원 채용 절차 부적정
소 관  기 관 전주중앙여자고등학교
조 치  기 관 ① 전주중앙여자고등학교, ② 전북특별자치도교육청
내        용
1. 업무 개요
    전주중앙여자고등학교는 원활한 교육과정 운영을 위해 전북특별자치도교육청
(구, 전라북도교육청)의 “계약제교원 운영 지침”에 따라 기간제교원을 채용하고 있다.
2. 관계법령 및 판단기준
    전북특별자치도교육청(구, 전라북도교육청)의 “계약제교원 운영 지침”에 따르면 
결원 발생 등으로 대체 교사를 채용하는 경우 교육과정 운영의 안정성 확보와 
원활한 운영을 위해 [그림]과 같이 공고기간 일정, 심사방법, 응시자격 등 전반
적인 내용, 일정을 고려하여 채용계획을 구체적으로 수립하도록 되어 있다.
    또한, 기간제교원 심사 및 대상자 선정 시 교육여건, 학년(교과) 및 업무의 
특성을 고려한 심사 방법 및 기준과 서류심사, 면접심사, 수업실연 등 적격자 
선발을 위한 절차를 마련하고, 전형 결과 내부결재를 통해 채용대상자 결정·
통지하도록 되어 있다.
- 31 -
[그림] 계약제 교원 채용 절차 흐름도
 자료: “전북특별자치도교육청 계약제 교원 운영 지침” 계약제 교원 채용 절차 재구성
    따라서 전주중앙여자고등학교는 기간제교원 선발을 위한 전형별 심사 방법 
및 기준, 적격자 선발을 위한 절차를 마련하고, 전형 결과 내부결재를 통해 채용 
대상자를 결정하여야 한다.
3. 감사결과 확인된 문제점
    그런데도 전주중앙여자고등학교는 20**. 3. 1. ** 교과 기간제 교원 1명을 채
용하면서 1차 서류전형에 대한 구체적인 심사 기준을 마련하지 않은 채 교감·행
정실장·각 교과 교사가 임의로 응시자 10명 중 3명을 1차 서류전형 합격자로 
선정한 후 2차 면접 및 3차 수업 실기를 실시하였고, 전형 결과도 내부결재 없이 
채용대상자를 결정·통지하는 등 [표] 및 [별표] “기간제 교원 채용 절차 부적정 
상세내역”과 같이 20**~20**학년도 합계 31명(20**년 8명, 20**년 13명, 20**년 10명)의 
기간제교원을 채용하면서 채용 절차를 부적정하게 운영한 사실이 있다.
채용 
계획 수립
→
채용 공고 서류심사 및 면접 계약 및 임용
→
교육청 
임용 보고
· 채용계획 수립
  및 사전 공개
  (최소 3일 전)
 * 공 고 기 간  일 정, 심 사
방 법, 응시자격 등 
전반적인 내용 고려 
구체적으로 수립
· 4일이상
· 도교육청, 
교육지원청 
홈페이지 공고
· 접수방법:전자우편 
중심, 현장접수 지양
→
· (의무) 서류심사 및 
면접
· (선택) 수업실연
 * 단, 교수교과  
6개월 이상 임용 시 
의무
→
· 채용대상자 결정(전형 
결과 내부결재)
· 계약 및 임용
· 채용 직전까지 결격 
사유, 각종 범죄경력, 
마약류 관련 중독자 
여부 확인
· 임용 후 1주일 
이내
- 32 -
[표] 기간제교원 채용 절차 부적정 내역(20**~20**학년도) [생략]
    그 결과 기간제 교원 채용의 공정성과 투명성을 훼손하였다.
관계기관 의견     전주중앙여자고등학교는 감사 결과를 받아들이면서 앞으로 
관련 법령을 준수하여 기간제교원 채용 업무를 철저히 수행하겠다는 의견을 
제시하였다.
조치할 사항     
전주중앙여자고등학교장은
① 앞으로 관련 법령과 규정 등에 따라 기간제교원 채용 업무를 철저히 하고
② 관련자에게 경고를 촉구하시기 바랍니다.(경고 3명)
전북특별자치도교육감은 관련자에게 경고를 촉구하시기 바랍니다.(경고 1명)
- 33 -
[별표]
기간제교원 채용 절차 부적정 상세내역(20**~20**학년도) [생략]
- 34 -
일련번호 전주중앙여자고등학교-9 
전북특별자치도교육청
시정·경고요구
제        목     시설공사 업무처리 부적정
소 관  기 관 전주중앙여자고등학교
조 치  기 관 전주중앙여자고등학교
내        용
1. 업무 개요
    전주중앙여자고등학교는 2023년도에 ‘전주중앙여고 본관동 화장실 수선공사’ 
외 3건을 시행하고 이에 대한 설계용역 계약 및 공사감독과 준공검사 등의 업무를 
추진하였다.
2. 설계용역 수의계약 부적정
  가. 관계법령 및 판단기준
    「지방자치단체를 당사자로 하는 계약에 관한 법률 시행령」제30조에 따르면 
지방자치단체의 장 또는 계약담당자는 수의계약을 체결하는 경우에는 지정정보
처리장치를 이용하여 2인 이상으로부터 견적서를 받아야 한다고 되어 있고, 
전북특별자치도교육청의  “1인 견적 제출 가능 수의계약 금액 기준 연장 알림
(재무과-25167, 2020.12.29.) ”에 따르면 추정가격 2천만 원을 초과하는 수의계약의 
- 35 -
경우에는 지정정보처리장치를 이용하여 2인 이상 견적서를 제출받아야 한다고 
되어 있다.
    따라서 전주중앙여자고등학교는 추정가격이 2천만 원을 초과하는 설계용역 
계약은 1인 수의계약을 하여서는 아니 된다.
  나. 감사결과 확인된 문제점
    그런데도 전주중앙여자고등학교는 20**. *. **. 추정가격2)이 2천만 원을 
초과한 ‘본관동 화장실 수선 건축 설계용역(추정가격 22,400,000원)’ 계약을 지정정보
처리장치를 이용한 2인 이상으로부터 견적서를 제출받지 아니하고 건축사사무소 
****와 1인 견적으로 수의계약을 하는 등 [표1]과 같이 20**~20** 회계연도 총 
2건에 대해 각각 1인 견적 수의계약으로 부적정하게 처리한 사실이 있다.
[표1] 설계용역 수의계약 현황(20**~20**회계연도) [생략]
3. 시설공사 준공검사 부적정
  가. 관계법령 및 판단기준
    「지방자치단체를 당사자로 하는 계약에 관한 법률」 제16조(감독) 및 제17조
(검사)에 따르면 지방자치단체의 장 또는 계약담당자는 공사·물품·용역 등의 
계약을 체결한 경우에 그 계약을 적절하게 이행하도록 하기 위하여 필요하다고 
인정하면 계약서·설계서 및 그 밖의 관계 서류에 따라 감독하거나 소속 공무원 
등에게 그 사무를 위임하여 감독하게 하여야 한다고 되어 있고, 계약상대자가 
계약의 전부 또는 일부의 이행을 끝내면 이를 확인하기 위하여 계약서·설계서 
2) 추정가격: 부가가치세를 제외한 금액
- 36 -
및 그 밖의 관계 서류에 따라 이를 검사하거나 소속 공무원 등에게 위임하여 
검사하여야 한다고 되어 있다.
    또한, 같은 법 시행령 제64조(검사) 제5항에 따르면 지방자치단체의 장, 
계약담당자는 검사를 할 때 계약상대자의 계약이행내용의 전부 또는 일부가 계약에 
위반되거나 부당함을 발견하였을 때에는 지체없이 필요한 시정조치를 명하여야 
한다고 되어 있다.
    따라서 전주중앙여자고등학교는 시설 공사가 설계서의 내용대로 시공되었는지 
확인하여 설계서와 다를 경우 설계내역을 조정하고 계약상대자와 변경 계약을 
하는 등 공사비가 과다하게 지급되지 않도록 하여야 한다.
  나. 감사결과 확인된 문제점
    그런데도 전주중앙여자고등학교는 20**. **. *. 주식회사 ***과 계약한 “정
보실 구축공사(계약금액 35,694,000원)”를 시공하면서 ‘목재 띠장’이 설계도서와 다
르게 108.2㎡ 중 50.0㎡ 일부만 시공하고 58.2㎡ 부족 시공되었음에도 설계변경 및 
계약 금액을 조정하지 않고 준공(준공일 20**. **. **.) 처리하여 1,001,500원을 과다 
지급하는 등 [표2] 및 [별표] “공사금액 과다 지급 세부내역”과 같이 20**~20**
회계연도 총 2건에 대해 공사비 합계 4,268,120원을 과다 지급한 사실이 있다.
[표2] 공사금액 과다 지급 내역 [생략]
    그 결과 계약 과정의 공정성 및 투명성을 저해했을 뿐 아니라 예산의 낭비를 
초래하였다.
- 37 -
관계기관 의견     전주중앙여자고등학교는 감사 결과를 수용하면서 앞으로 
관련 법령을 준수하여 설계용역 계약 및 준공정산 업무를 철저히 수행하겠다는 
의견을 제시하였다.
조치할 사항     전주중앙여자고등학교장은 
① 과다 지급된 시설비 4,268,120원을 관련 업체로부터 회수하여 교비회계에 세입 
조치하고(시정)
② 앞으로 관련 법령과 규정 등에 따라 계약 및 공사감독·검사 업무를 철저히 하며
③ 관련자에게 경고를 촉구하시기 바랍니다.(경고 2명)
- 38 -
[별표]
공사금액 과다 지급 세부 내역 [생략]"
"2025년5~6월복무,종합감사결과보고(공개용).hwp",HWP,"○ 제21대 대통령 선거를 대비하여 정치적 중립의무 위반 행위 등의 예방과  해이해지기 쉬운 공직기강 확립하기 위해 제21대 대통령선거 대비 특별   공직기강 점검фPхۀ澋ոոҦ͈밼,硋ոոҦ͈밼U脋ոոҦ͈밼Bƀࠀу̀氠瑢2. 감사대상 기관 및 기간фхɀ足ــՐπ롔чˠ氠瑢∐್ࠪˉ밥䄑簖幉ࡍɀЀࡈ˰ ปફ;ป䈀耈ȁ⸀ကĀĀ䌀䀌ᰀෂ䐀而Ḁ䔀䀌᐀᐀儀萀؀䠀Ă ЀĀĀĀЀ#꬀
贀贀贀贀㰀Ѐ#ࡂƀ耀.耀ృ 감사대상ౄ౅ɀԔԔё⇨ࡈ˰ 䏮ફ<䏮䈀耈ԁጀကĀĀ䌀ꀌက견ダҮඬ䐀而Ḁ䔀䀌᐀᐀儀萀퐀B؀䠀Ă Ѐ̀ĀĀᄀ꬀
贀贀贀贀㰀ᄀࡂƀ耀.耀ృ`일수ౄ౅ɀԔԔёᛴࡈ˰ ᠑ફ<᠑䈀耈ԁ⸀ကĀĀ䌀ꀌက견磀탇ෆ䐀而Ḁ䔀䀌᐀᐀儀萀؀䠀Ă ЀԀĀĀ꬀
贀贀贀贀㴀ࡂƀ耀.耀ృ연인원ౄ౅ɀԔԔёᗜࡈ˰ ปऑUป䈀耈ȁ刀ĀĀ䌀䀌㄀ഀ䐀而爀䔀䀌᐀᐀儀ఀ؀䠀Ă⠀ĀĀĀĀЀ#ᄀ	贀贀贀贀嘀Ѐ#ࡂƀ耀R耀ృà백룡초등학교ౄT౅ɀԔԔё̌⇨ࡈ˰(䏮ऑW䏮䈀耈ᘁ䐀ἀĀĀ䌀쀌㈂　㈀㔀⸀ 㔀⸀ ㄀㤀⸀ 縀 㔀⸀ ㈀㄀⸀ഀ䐀而䠀䔀䀌᐀᐀言ఀ퐀B؀䠀Ă⠀̀ĀĀĀᄀᄀ	贀贀贀贀嘀ᄀࡂƀ耀E耀ృ@3ౄH౅ɀԔԔёАᛴࡈ˰(᠑ऑV᠑䈀"
2026. 1월 종합감사 결과보고(공개용).pdf,PDF,"- 1 -
2026. 1월 종합감사 결과보고서
 - 상서초 -
Ⅰ 감사실시 개요
1. 감사배경 및 목적
 ○ 「전북특별자치도 교육․학예에 관한 자체감사규칙」제4조제2항의 규정에 따라  
 감사 순기(3년) 도래에 의한 종합감사 실시
 ○  학교의 교육과정 운영·주요 시책 추진·예산편성 및 집행·물품관리 등 
실태의 적정성을 감사하여 학교 운영 전반의 투명성 및 공정성 확보
2. 감사대상 및 범위
순 감사대상 감사기간 일수 감사인원 연인원
1 상서초등학교 2026. 1. 20. ~ 1. 22. 3 4 12
3. 감사중점사항
구  분 중 점 감 사 사 항 비고
교무·학사 
◦ 학교규칙, 출결, 학적, 학교생활기록부 등 적정성 여부
◦ 교육과정·평가 관리 운영
◦ 학생 생활규정 생활교육·안전교육·학교폭력 적정성 여부
◦ 과학·직업·체육·보건·독서·특수 교육 운영 및 개인
정보보호, 학교도서관 운영 관리
◦ 방과후학교 운영 관리 등
사업관리
◦ 교육과정 운영 사업성 예산 집행 계획
(“예”학교특색사업, 테마식 현장체험학습 추진, 
돌봄교실, 방과후학교 추진, 각종 현대화사업 추진 등)
- 2 -
Ⅱ 감사결과
1. 지적사항 총괄  
                 (단위: 건, 천 원, 명)
합   계
변상
(금액)
징계
(인원)
시정(금액)
경고
(인원)
주의
(인원)
개
선
권
고
통
보
고발
(인원)
모범
사례
(인원)총 
건수
신분상
조치
인원
재정상
조치
금액
소계 추징 회수 추급
4 5 1,599 . . 2
(1,599) . 2
(1,599) . . 3
(5) . . 1 . .
 
2. 분야별 지적사항
 (단위: 건, 원, 명)
구분
계 예산․세출 시설공사·
계약 인사·복무 교무·학사 방과후 인건비 기타
5 3 . 1 . 1 . .
신분상
조  치 주의5 주의 3 . 주의 1 . 주의 1 . .
재정상
조  치 1,599,800 . 1,569,800 . . 30,000 . .
구  분 중 점 감 사 사 항 비고
세    입
◦ 연도별 금고검사
◦ 세입금 징수
◦ 예산편성 및 사업 추진
세    출 ◦ 지출원인행위 및 세출의 적정성
◦ 계약업무(이행감독 및 검사 등)의 적정 처리 여부
공유재산 및 
물품, 기타
◦ 공유재산 임대 및 관리(취득, 처분 등) 현황
◦ 물품의 적정 관리 및 사용
◦ 세입세출외현금 관리, 학교발전기금, 보조금 등
시설관리 ◦ 시설사업의 적정 추진 및 관리
- 3 -
Ⅲ 학교별 지적사항(요약)
  가. 상서초등학교
    1) 평가계획 관련 학업성적관리위원회 심의 부적정
    2024학년도 평가계획 수립 시, 2학기 학생평가계획에 대하여 학업성적관리
위원회의 심의를 거치지 않고, 학교장 결재만으로 평가계획을 수립 및 실시한 
사실이 있음.
조 치 의 견
 ￭ 학교에‘통보’조치
  2) 학교회계 예산 공개 및 간주처리 부적정
    2024회계연도 제1차~3차 추가경정 세입·세출예산서를 예산 확정 후 10일 
이내에 학교 홈페이지에 공개하여야 함에도 불구하고 공개하지 않았으며, 
2025회계연도 제2차 추가경정 세입·세출 예산서는 정해진 기일보다 102일 
지연하여 공개하는 등 학교회계 예산 공개를 소홀히 한 사실이 있고 2023
회계연도에 5차 추가경정예산을 편성 하면서 학교운영위원회 심의(학운위 
소집일: 2024. 2. 6.)를 받기 위한 충분한 시간적 여유가 있었음에도 목적
사업비인 통학택시 운영비  감액 건에 대하여 간주처리예산(2024. 2. 23.)
으로 편성하였고, 편성한 간주처리예산을 사전·사후 학교운영위원회에 설명 
및 소명 등을 하지 않은 사실이 있음.
조 치 의 견
 ￭ 관련자 3명에게‘주의’조치(1명 퇴직으로 처분면제)
  3) 교과보충프로그램 강사비 지급 부적정
    교사 윤O형은 2023학년도 교과보충 프로그램 강사로 참여하면서 출장의 
사유로 해당 시간에 수업을 실시할 수 없었음에도 관련서류(운영일지)를 
작성하여 교과보충 프로그램 강사비 30,000원을 과다지급 받은 사실이 있음.
조 치 의 견
 ￭ 관련자 1명에게‘주의’조치(회수 30,000원)
- 4 -
 4) 복무(병가)관리 소홀    
   교사 고O미는 2024년, 2025년 각각 병가의 연간 누계가 6일을 초과하여 진단서 
등의 증빙자료를 첨부해야 하나 이를 소홀히 하여 인건비를 과다 지급받은 사실이 
있음.
조 치 의 견
 ￭ 관련자 1명에게‘주의’조치(회수 1,569,800원)   
Ⅳ 현지조치 사항[총 4건]
가. 상서초등학교 [4건]
지적건명 지적내용 처분(안)
1. 과학실험실 
폐기물 관리대장 
작성 미흡
❍2025년 폐수·폐시약을 모두 처리한 후 관련문서(폐수·
폐시약 처리 확인증) 보관은 잘 이루어졌으나, 해당 내용에 
대해 관리대장이 작성이 미흡한 사실이 있음. (폐수·
폐시약 발생량과 처리량이 모두 0으로 기록됨)
❍시정 
2. 인지세 납부 
소홀
❍2024~2025년도 통학택시 운영 계약을 체결하면서 계약 
상대자의 인지세 납부 여부를 확인하지 않은 사실이 있음.
❍시정 
3. 복식수업학급 
지원강사 
복무(병가)관리 
소홀     
❍복식수업학급 지원강사 강O곤과 정O인(계약기간 
2023.3.1.~2024.2.29.)은 학기당 병가를 사용하면서 강O곤은 
2023년도 병가 7시간, 정O인은 병가 20분을 초과하여 
사용한 사실이 있음.
❍시 정  및  회수
 (70,540원 회수) 
4. 사무인계·인수 
소홀
❍학교장, 행정실장을 제외한 교직원 전원이 업무관리
시스템이나 전자문서시스템을 이용한 사무 인계·인수를 
실시하지 않은 사실이 있음.
❍시정"
감사결과 보고서(섬진중).pdf,PDF,"1  섬진중학교 종합감사결과 및 처분내용
 감사개요
❍ 감사기간: 2025. 10. 15. ~ 10. 17.(3일간)
❍ 감사인원: 총 4명
 감사결과 지적사항
1. 분야별 지적건수(총 7건)
학교명 유형별 학사․평가 인건비·복무예산·회계·기타 계약․시설 계
섬진중
지적사항 2 0 0 1 3
현지시정 1 0 3 0 4
합계 3 0 3 1 7
2. 지적사항 총괄 
학교명
신분상(명) 행정상(건)
재정상
조치징계 경고 주의 계 기관
주의 통보 시정 개선 계
섬진중 · · 3
(3건)
3
(3건) · · · · 0 0
 ※ ( )안은 신분상 조치 대상자에 대한 지적 건수 총 합계임.
3. 세부 지적내용 및 처분
4. 현지 조치사항
지적건명 지적내용 처분
【계약】
1. 기간제 교원 
채용 업무 
부적정
❍ 2025학년도 2건의 기간제 교원을 채용하면서 성범죄 
및 아동학대 관련 범죄경력 미조회
【, 아 동 복 지 법  제29조 의2 제5항  및  아 동·청 소 년 의  성 보 호 에 
관 한  법 률  제56조  제5항】
❍ 주의(1명) 
【평가】
2. 수행평가 점수 
부여 부적정
❍ 2024학년도 정보교과 수행평가 시 세부 평가기준과 
다른 점수를 부여하여 운영
【학교생활기록 작성 및 관리지침, 학업성적관리 
시행지침 및 관리방안】
❍ 주의(1명) 
【교무학사】
3. 출결 상황 
관리 부적정
❍ 2023학년도 교외체험학습 증빙자료를 보관하면서 
나이스에 출석인정 결석 미처리
【초·중등교육법 제25조, 학교생활기록 작성 및 
관리지침】
❍ 주의(1명) 
지적건명 지적내용 처분
【회계】
1. 여비 지급 
소홀
❍ 같은 날 관외 중복 출장에 대해 여비를 일수가 
아닌 출장 건에 따라 지급하여 중복 지급
【공무원 여비규정 제16조 및 공무원 여비업무 
처리기준】
❍ 시정(회수)
   (40,000원)
지적건명 지적내용 처분
【회계】 
2. 물품선정위원회 
운영 소홀
❍ 제품별 구매 총액이 1천만원 이상인데도 3개 이상 
제품의 비교·평가 절차 미이행
【물품선정위원회운영 기준 개정안내(재무과-15988, 
2023.7.14.)】
❍ 시정
  
 
 
【계약】  
3. 시 설 공 사  계 약 
소 홀
❍ 1개월 미만인 공사에 대해 계약상대자와 노무비 구분
관리에 대한 제외 승인 절차 미이행 및 원가계산서에 
기타경비를 계상하고도 수도광열비 미징수
【지방자치단체 입찰 및 계약집행기준】
❍ 시정(징수)
  (12,680원)
【교무학사】  
4. 현장체험학습 
사전업무 처리 
소홀
❍ 2024~2025학년도 7건의 현장체험학습 운영 시 
미참가 학생 지도 계획 미수립
【현장체험학습 운영 매뉴얼】
❍ 시정"
5.김제중감사결과공개.hwp,HWP,
종합감사결과공개자료.pdf,PDF,"s
전북특별자치도정읍교육지원청
종합감사 결과 공개
2025.  11.
  [감  사  관 ]

전북특별자치도정읍교육지원청
종합감사 결과 공개
 감사결과의 공개는 국민의 알권리 충족과 기관 운영의 투명성을 강화하기 위한 
공익적 조치입니다. 따라서 감사결과 실명이 공개된 모든 기관이 비리에 연관되어 
있는 것은 아님을 알려드립니다. 
□ 감사 개요
○ 감사 기간: 2025. 3. 31.∼ 4. 4.(5일)
○ 감사 인원: 10명 
○ 감사 범위: 2022. 2. 26.∼2025. 3. 30.(지난번 감사 이후부터 금번 감사 전일 까지)
□ 감사 결과
 ○ 총괄
 (단위: 건, 명, 원)
신분상(명) 행정상(건)
재정상
조치
현지
조치징계 경고 주의 계 기관
주의 시정 통보 개선 계
. 7
(2건)
80
(16건)
87
(18건) · · 3 · 3
ž 회수(7건)  
 21,047,590원
ž 추급(1건)   
 66,220원
ž 반환 또는 
세입조치(1건)
  195,010원
ž 합계 
금21,308,820원 
·
  
 ※ ( )안은 신분상 조치 대상자에 대한 지적 건수 총합계로 중복 건수 존재
 ○ 분야별 지적건수
 
유형별 인사·복무 학사·평생
계약·예산
·회계·
인건비
시설 계
지적사항 3 3 7 3 16
 ○ 지적사항(총 17건)
연번 제   목 처분요구
【인사·복무 분야】
1 지방공무원 복직 발령 및 근무성적평정 관리 
부적정  ▪ 주의(2명)
2 복무관리 부적정(공가·병가·학습휴가)
 ▪ 경고(1명)
 ▪ 주의(3명)
 ▪ 시정(회수)(755,530원)
 ▪ 통보
3 교육공무직원 수습평가 지연 및 채용서류 관리 
부적정  ▪ 주의(1명)
【학사·평생 분야】
4 영재수업 컨설팅(검토) 수당 과다 지급  ▪ 주의(1명)
 ▪ 시정(회수)(60,000원)
5 학교체육진흥지역위원회 운영 부적정  ▪ 주의(4명)
6 공익법인 지도·감독 및 설립허가 취소 업무 
부적정
 ▪ 주의(9명)
 ▪ 통보
- 4 -
연번 제   목 처분요구
【계약·예산·회계·인건비 분야】
7 용역계약 업무 부적정  ▪ 주의(6명)
8 일상감사 및 계약심사 절차 이행 부적정  ▪ 주의(5명)
9 시설부대비(피복비) 집행 부적정
 ▪ 경고(6명)
 ▪ 주의(11명)
 ▪ 통보
10 출장여비 지급 부적정  ▪ 주의(11명)
 ▪ 시정(회수) 1,900,270원
11 세입세출외현금 관리 부적정
 ▪ 주의(4명)
 ▪ 시정(반환 또는 세입)
195,010원
12 법인카드 관련 업무처리 부적정  ▪ 주의(11명)
13 연가일수 산정 및 연가보상비 지급 부적정
 ▪ 주의(2명)
 ▪ 시정(회수)(142,170원)
 ▪ 시정(추급)(66,220원)
【시설 분야】
14 폐기물 처리비 준공 정산 부적정  ▪ 주의(4명)
 ▪ 시정(회수) 922,920원
15 시설공사 감독 및 준공검사 부적정  ▪ 주의(4명)
 ▪ 시정(회수) 11,473,000원
16 시설공사 품질시험계획 업무 절차 및 정산 
부적정
 ▪ 주의(2명)
 ▪ 시정(회수) 5,793,700원
- 5 -
일련번호 전북특별자치도정읍교육지원청-1
전북특별자치도교육청
주의 요구
소 관  기 관     지방공무원 복직 발령 및 근무성적평정 관리 부적정 
소 관  기 관     전북특별자치도정읍교육지원청
조 치  기 관     전북특별자치도정읍교육지원청 외 1개 기관
내        용
1. 업무개요
  전북특별자치도정읍교육지원청(구, 전라북도정읍교육지원청)은 「공무원 
임용규칙」, “지방공무원 인사제도 운영지침”, 「지방공무원 임용령」, 
「교육감 소속 지방공무원 평정규칙」 및 전북특별자치도교육청(구, 전라북도
교육청) “전북특별자치도교육감 (구, 전라북도교육감) 소속 지방공무원 
근무성적평정 업무 처리 지침”에 따라 지방공무원 인사 및 근무성적평정 
업무를 처리하고 있다.
2. 관계법령 및 판단기준
 가. 복직 발령 부적정
  「공무원 임용규칙(인사혁신처예규)」제58조(질병휴직의 요건 및 절차) 
제3항에 따르면 질병 휴직자를 복직하는 경우에는 진단서나 복직사유를 
증명할 수 있는 자료를 제출하도록 하여 복직 후 정상적인 근무가 가능한지의 
여부를 판단한 후 복직을 명하여야 한다고 되어 있고,
- 6 -
  “지방공무원 인사제도 운영지침(행정안전부예규)” 제70조(질병휴직) 제3항에 
따르면 임용권자는 질병휴직 중에 있는 공무원이 휴직기간이 만료되어 
복귀할 때에는 정상적인 근무가 가능하다는 진단서 또는 복직 사유를 
증빙할 수 있는 자료를 제출하도록 하여, 정상적인 근무 가능 여부를 
판단 후에 복직을 명할 수 있다고 되어 있다.
 나. 근무성적평정 관리 부적정
  「지방공무원 임용령」제31조의2(근무성적평정)과 제31조의3(근무성적
평정의 예외) 제3항에 따르면 5급 이하 공무원에 대한 근무성적평정은 
평정대상기간의 근무실적 및 직무수행능력을 구분하여 평가하도록 되어 있고, 
공무원이 2개월 이상 지방자치단체 또는 국가기관의 다른 직위를 겸임하거나 
교육훈련 외의 사유로 지방자치단체, 국가기관, 교육부장관 또는 행정
안전부장관이 지정하는 기관ㆍ단체에 파견근무하게 된 경우에는 겸임기관 
또는 파견받은 기관의 의견을 반영하여 평정을 하여야 한다고 되어 있다. 
  또한 「교육감 소속 지방공무원 평정규칙」제8조(5급 이하 공무원 등의 
근무성적평정)에 따르면 평정자는 공무원 성과계획서와 근무성적평정서에 
기록된 내용과 평정대상 기간 중 평정대상 공무원의 업무수행에 대한  
관찰 결과 등을 참고하여 근무실적ㆍ직무수행능력을 평정해야 하며, 필요한 
경우 직무수행태도를 함께 평정할 수 있다고 되어 있고, 
  근무실적은 성과목표의 추진실적 또는 목표달성도의 평정점을 고려하여 
평정하고, 직무수행태도를 평가하려는 경우에는 직무수행능력에 포함하여 
평정하되, 임용권자는 평정대상 기간이 시작되기 전에 감점의 사유와  
기준 등을 정하고 평정대상 공무원에게 공개한 후 평정대상 기간 중   
감점 사유에 해당하는 사실이 있으면 해당 기준에 따라 만점에서 감점하여 
평정한다고 되어 있다.
  그리고 전북특별자치도교육청(구, 전라북도교육청) “전북특별자치도교육감
(구, 전라북도교육감) 소속 지방공무원 근무성적평정 업무 처리 지침
- 7 -
(20**. *)1)”에 따르면 ‘직무수행능력’ 펑정 시 평정자는 평정대상공무원이 
해당 평정대상기간 중 감점사유에 해당하는 사실이 있는 경우 감점기준에 
따라  평정자가 직무수행태도 점수 만점에서 감하여 평정한다고 되어 있으며
(경고 건당 2.0 감점), 근무성적 평정 시 평정기간 동안 감점 처분된 자의 
명단(문책자 현황2))을 보고하도록 되어 있고, 평정등급(점수) 결정 및 
평정자 의견 작성 시 평정자는 평정 실시 이전에 평정의 방향에 대해 
확인자와 협의한 후 평정을 실시하며, 파견 공무원의 경우 원 소속부서의 장은 
파견부서의 장으로부터 업무실적 등 평정의견을 들어 근무성적평정에 반영해야 
한다고 되어 있다.
3. 감사결과 확인된 문제점 
 가. 복직 발령 부적정
  그런데도 전북특별자치도정읍교육지원청(구, 전라북도정읍교육지원청)은 
20**. *. *.자 지방⊙⊙⊙⊙ A의 질병휴직 복직 인사발령을 실시하면서 
정상적인 근무 가능 여부를 확인할 수 있는 진단서 등 증빙서류를 제출
받지 않고 복직 발령을 하는 등 【표 1】“복직 발령 부적정 내역”과 
같이 총 2명의 복직 대상자에 대하여 건강 상태 확인을 위한 진단서 등 
증빙자료를 제출받지 않고 복직 발령을 처리한 사실이 있다.
【표 1】 복직 발령 부적정 내역
“기 재 생 략”
1) 20**년 *월말 5급 이하 지방공무원 근무성적 평정자료 제출(총무과-****, 20**. *. *.)
2) 문책자 현황: 문책자 대상 사본 또는 스캔 첨부하여 처분내용, 처분사유 등을 작성하여 제출
- 8 -
 나. 근무성적평정 업무 부적정
  그런데도 전북특별자치도정읍교육지원청(구, 전라북도정읍교육지원청)은 
“20**. *. *. 5급 이하 지방공무원 근무성적평정”시 지방◎◎◎◎ C가 
20**. *. *.‘경고’ 처분을 받았음에도 직무수행능력 평점에서 감점(2.0점) 
없이 만점(10점)을 부여하는 등 【표 2】“근무성적평정 감점기준 부적정 
내역”과 같이 총 2명에 대해 경고 처분에 따른 감점(2.0점)을 각각 적용
하지 않은 사실이 있다. 
【표 2】 근무성적평정 감점기준 부적정 내역
“기 재 생 략”
※ 근무성적평정 순위 변동 없음
  또한 지방○○○○ D가 ♣♣♣ 파견(20**. *. *.~*. *.)으로 파견부서의 
장으로부터 업무실적 등 평정 의견을 받아 근무성적평정을 하여야 함에도 
【표 3】“파견근무자 근무성적 평정 부적정 내역”과 같이 20**년 *월 말 
및 *월 말 근무성적 평정을 실시하면서 파견부서의 장(****)의 평정 의견을 
반영하지 않은 사실이 있다.
【표 3】 파견근무자 근무성적 평정 부적정 내역
“기 재 생 략”
관계기관 의견
  전북특별자치도정읍교육지원청은 감사결과를 수용하면서 앞으로 관련 
법령을 숙지하여 지방공무원 질병휴직자의 복직 발령 및 근무성적평정  
업무를 철저히 수행하겠다는 의견을 제시하였다.
- 9 -
조치할 사항 
전북특별자치도정읍교육지원청교육장은
① 앞으로 관련 법령과 규정 등에 따라 지방공무원 질병휴직자의 복직 
발령 및 근무성적평정 관리를 철저히 하여 주시기 바랍니다.
②〔주의〕 관련자에게 ‘주의’ 조치하시기 바랍니다. [주의 1명]
전북특별자치도교육감은
①〔주의〕 관련자에게 ‘주의’ 조치하시기 바랍니다. [주의 1명]
 
- 10 -
일련번호 전북특별자치도정읍교육지원청-2
전북특별자치도교육청
경고·주의·시정(회수) 요구 및 통보
소 관  기 관     복무관리 부적정(공가·병가·학습휴가)
소 관  기 관     전북특별자치도정읍교육지원청
조 치  기 관     전북특별자치도정읍교육지원청 외 2개 기관
내        용
1. 업무개요
  전북특별자치도정읍교육지원청(구, 전라북도정읍교육지원청)은 「국가
공무원 복무규정」, 「지방공무원 복무규정」, 「국가공무원 복무·징계
관련 예규」 및 「지방공무원 복무에 관한 예규」등에 따라 소속 직원의 
복무를 관리‧감독하고 있다.
2. 관계법령 및 판단기준
 가. 공가 사용 부적정
  「지방공무원 복무규정」 제7조의6(공가)에 따르면 공무원은 「병역법」 
또는 그 밖의 다른 법령에 따른 병역판정검사ㆍ소집ㆍ검열점호 등에 
응하거나 동원 또는 훈련에 참가할 때, ｢산업안전보건법｣ 제129조부터 
제131조까지의 규정에 따른 건강진단을 받을 때에는 직접적으로 필요한 
기간 또는 시간에 대하여 공가를 허가받을 수 있다고 되어 있다.
- 11 -
 나. 병가 사용 부적정
  「국가공무원 복무규정」 제18조(병가)에 따르면 행정기관의 장은 소속 
공무원이 질병 또는 부상으로 인하여 직무를 수행할 수 없을 때 연 60일의 
범위에서 병가를 승인할 수 있으며 이 경우 질병이나 부상으로 인한 지각․
조퇴 및 외출은 누계 8시간을 병가 1일로 계산한다고 되어 있고, 제24조
(휴가기간의 초과)에 따르면 이 영에서 정한 휴가 일수를 초과한 휴가는 
결근으로 본다고 되어 있으며, 「공무원보수규정」 제27조(결근기간 등의 
봉급 감액)에 따르면 결근한 사람으로서 그 결근 일수가 해당 공무원의 
연가 일수를 초과한 공무원에게는 연가 일수를 초과한 결근 일수에 해당
하는 봉급 일액을 지급하지 아니한다고 되어 있다.
  또한 「국가공무원 복무·징계관련 예규」에 따르면 연간 누계 6일까지는 
진단서의 제출 없이도 병가를 사용할 수 있으나, 7일 이상 연속되는 병가와 
병가의 연간 누계가 6일을 초과하게 되는 경우에는「의료법」제17조에 
의하여 교부된 진단서를 제출하여야 하며, 진단서를 제출하지 못한 병가일수는 
연가일수에서 공제하고 병가일수에는 산입하지 아니한다고 되어 있다.
 다. 학습휴가 사용 부적정
  「전북특별자치도교육감(구, 전라북도교육감) 소속 지방공무원 복무 조례」
제23조(특별휴가) 제14항 및 전북특별자치도(구, 전라북도교육청)의“지방공무원 
장기재직휴가 및 학습휴가 운영지침(총무과-6695, 2018. 5. 4.)”에 따르면 
학습휴가는 근무에 지장을 주지 않는 범위에서 연간 5일 이내에서 사용
하도록 되어 있다.
- 12 -
3. 감사결과 확인된 문제점
 가. 공가 사용 부적정
  그런데도 전북특별자치도정읍교육지원청(구, 전라북도정읍교육지원청) 
지방◈◈◈◈ E은 20**. *. *.(목) 예비군훈련을 사유로 공가를 허가받고서도 
허가일에 예비군훈련을 받지 않는 등 【표 1】“공가 사용 부적정 내역”과 
같이 총 2명이 공가를 부적정하게 사용한 사실이 있고,
  그 결과 지방◈◈◈◈ E은 2022년 연가보상비 144,380원을 과다 지급 받는 등 
【표 1-1】“공가 사용 부적정으로 인한 연가보상비 과다 지급 받은 내역”과 
같이 총 2명 합계 204,880원의 연가보상비를 과다 지급받은 사실이 있다.
【표 1】 공가 사용 부적정 내역
“기 재 생 략”
【표 1-1】 공가 사용 부적정으로 인한 연가보상비 과다 지급 받은 내역
(단위: 원)
“기 재 생 략”
- 13 -
 나. 병가 사용 부적정
  그런데도 전북특별자치도정읍교육지원청(구, 전라북도정읍교육지원청)  
△ △ △ △   G는 2024년 병가 사용 시 연간 누계 6일을 초과하고서도 진단서를 
제출하지 않는 등 【표 2】“병가 사용 진단서 미첨부 내역”과 같이 병가를 
부적정하게 사용한 사실이 있고,
  그 결과 △ △ △ △   G는 연가를 모두 사용1)하고도 진단서 없이 사용한 병가 
4일을 결근 처리하지 않아 【표 2-1】“병가 사용 부적정으로 인한 인건비 
과다 지급 받은 내역”과 같이 총 4일, 합계 428,530원의 인건비를 과다 
지급 받은  사실이 있다.
【표 2】 병가 사용 진단서 미첨부 내역
“기 재 생 략”
【표 2-1】 병가 사용 부적정으로 인한 인건비 과다 지급 받은 내역
(단위: 원)
“기 재 생 략”
1) 20**년 연가일수 15일 모두 사용함
- 14 -
 다. 학습휴가 사용 부적정
  그런데도 전북특별자치도정읍교육지원청(구, 전라북도정읍교육지원청)  
지방□□□□ H 20**년 학습휴가를 사용하면서 연간 사용 가능일수(연 5일) 
보다 1일을 초과하여 총 6일 사용하였으며, 
  그 결과 【표 3】“연가보상비 과다 지급 받은 내역”과 같이 초과 사용한 
1일을 연가 잔여일수에서 공제하지 않아 연가보상비 122,120원을 과다 지급 
받은 사실이 있다.
【표 3】 연가보상비 과다 지급 받은 내역
(단위: 원)
“기 재 생 략”
관계기관 의견
  전북특별자치도정읍교육지원청은 감사결과를 수용하면서 앞으로 관련 
법령을 숙지하여 복무관리를 철저히 수행하겠다는 의견을 제시하였다.
조치할 사항
전북특별자치도정읍교육지원청교육장은
① 앞으로 관련 법령과 규정 등에 따라 복무관리(공가·병가·학습휴가)를 
철저히 하여 주시기 바랍니다.
②〔시정〕 과다 지급된 인건비를 아래 관련자로 부터 ‘회수’하여 교육비
특별회계에 세입 조치하시기 바랍니다.
③〔통보〕 앞으로 동일 지적사례가 발생하지 않도록 복무관리 체계를 강화하여 
소속 직원들에게 관련 규정 등 복무 교육을 실시하시기 바랍니다.
④〔경고〕 관련자에게‘경고’ 조치하시기 바랍니다.  [경고 1명]
⑤〔주의〕 관련자에게‘주의’ 조치하시기 바랍니다. [주의 1명]
- 15 -
전북특별자치도**교육지원청교육장은
①〔주의〕 관련자에게 ‘주의’ 조치하시기 바랍니다. [주의 1명]
**학교장은
①〔주의〕 관련자에게 ‘주의’ 조치하시기 바랍니다. [주의 1명]
- 16 -
일련번호 전북특별자치도정읍교육지원청-3
전북특별자치도교육청
주의 요구
제        목     교육공무직원 수습평가 지연 및 채용서류 관리 부적정
소 관  기 관     전북특별자치도정읍교육지원청
조 치  기 관     전북특별자치도정읍교육지원청
내        용
1. 업무개요
  전북특별자치도정읍교육지원청(구, 전라북도정읍교육지원청)은 「전북특별
자치도교육감(구, 전라북도교육감) 소속 교육공무직원 관리 규정」 및 관련 
지침 등에 의거하여 교육공무직(교육장 관리대상 노동자) 채용 업무를 처리
하고 있다.
2. 관계법령 및 판단기준
 가. 교육공무직원 수습평가 지연
  「전북특별자치도교육감(구, 전라북도교육감) 소속 교육공무직원 관리규정」 
제21조(수습기간) 및 「전북특별자치도교육청(구, 전라북도교육청)․전북
학교비정규직연대회의 단체협약서」 제38조(수습기간)에 따르면 신규 
채용된 사람에 대해서는 채용일로부터 3개월 이내의 수습기간을 둔다고 
- 17 -
되어 있으며, 전북특별자치도교육청(구, 전라북도교육청)의 「교육공무직원 
종합운영계획」 . 채용 ‘수습기간 운영’에 따르면 수습기간 노동자는 
심사평가를 받아야 한다고 되어 있다. 또한 교육장 관리대상 노동자의 경우,  
운영기관에서는 수습기간 만료일 15일 전까지 심사평가를 하고, 채용기관
에서는 그 결과를 제출받아 수습기간 만료일까지 무기계약 확정 또는 노동
계약 해지 통보를 공문으로 처리하도록 되어 있다.
 나. 채용 서류 관리 부적정
  「공공기록물 관리에 관한 법률 시행령」제4조(기록물관리의 원칙)에 
따르면 공공기관의 장은 기록물의 생산부터 활용까지의 모든 과정에 걸쳐 
진본성(眞本性), 무결성(無缺性), 신뢰성 및 이용가능성이 보장될 수 있도록 
관리하여야 하며, 같은 영 제20조(기록물의 등록)에 따르면 공공기관이 
기록물을 생산 또는 접수한 때에는 그 기관의 전자기록생산시스템으로 
생산 또는 접수 등록번호를 부여하고 이를 그 기록물에 표기하도록 되어 
있으며, 같은 영 25조(기록관리기준표 등)에 따르면 단위과제별 보존기간은 
중앙기록물관리기관의 장이 정하는 보존기간 준칙에 따라 공공기관에서 
정하여 시행하며, 같은 영 26조(보존기간)에 따르면 기록물의 보존기간은 
영구, 준영구, 30년, 10년, 5년, 3년 1년으로 구분하며 기록물의 보존기간은 
단위과제별로 책정한다고 되어 있으며, 또한 「공공기록물 관리에 관한 법률」
제27조(기록물의 폐기)에 따르면, 공공기관이 기록물을 폐기하려는 경우에는 
기록물관리 전문요원의 심사와 기록물평가심의회의 심의를 거쳐야 한다고 
되어 있다.
- 18 -
3. 감사결과 확인된 문제점 
 가. 교육공무직원 수습평가 지연
  그런데도 전북특별자치도정읍교육지원청(구, 전라북도정읍교육지원청)은 
20**. *. *.자 신규 채용한 ◉◉◉◉ I의 수습평가를 수습기간(20**. *. *.~ 
*. *.) 만료 15일 전인 20**. *. *.까지 실시하지 않고   20**. *. *. 실시
하는 등 【표 1】 “교육공무직원 수습기간 운영 지연 내역”과 같이 
20**~20**년 총 6명의 교육공무직원에 대하여 수습평가 만료 15일 전에 
실시하지 않은 사실이 있다.
【표 1】 교육공무직원 수습기간 운영 지연 내역
“기 재 생 략”
 나. 채용 서류 관리 부적정
  그런데도 전북특별자치도정읍교육지원청(구, 전라북도정읍교육지원청)은 
20**년 제*회 교육공무직원 인사위원회 등록부를 에듀파인 업무관리시스템에 
문서 등록없이 스캔본만 첨부하였으며, 해당 기록물은 ‘계약제교직원채용
관리’단위과제에 해당하여 본 기록물에 관해 준영구1)로 보존하여야 하는 
기록물임에도 불구하고 기록물관리 전문요원의 심사와 기록물평가심의회의 
1)「학교 및 교육(행정)기관 공통업무보존기관준칙」개정안내(국가기록원공고 제20**-1846호)
- 19 -
심의 등 관계법령에서 정한 절차를 거치지 않고 해당 원본을 폐기하는 등 
【표 2】“채용 서류 관리 부적정 내역”과 같이 20**년 제*회 교육공무직원 
인사위원회 등록부 등 총 4건의 채용 서류 관리를 부적정하게 처리한 사실이 있다.
【표 2】 채용 서류 관리 부적정 내역
“기 재 생 략”
관계기관 의견
  전북특별자치도정읍교육지원청은 감사결과를 수용하면서 앞으로 관련 
법령을 숙지하여 교육공무직원 수습평가 및 채용서류 보관 업무를 철저히 
수행하겠다는 의견을 제시하였다.
조치할 사항 
전북특별자치도정읍교육지원청교육장은 
① 앞으로 관련 법령과 규정 등에 따라 교육공무직원 수습평가 및 채용 서류
관리 업무를 철저히 하여 주시기 바랍니다.
②〔주의〕 관련자에게 ‘주의’조치하시기 바랍니다. [주의 1명]
 
- 20 -
일련번호 전북특별자치도정읍교육지원청-4
전북특별자치도교육청
주의 및 시정(회수) 요구
제        목     영재수업 컨설팅(검토) 수당 과다 지급
소 관  기 관     전북특별자치도정읍교육지원청
조 치  기 관     전북특별자치도정읍교육지원청
내        용
1. 업무개요
  전북특별자치도정읍교육지원청은 정읍영재교육원 지도강사의 전문성 
신장 및 영재교육 지도 역량 강화를 위해 “20**학년도 정읍영재교육원 
**** 워크숍 운영 계획”을 수립하여 맞춤형 영재 학급별 컨설팅 및 협의를 
실시하였고, “20**년도 전라북도교육비특별회계 예산편성 및 운영지침”에 
따라 컨설팅 수당을 지급하였다. 
2. 관계법령 및 판단기준
  전북특별자치도교육청의 “20**년 전북 영재교육 업무집”에 따르면 
영재교육 지도교사의 수업 전문성 신장과 영재교육 수업 준비 및 진행 
과정에서의 정보 공유, 영재교육 지도교사의 질 관리 도모를 위하여 맞춤형 
영재수업 컨설팅을 실시하도록 되어 있고 컨설팅 운영 방법은 도교육청 
수업자문단, 동료 장학, 자기 장학 등을 활용한다고 되어 있다.
- 21 -
  또한 “20**년도 전라북도교육비특별회계 예산편성 및 운영지침”에 
따르면 기타수당 중 검토(컨설팅) 수당의 경우 기본 2시간 40,000원, 초과 
20,000원을 지급하고 초과분은 2시간 초과 6시간 이하를 말한다고 되어 있다.
3. 감사결과 확인된 문제점
  그런데도 전북특별자치도정읍교육지원청(구, 전라북도정읍교육지원청)은 
20**. *. *. 20**학년도 정읍영재교육원 **** 워크숍을 운영하면서 당일 
16:00~17:00 1시간 컨설팅을 실시한 △ △ J에게 컨설팅 수당 40,000원이 아닌 
50,000원을 지급함으로써 10,000원을 과다 지급하는 등 【표】“정읍영재
교육원 컨설팅(검토) 수당 과다 지급 내역”과 같이 총 6명의 △ △에게 합계 
60,000원을 과다 지급한 사실이 있다.
【표】 정읍영재교육원 컨설팅(검토) 수당 과다 지급 내역
(단위: 원)
“기 재 생 략”
- 22 -
관계기관 의견 및 검토 결과
  전북특별자치도정읍교육지원청은 **** 워크숍 컨설팅을 1시간으로 계획
하였으나 실제로는 14:30~18:30까지 운영하였으며, 실제 운영시간을 고려하여 
시간 운영 계획을 수립하지 못한 오류가 있으나 컨설턴트가 처음부터 
끝까지 함께 자리하면서 컨설팅이 이루어졌으므로 총 4시간에 대한 컨설팅 
수당 6만원으로 지급해야 했으나, 예산 부족으로 5만 원으로 지급하였다는 
의견을 제시하였다.
  그러나, 전북특별자치도정읍교육지원청에서 작성한 ""20**학년도 정읍영재
교육원 **** 컨설팅 결과보고서(확인서) ”에 명시된 컨설팅 시간이 
16:00~17:00(1시간)로 명시되어 있는 점을 고려할 때 관계기관의 의견은 
받아들이기 어렵다.
【참고】 20**학년도 정읍영재교육원 **** 워크숍 운영 계획 中 세부 일정
20**. *. *.
“기 재 생 략”
- 23 -
조치할 사항 
전북특별자치도정읍교육지원청교육장은 
① 앞으로 관련 법령과 규정 등에 따라 영재교육 관련 컨설팅 수당 지급 
업무를 철저히 하여 주시기 바랍니다.
②〔시정〕 과다 지급된 컨설팅 수당 60,000원을 해당 △△로부터 ‘회수’
하여 교육비특별회계에 세입 조치하시기 바랍니다.
③〔주의〕 관련자에게 ‘주의’ 조치하시기 바랍니다. [주의 1명]
- 24 -
일련번호 전북특별자치도정읍교육지원청-5 
전북특별자치도교육청
주의 요구
제        목     학교체육진흥지역위원회 운영 부적정
소 관  기 관     전북특별자치도정읍교육지원청
조 치  기 관     전북특별자치도정읍교육지원청 외 2개 기관 
내        용
1. 업무개요
  전북특별자치도정읍교육지원청(구, 전라북도정읍교육지원청)은 「학교
체육진흥법」에 따라 학교체육진흥지역위원회 규정을 제정하고 위원회를 
구성하여 학교체육 활성화를 위한 주요 사항을 심의하고 있다.
2. 관계법령 및 판단기준
  「학교체육 진흥법」제16조(학교체육진흥위원회 등)에 따르면 학교체육 
진흥에 관한 중요 사항을 심의하기 위하여 시·도교육청과 교육지원청 
소속으로 학교체육진흥지역위원회를 설치하여 운영한다고 되어 있고, 
「전북특별자치도교육청(구, 전라북도교육청) 학교체육진흥지역위원회 구성 
및 운영에 관한 조례」 제10조(교육지원청 학교체육진흥지역위원회 설치·운영)에 
따르면 교육지원청교육장 소속으로 학교체육진흥지역위원회를 두고, 학교
- 25 -
체육진흥지역위원회의 구성과 운영에 필요한 사항은 교육장이 정한다고 
되어 있다. 
  또한 전북특별자치도교육청(구, 전라북도교육청)의 “20**~20**년도 학교
체육 주요업무 계획”에 따르면 학교체육진흥지역위원회는 연 2회(반기별) 
정기회의를 개최한다고 되어 있고 「정읍교육지원청 학교체육진흥지역
위원회 규정」 제5조(회의) 2호에 따르면 회의는 매년 2회 반기별로 개최하는 
정기회의와 필요한 경우 개최하는 임시 회의로 구분하며, 위원회는 학교
체육활성화와 학생의 체력증진, 스포츠클럽 운영, 학교운동부 육성 등에 
관한 사항을 심의하도록 되어 있다.
3. 감사결과 확인된 문제점
  그런데도 전북특별자치도정읍교육지원청(구, 전라북도정읍교육지원청)은 
20**. *. *. 학교체육진흥지역위원회를 구성한 이후 관내 학교 스포츠클럽 운영, 
학교운동부 육성 및 전국 체육대회 운영 등에 관한 학교체육진흥지역위원회 
심의를 실시하지 않는 등 【표】“학교체육진흥지역위원회 운영 부적정 현황”과 
같이 20**~20**년 총 4회 학교체육 활성화 사업에 대하여 학교체육진흥
지역위원회의 심의를 받지 않고 사업을 추진한 사실이 있다.
【표】 학교체육진흥지역위원회 운영 부적정 현황
“기 재 생 략”
- 26 -
관계기관 의견
  전북특별자치도정읍교육지원청은 감사결과를 수용하면서 앞으로 관련 
법령을 숙지하여 학교체육진흥지역위원회 운영 업무를 철저히 수행하겠다는 
의견을 제시하였다.
조치할 사항 
전북특별자치도정읍교육지원청교육장은 
① 앞으로 관련 법령과 규정 등에 따라 학교체육진흥지역위원회 운영을 
철저히 하여 주시기 바랍니다.
②〔주의〕 관련자에게 ‘주의’ 조치하시기 바랍니다. [주의 2명]
전북특별자치도교육감은 
①〔주의〕 관련자에게 ‘주의’ 조치하시기 바랍니다. [주의 1명]
**학교장은 
①〔주의〕 관련자에게 ‘주의’ 조치하시기 바랍니다. [주의 1명]
- 27 -
일련번호 전북특별자치도정읍교육지원청-6
전북특별자치도교육청
주의 요구 및 통보
제        목     공익법인 지도·감독 및 설립허가 취소 업무 부적정
소 관  기 관     전북특별자치도정읍교육지원청
조 치  기 관     전북특별자치도정읍교육지원청 외 2개 기관
내        용
1. 업무개요
  전북특별자치도정읍교육지원청(구, 전라북도정읍교육지원청)은 「공익
법인의 설립·운영에 관한 법률」에 따라 지도·감독 업무를 수행하고 
있으며, 특히 설립 목적을 달성하지 못하거나 사업실적이 없는 공익법인에 
대한 설립허가 취소 신청 업무를 담당하고 있다.
2. 관계법령 및 판단기준
 가. 공익법인 지도·감독 업무 부적정
  「공익법인의 설립ㆍ운영에 관한 법률」제12조(예산 및 결산 등), 제17조
(감사 등) 및 같은 법 시행령 제19조(사업계획 등의 제출)에 따르면 공익
법인의 사업계획 및 예산은 회계연도 개시 1월 전까지, 사업실적 및 결산은 
회계연도 종료 후 3개월 이내에 주무관청에 보고하여야 하며, 주무관청은 
감독상 필요하면 공익법인에 대하여 그 업무보고서의 제출을 명하거나 
업무재산관리 및 회계를 감사하여 그 적정을 기하고, 목적사업을 원활히 
수행하도록 지도하여야 한다고 되어 있다.
- 28 -
 나. 설립허가 취소 업무 부적정
  같은 법 제16조(설립허가의 취소)에 따르면 설립허가를 한 주무 관청은 
공익법인이 목적 달성이 불가능하게 된 경우, 정당한 사유 없이 1년 이상 
사업실적이 없을 경우 등의 사유가 있다고 인정될 때에는 그 공익법인에 대한 
설립허가를 취소할 수 있고, 이에 따른 공익법인의 설립허가 취소는 다른 
방법으로는 감독 목적을 달성할 수 없거나 감독청이 시정을 명령한 후 1년이 
지나도 이에 응하지 아니한 경우에 한다고 되어 있다.
3. 감사결과 확인된 문제점
 가. 공익법인 지도·감독 업무 부적정
  그런데도 전북특별자치도정읍교육지원청(구, 전라북도정읍교육지원청)은 
재단법인 ♠♠재단이 20**회계연도 사업실적 및 결산서와 20**회계연도 
사업계획 및 예산서를 법정기한 내에 제출하지 않았는데도 별도 행정적 
조치를 하지 않는 등 【표 1】“재단법인 ♠♠재단 사업실적 및 사업계획 등 
미제출 현황”과 같이 20**~20**회계연도 총 7회 사업실적 및 결산서(4회), 
사업계획 및 예산서(3회)를 제출받지 못한 상황에서 관련 서류 제출을 명하는 
등의 조치를 하지 않은 사실이 있고, 
【표 1】 재단법인 ♠♠재단 사업실적 및 사업계획 등 미제출 현황
“기 재 생 략”
- 29 -
  또한 20**. *. **. 20**년도 비영리(공익)법인 지도·점검 계획 알림 공문을 
시행하고도 재단법인 ♠♠재단에 대해 지도·점검을 실시하지 않는 등 
【표 2】 “재단법인 ♠♠재단 지도·점검 미실시 현황”과 같이 
20**~20**회계연도 총 3회 실시하지 않는 등 공익법인에 대한 지도·감독 
업무를 부적정하게 처리한 사실이 있다.
【표 2】 재단법인 ♠♠재단 지도·점검 미실시 현황
“기 재 생 략”
 나. 설립허가 취소 업무 부적정
  그런데도 전북특별자치도정읍교육지원청(구, 전라북도정읍교육지원청)은 
재단법인 ♠♠재단이 20**~20**회계연도 장기간 정당한 사유없이 결산서, 
예산서 등을 제출하지 않고, 지도·점검도 실시하지 않아 감독 목적이 
달성될 수 없는 상황이었음에도 해당 법인이 공익법인 설립허가 취소 사유에 
해당하는지 여부를 검토하지 않는 등 공익법인 설립허가 취소 관련 업무를 
부적정하게 처리한 사실이 있다.
관계기관 의견
  전북특별자치도정읍교육지원청은 감사결과를 수용하면서 앞으로 관련 
법령을 숙지하여 공익법인에 관한 업무를 철저히 수행하겠다는 의견을  
제시하였다.
- 30 -
조치할 사항
전북특별자치도정읍교육지원청교육장은 
① 앞으로 관련 법령과 규정 등에 따라 공익법인 지도·감독 및 설립허가 
취소 업무를 철저히 하여 주시기 바랍니다.
②〔통보〕 재단법인 ♠♠재단 관련 업무를 추진하시어 전북특별자치도교육청 
해당 사업부서에 공익법인 설립 허가 취소 요청하시기 바랍니다.
③〔주의〕 관련자에게 ‘주의’ 조치하시기 바랍니다. [주의 6명]
전북특별자치도교육감은
①〔주의〕 관련자에게 ‘주의’ 조치하시기 바랍니다. [주의 2명]
**학교장은
①〔주의〕 관련자에게 ‘주의’ 조치하시기 바랍니다. [주의 1명]
 
- 31 -
일련번호 전북특별자치도정읍교육지원청-7
전북특별자치도교육청
주의 요구
제        목   용역계약 업무 부적정
소 관  기 관   전북특별자치도정읍교육지원청
조 치  기 관   전북특별자치도정읍교육지원청 외 3개 기관
내        용
1. 업무개요
  전북특별자치도정읍교육지원청(구, 전라북도정읍교육지원청)은 「지방
자치단체를 당사자로 하는 계약에 관한 법률」등에 따라 용역 계약업무를 
처리하고 있다.
2. 관계법령 및 판단기준
 가. 입찰공고 기간 미준수
  「지방자치단체를 당사자로 하는 계약에 관한 법률 시행령」제35조(입찰
공고의 시기) 제5항에 따르면 제18조(2단계 입찰)1)에 따른 규격입찰이나 
기술입찰 등은 추정가격이 1억원 미만인 경우 규격ㆍ기술 입찰서 또는  
제안서 제출 마감일의 전날부터 기산하여 10일 전까지 공고하여야 하고,  
1) 제18조(2단계 입찰) ① 지방자치단체의 장 또는 계약담당자는 물품의 제조ㆍ구매 또는 용역 계약(청소, 경비 등 단순한 노무
에 의한 용역으로서 행정안전부령으로 정하는 용역의 계약은 제외한다)에서 미리 적절한 규격 등을 작성하기 곤란하거나 그 
밖에 계약의 특성상 필요하다고 인정되는 경우에는 먼저 규격입찰 또는 기술입찰을 실시한 후 가격입찰을 실시할 수 있다.
- 32 -
추정가격이 1억원 이상 10억원 미만인 경우는 20일 전까지 공고하여야 하나, 
긴급히 입찰공고를 할 필요가 있는 경우 등은 제안서 제출 마감일의 전날부터 
기산하여 10일 전까지 공고할 수 있다고 되어 있다.
 나. 선금 채권 보증기간 확보(연장) 업무 부적정
  「지방자치단체 입찰 및 계약 집행기준」제1장 2절(선금 및 대가지급) 
계약담당자는 선금급을 지급할 경우에는 계약상대자로 하여금 증권 또는 
보증서를 제출하게 해야 하며, 선금에 대한 보증·보험기간의 개시일은 
선금 지급일 이전이어야 하고 그 종료일은 이행기간의 종료일로부터 60일 
이상으로 해야 한다고 되어 있고,
  계약담당자가 그 이행 기간을 연장할 경우에는 계약상대자로 하여금 
당초의 보증·보험기간에 그 연장하려는 기간을 가산한 기간을 보증·보험
기간으로 하는 증권·보증서를 제출하게 해야 한다고 되어 있다.
 다. 협상에 의한 계약 업무 부적정
  「지방자치단체 입찰시 낙찰자 결정기준」(행정안전부 예규) 제7장 
“협상에 의한 계약 낙찰자 결정기준”에 따르면 계약담당자는 협상에 의한 
계약을 추진할 때는 제안서평가위원회를 구성하여 운영해야 하며 평가위원에게
〔별지3호 서식〕‘사전접촉여부 확인(신고)서’를 제출받아야 하며, 계약체결 전에 
입찰참가자 중 사전접촉이 확인된 경우에는 해당 참가자의 최종점수에서 
10점을 감점하여 협상순위를 다시 선정한다고 되어 있다.
3. 감사결과 확인된 문제점
 가. 입찰공고 기간 미준수
  그런데도 전북특별자치도정읍교육지원청(구, 전라북도정읍교육지원청)은 
20**. *. *. “☆☆초 본관동 그린스마트 미래학교 사전기획 용역(추정가격 
- 33 -
25,926천원)” 2단계 경쟁입찰공고를 하면서 제안서 제출 마감일의 전날부터 
기산하여 10일 전까지 공고하지 아니하고 2일 부족한 8일 전에 공고하는 등 
【표 1】“입찰공고 기간 미준수 현황”과 같이 20**~20**회계연도 총 2건에 
대하여 입찰공고 기간을 2~3일 부족하게 공고한 사실이 있다.
【표 1】 입찰공고 기간 미준수 현황
“기 재 생 략”
 나. 선금 채권 보증기간 확보(연장) 업무 부적정
  그런데도 전북특별자치도정읍교육지원청(구, 전라북도정읍교육지원청)은 
20**. *. *. “★★학교 그린스마트스쿨 사전기획용역”변경 계약(계약금액 
34,125천원)을 하면서 【표 2】“계약기간 변경에 따른 선금 보증기간 미연장
(미확보)현황”과 같이 선금보증기간을 이행기간의 종료일(20**. *. *.)로 부터 
60일 이상(20**. *. *.) 연장하지 않아 보증기간을 241일 확보하지 못한 
사실이 있다.
【표 2】 계약기간 변경에 따른 선금 보증기간 미연장(미확보) 현황
“기 재 생 략”
- 34 -
 다. 협상에 의한 계약 업무 부적정
  그런데도 전북특별자치도정읍교육지원청(구, 전라북도정읍교육지원청)은 
20**. *. *. “20**. 정읍 학생 ◐◐ 위탁용역”협상에 의한 계약(계약금액 
355,589천원)을 추진하면서, 【표 3】“평가위원 사전접촉여부 확인(신고서) 
미제출 현황”과 같이 평가위원들로부터‘사전접촉여부 확인(신고)서’를 
제출받지 않고 제안서 평가위원회를 구성·운영한 사실이 있다.
【표 3】 평가위원 사전접촉여부 확인(신고서) 미제출 현황
“기 재 생 략”
관계기관 의견
  전북특별자치도정읍교육지원청은 감사결과를 수용하면서 앞으로 관련 
법령을 숙지하여 입찰공고 준수 및 선금 채권 보증기간 확보(연장) 업무를 
철저히 수행하겠다는 의견과 협상에 의한 계약‘사전접촉여부 확인(신고)서’는 
사전 접촉한 사실이 있는 평가위원의 경우에 제출받는 것으로 이해했다는 
의견을 제시하였다.
조치할 사항 
전북특별자치도정읍교육지원청교육장은 
① 앞으로 관련 법령과 규정 등에 따라 용역계약 업무를 철저히 하여 주시기 
바랍니다.
- 35 -
②〔주의〕 관련자에게 ‘주의’ 조치하시기 바랍니다. [주의 1명]
전북특별자치도교육감은
①〔주의〕 관련자에게 ‘주의’ 조치하시기 바랍니다. [주의 2명]
전북특별자치도**교육지원청교육장은  
①〔주의〕 관련자에게 ‘주의’ 조치하시기 바랍니다. [주의 1명]
**학교장은
①〔주의〕 관련자에게 ‘주의’ 조치하시기 바랍니다. [주의 2명]
- 36 -
일련번호 전북특별자치도정읍교육지원청-8
전북특별자치도교육청
주의 요구
제        목     일상감사 및 계약심사 절차 이행 부적정
소 관  기 관     전북특별자치도정읍교육지원청
조 치  기 관     전북특별자치도정읍교육지원청 외 1개 기관
내        용
1. 업무개요
  전북특별자치도정읍교육지원청(구, 전라북도정읍교육지원청)은 「공공
감사에 관한 법률」 및 「지방자치단체 입찰 및 계약집행기준」등에 따라 
물품 제조 구매, 용역 및 공사를 집행하고 있다.
2. 관계법령 및 판단기준
  「공공감사에 관한 법률」제22조(일상감사)에 따르면 감사기구의 장은 
자체감사 기구가 소속된 기관의 주요 업무 집행에 앞서 그 업무의 적법성·
타당성 등을 점검·심사하는 일상감사를 하여야 하며, 같은 법 시행령 
제13조(일상감사) 및 「전북특별자치도교육청 일상감사지침」에 따르면 
일상감사 대상사업1)의 경우 최종 결재권자(전결권자를 포함)의 결재 전에 
1) 일상감사 대상
   (공사) 1억 원 이상의 수의계약 (물품) 신이설학교 5천만 원 이상 (용역) 2억원 이상
  (설계변경) 설계변경 등으로 공사비가 당초보다 10%이상 증액된 공사/설계용역 계약 중 시설공사 증액 
1억원 이상, 설계용역 증액 3천만 원 이상
- 37 -
일상감사 의뢰서와 관련서류를 첨부하여 일상감사를 신청하고 그 결과에 
따라 사업을 시행하여야 한다고 되어 있다. 
  또한, 「지방자치단체 입찰 및 계약집행기준」제3장(계약심사 운영 요령) 및 
「전북특별자치도교육청 계약심사 업무처리 지침」에 따르면 발주부서의 장은 
계약심사 대상사업1)에 대한 예정가격을 작성하기 이전에 심사 부서의 장에게 
사업비에 대한 계약심사를 요청하여야 한다고 되어 있다.
3. 감사결과 확인된 문제점
  그런데도 전북특별자치도정읍교육지원청(구, 전라북도정읍교육지원청)은 
20**. *. *. “정읍교육지원청 ◑◑ 감리(상주)용역”의 설계변경을 추진하면서 
계약금액 10% 이상 증액(55,058천원)한 내역에 대해 적정하다고 하나, 일상감사 
절차를 이행하지 않는 등 【표】“일상감사 및 계약심사 미실시 현황”과 
같이 20**~20**회계연도 총 5건에 대해 일상감사(용역 3건) 및 계약심사(공사1건, 
물품 구매 1건)를 이행하지 아니하고 집행한 사실이 있다.
【표】 일상감사 및 계약심사 미실시 현황
                                                         (단위: 천원)
“기 재 생 략”
1) 계약심사 대상
   (공사) 추정금액 5억 원(종합공사가 아닌 공사는 3억 원) 이상 (용역) 추정금액 7천만 원 이상 
   (물품) 추정금액 2천만 원 이상
- 38 -
관계기관 의견
  전북특별자치도정읍교육지원청은 감사결과를 수용하면서 앞으로 관련 
법령을 숙지하여 일상감사 및 계약심사 절차를 철저히 수행하겠다는 
의견을 제시하였다.
조치할 사항 
전북특별자치도정읍교육지원청교육장은 
① 앞으로 관련 법령과 규정 등에 따라 일상감사 및 계약심사 절차를 철저히 
하여 주시기 바랍니다.
②〔주의〕 관련자에게‘주의’조치하시기 바랍니다. [주의 4명]
전북특별자치도**교육지원청교육장은  
①〔주의〕 관련자에게 ‘주의’조치하시기 바랍니다. [주의 1명]
- 39 -
일련번호 전북특별자치도정읍교육지원청-9
전북특별자치도교육청
경고·주의 요구 및 통보
제        목    시설부대비(피복비) 집행 부적정
소 관  기 관    전북특별자치도정읍교육지원청
조 치  기 관    전북특별자치도정읍교육지원청 외 3개 기관
내        용
1. 업무개요
  전북특별자치도정읍교육지원청(구, 전라북도정읍교육지원청)은 「지방
자치단체 교육비특별회계세출예산 집행기준, (교육부 예규)」, “전북교특회계 
예산편성 및 운영지침”등에 따라 시설사업과 관련된 예산을 편성하여 
집행하고 있다.
2. 관계법령 및 판단기준
  「지방자치단체 교육비특별회계 세출예산 집행기준, (교육부 예규)」 및 
전북특별자치도교육청(구, 전라북도교육청)의 “전북교특회계 예산편성 및 
운영지침”에 따르면 시설부대비(420-05)는 해당 시설공사의 조달청 계약수수료, 
공고비, 공공요금, 수용비, 여비, 공사감독관 체재비, 재산취득을 위한 감정료, 
- 40 -
측량수수료, 기공식‧준공식에 따른 최소한의 의식비, 공사과정 중 발생한 경미한 
피해 보상‧복구비, 법령‧조례에 따른 당해 시설공사 학부모참여 감독관 수당, 
공사현장 또는 사업장 감독의 피복비 등 해당 공사와 직접 관련이 있는 
경비에 한하여 지출하며, 해당 공사와 직접 관계가 없는 관서운영비성 경비
(개교‧개관행사 경비 등)는 시설부대비에서 집행할 수 없다고 되어 있고,
  「지방자치단체 교육비특별회계 세출예산 집행기준, (교육부 예규)」에 
따르면, 현장감독공무원의 여비 및 체재비, 피복비 등 지급대상은 ｢지방
자치단체 입찰 및 계약 집행기준｣에 따라 감독공무원으로 명을 받은 자에 
한하며,
  현장감독공무원을 위한 피복비를 집행하는 경우, 공사기간(동일기간 다수
현장 감독자에 대한 중복지급 제한), 구매 대상 물품의 내용연수, 구매의 
타당성(공사현장감독용 안전모, 안전화 등 실제 필요성), 가격의 적정성 
등을 감안하여 합리적으로 집행하여야 하며, 조달청을 통해 우선 구매하도록 
한다(고가의 등산용품 등 구입 금지)고 되어 있다.
  또한, 「지방자치단체를 당사자로 하는 계약에 관한 법률 시행규칙」
제33조(수의계약 체결 시 견적서 제출 생략의 대상)에 따르면  전기, 가스, 
수도 등의 공급계약을 체결하는 경우, 추정가격이 200만원 미만인 물품을 
신용카드로 구매하는 경우 등을 제외하고는 수의계약 체결 시 견적서를 
제출받아야 한다고 되어 있고,
  「지방자치단체 교육비특별회계 세출예산 집행기준, (교육부 예규)」에 
따르면 신용카드를 사용하여 현장에서 직접 구매하는 경우 매출전표 
서명란에는 사용자의 실명을 반드시 기재하여야 하고, 가격이 표시된 
상품소개서 및 카달로그를 견적서로 간주한다고 되어 있다.
- 41 -
3. 감사결과 확인된 문제점
  그런데도 전북특별자치도정읍교육지원청(구, 전라북도정읍교육지원청)은 
20**. *. *. “20**년 시설팀 공사감독용 하계 피복”을 구입하면서 조달청을 
통해 우선 구매하지 않고 ▒▒(전주시 소재)에서 구매하여  8명의 현장
감독공무원에게 제공하는 등 【표】“시설부대비(피복비) 집행 부적정 현황”과 
같이 20**. *. *.~20**. *. *. 총 6회 합계 27,200,000원의 현장감독 공무원 
피복을 조달청이 아닌 전주시 외 2개 지역소재 업체(아웃도어 전문점)에서 가격의 
적정성, 구매의 타당성 등을 감안하지 않고 공사현장 감독에 실제 필요한 
피복으로 보기 어려운 고가의 등산복 등을 법인카드로 구매하여 공사감독관 
48명(8명×6회, 중복지급자 있음)에게 지급한 사실이 있다.
  특히, 카드전표에 사용자 서명이 없거나, 품목·단가·세부 규격 등   
기재가 누락 되었으며, 피복 착용 사진 및 수령자 명세 등을 명확히   
기재하지 않아 정당한 수령자에게 지급되었는지 여부 등을 확인할 수   
없는 등 예산 집행의 적정성과 투명성을 저해하는 결과를 초래하였다.
【표】 시설부대비(피복비) 집행 부적정 현황
(단위: 원)
“기 재 생 략”
관계기관 의견
  전북특별자치도정읍교육지원청은 피복비를 집행함에 있어 일반 공사  
감독관의 현장 활동에 적합한 조달 구매의 어려움이 있다는 의견과 앞으로 
관련 법령을 숙지하여 시설부대비(피복비) 예산 집행의 적정성, 투명성을 
제고하고 예산 낭비 요인이 없도록 철저히 집행하겠다는 의견을 제시하였다.
- 42 -
 조치할 사항 
전북특별자치도정읍교육지원청교육장은 
① 앞으로 관련 법령과 규정 등에 따라 시설부대비(피복비) 집행을 철저히 
하여 주시기 바랍니다.
②〔통보〕향후 피복비(시설부대비)를 집행하는 경우 일상 활동 시 착용하는 
평상복 기준이 아닌 세출예산 집행기준에 부합하도록 가격의 적정성, 
구매의 타당성 등을 고려하여 ‘실제 시설 감독에 필요한 피복’을 
집행하는 등 업무 담당자를 대상으로 관련 교육 등을 실시하고 
예산 집행의 투명성과 적정성이 확보될 수 있도록 개선 방안을 
마련하시기 바랍니다.
③〔경고〕 관련자에게 ‘경고’ 조치하시기 바랍니다. [경고 4명]
④〔주의〕 관련자에게 ‘주의’ 조치하시기 바랍니다. [주의 6명]
전북특별자치도교육감은
①〔주의〕 관련자에게 ‘주의’ 조치하시기 바랍니다. [주의 3명]
전북특별자치도**교육지원청교육장은
①〔주의〕 관련자에게 ‘주의’ 조치하시기 바랍니다. [주의 1명]
전북특별자치도**교육지원청교육장은
①〔경고〕 관련자에게 ‘경고’ 조치하시기 바랍니다. [경고 1명]
**학교장은
①〔주의〕 관련자에게 ‘주의’ 조치하시기 바랍니다. [주의 1명]
**학교장은
①〔경고〕 관련자에게 ‘경고’ 조치하시기 바랍니다. [경고 1명]
- 43 -
일련번호 전북특별자치도정읍교육지원청-10
전북특별자치도교육청
주의 및 시정(회수) 요구
제        목     출장여비 지급 부적정
소 관  기 관     전북특별자치도정읍교육지원청
조 치  기 관     전북특별자치도정읍교육지원청 외 2개 기관
내        용
1. 업무개요
  전북특별자치도정읍교육지원청(구, 전라북도정읍교육지원청)은 소속 직원이 
공무(公務)로 여행을 하는 경우에 공무의 원활한 수행을 위하여 「공무원 
여비 규정」 등 관련 법령에 따라 소속 직원에게 출장 여비를 지급하고 있다.
2. 관계법령 및 판단기준
  「공무원 여비 규정」제18조(근무지 내 국내 출장 시의 여비), 제28조
(여비의 조정) 및 「공무원 보수 등의 업무지침」 Ⅲ. 근무지내 국내출장시의 
여비 지급기준에 따르면 1일 이내에 4시간 이상 근무지내 출장을 2회 이상 간 
경우에도 출장비 합산액은 2만원을 넘지 못하고, 전용 차량 배정자에게는 이를 
지급하지 않으며, 공무용 차량을 이용하는 공무원에게는 1만원을 감액하여 
지급하며, 근무지내 국내출장 중 왕복 2km 이내의 근거리 출장인 경우 실비로 
지급하고, 「지방공무원 복무에 관한 예규」 Ⅶ. 출장에 왕복 2km 이내의 
- 44 -
근거리 출장으로 실비가 발생하지 않는 경우에는 여비 지급 없이 출장으로 
처리한다고 되어 있다.
  또한 「공무원 보수 등의 업무지침」 Ⅳ. 근무지외 국내출장시의 여비
기준에 따르면 근무지외 국내출장 시 지급되는 여비 항목은 운임, 숙박비, 
식비, 일비로 구분하고 이 중 식비 및 일비 지급기준은 여행일수에 따라 
지급한다고 되어 있으며, 근무지 외 국내출장 시 식사를 제공받은 경우에는 
그 비용을 감액 후 지급하도록 되어 있다.
3. 감사결과 확인된 문제점
  그런데도 전북특별자치도정읍교육지원청(구, 전라북도정읍교육지원청)은 
20**. *. . ▣▣▣ K의 근무지내 출장여비를 지급하면서 1일 2회 출장 건에 
대하여 1일 지급 한도액인 20,000원을 초과하여 30,000원을 지급함으로써
10,000원을 과다 지급하는 등 【표 1】“관내 출장여비(1일 지급액 초과) 
과다 지급 내역”과 같이 ▣▣▣ K 외 17명에게 총 51건, 합계 280,000원을 
과다 지급하였다.
【표 1】 관내 출장여비(1일 지급액 초과) 과다 지급 내역
(단위: 원)
“기 재 생 략”
  또한 20**. *. *. ◐◐◐◐ L의 근무지내 출장여비를 지급하면서 관용
차량을 이용하였음에도 여비 1만원을 감액하지 않고 지급하는 등 【표 2】
“관내 출장여비(운전원 및 관용차량 이용) 과다 지급 내역”과 같이 ◐◐◐◐ 
L 외 6명에게 총 17건, 합계 155,000원을 과다 지급한 사실이 있다.
- 45 -
【표 2】 관내 출장여비(운전원 및 관용차량 이용) 과다 지급 내역
(단위: 원)
“기 재 생 략”
  그리고 20**. *. *. 지방♧♧♧♧ M의 *. *.자 근무지내 출장여비를 
지급하면서 왕복 2Km 이내 근거리의 실비 지급을 위한 정산 절차 없이 
10,000원을 지급하는 등 【표 3】“관내 출장여비(왕복 2Km 이내 근거리) 
과다 지급 내역”과 같이 지방♧♧♧♧ M 외 17명에게 총 20건, 합계 
230,000원을 과다 지급하였으며,
【표 3】관내 출장여비(왕복 2Km 이내 근거리) 과다 지급1) 내역
(단위: 원)
“기 재 생 략”
  20**. *. *. 지방⊙⊙⊙⊙ A의 근무지외 출장여비를 지급하면서 1일 2회 
출장건에 대하여 정액을 초과하여 지급하는 등 【표 4】“관외 출장여비 
부적정 지급 내역”과 같이 지방⊙⊙⊙⊙ A 외 46명에게 총 80건, 합계 
1,235,270원을 과다 지급한 사실이 있다.
【표 4】 관외 출장여비 부적정 지급 내역
(단위: 원)
“기 재 생 략”
1) 2㎞ 이내 출장 시 정산인 경우는 실비 지급 가능
- 46 -
관계기관 의견
  전북특별자치도정읍교육지원청은 감사결과를 수용하면서 앞으로 관련 
법령을 숙지하여 출장여비 지급 업무를 철저히 수행하겠다는 의견을 제시
하였다.
조치할 사항 
전북특별자치도정읍교육지원청교육장은
① 앞으로 관련 법령과 규정 등에 따라 출장여비 업무를 철저히 하여 주시기 
바랍니다.
②〔시정〕 과다 지급된 여비 1,900,270원을 아래 관련자로부터‘회수’하여 
교육비특별회계에 세입 조치하시기 바랍니다.
- 관   련   자 -
“기 재 생 략”
③〔주의〕 관련자에게 ‘주의’ 조치하시기 바랍니다. [주의 9명]
전북특별자치도교육감은
①〔주의〕 관련자에게 ‘주의’ 조치하시기 바랍니다. [주의 1명]
전북특별자치도**교육지원청교육장은  
①〔주의〕 관련자에게 ‘주의’ 조치하시기 바랍니다. [주의 1명]
- 47 -
일련번호 전북특별자치도정읍교육지원청-11
전북특별자치도교육청
주의 및 시정 요구
제        목     세입세출외현금 관리 부적정
소 관  기 관     전북특별자치도정읍교육지원청
조 치  기 관     전북특별자치도정읍교육지원청 외 1개 기관
내        용
1. 업무개요
  전북특별자치도정읍교육지원청(구, 전라북도정읍교육지원청)은 「지방재정법」 
및 관련 법령에 따라 세입․세출 예산에 편입되지 않고 법령․계약 등 기타 사유로 
반환할 채무를 공제하여 일시적으로 보관하는 경비를 세입세출외현금으로 관리
하고 있다.
2. 관계법령 및 판단기준
  「전북특별자치도(구, 전라북도) 교육비특별회계 재무회계 규칙」제114조
(세입세출외현금액의 정리)에 따르면 세입세출외현금은 보증금, 보관금, 
잡종금으로 구분 정리하여야 하며, 세입세출외현금출납원이 보관 중에 
있는 현금 또는 유가증권이 교육감에게 귀속하였을 때에는 법령․조례 또는 
계약에 특히 정한 것을 제외하고는 즉시 세입 조치하여야 한다고 되어 
있으며, 제123조(세입세출외현금의 이자귀속)에 따르면 세입세출외현금을 
예금함으로써 생기는 이자는 법령․조례 또는 기금의 조성이 필요한 경우와 
계약에 특히 정한 것을 제외하고는 교육비특별회계에 귀속하며 세입에 
편입하여야 한다고 되어 있다.
- 48 -
3. 감사결과 확인된 문제점 
  그런데도 전북특별자치도정읍교육지원청(구, 전라북도정읍교육지원청)은 
20**~20**회계연도 별단예금으로 관리 중인 채권압류금에서 발생한 이자 
212,200원을 보관금(채권압류금)이 아닌 잡종금(이자수입)으로 보관 처리
하는 등 【표 1】“세입세출외현금액 구분 및 관리 부적정 현황”과 같이 
20**~20**회계연도 총 3건의 세입세출외현금 합계 50,176,920원을 부적정
하게 관리한 사실이 있다.
【표 1】 세입세출외현금 구분 및 관리 부적정 현황
(단위: 원)
“기 재 생 략”
  또한 20**년 *월분 정읍교육지원청 소속 공무원 건강보험료 추가 수납분을 
납부자에게 반환하지 않거나 교육비특별회계로 세입 조치하지 아니하는 등 
【표 2】“공무원 건강보험료 미반환 내역”과 같이 총 2건, 합계 195,010원을 
총 1,679일 동안 반환하지 아니하고 세입세출외현금으로 보관 중인 사실이 있다.
【표 2】 공무원 건강보험료 미반환 내역
(단위: 원)
“기 재 생 략”
- 49 -
관계기관 의견
  전북특별자치도정읍교육지원청은 감사결과를 수용하면서 앞으로 관련 
법령을 숙지하여 세입세출외현금 관리 업무를 철저히 수행하겠다는 의견을 
제시하였다.
조치할 사항 
전북특별자치도정읍교육지원청교육장은 
① 앞으로 관련 법령과 규정 등에 따라 세입세출외현금 관리를 철저히 
하여 주시기 바랍니다.
②〔시정〕 건강보험료 195,010원에 대해 관련 납부자에게 반환하거나 교육비
특별회계에 세입 조치하시기 바랍니다.
③〔주의〕 관련자에게 ‘주의’조치하시기 바랍니다. [주의 3명]
전북특별자치도**교육지원청교육장은
①〔주의〕 관련자에게 ‘주의’조치하시기 바랍니다. [주의 1명]
- 50 -
일련번호 전북특별자치도정읍교육지원청-12
전북특별자치도교육청
주의 요구
제        목     법인카드 관련 업무처리 부적정
소 관  기 관     전북특별자치도정읍교육지원청
조 치  기 관     전북특별자치도정읍교육지원청 외 3개 기관
내        용
1. 업무개요
  전북특별자치도정읍교육지원청(구, 전라북도정읍교육지원청)은 「전북
특별자치도(구, 전라북도) 교육비특별회계 재무회계 규칙」에 따라 지출 
업무를 하고 있고, 지방교육행정기관 구매카드를 사용·관리하고 있다.
2. 관계법령 및 판단기준
 가. 지출금 반납절차 부적정
  「전북특별자치도(구, 전라북도) 교육비특별회계 재무회계 규칙」제5조의 3
(재무회계업무의 전산화) 제76조(지출 및 지급의 원칙) 및 제105조의 2(지출금의 
반납절차)에 따르면 예산, 수입, 지출, 계약 등 재무회계 업무처리는 전자적인 
방법으로 처리하여야 하고 지출원이 지급명령을 하거나 출납원이 지급을 
할 때에는 정당한 채권자에게 지급하여야 하며 지출원은 세출로서 지출된 
금액을 반납할 때에는 반납결의서에 따라 반납고지서를 발부하여야 한다고 
되어 있다.
- 51 -
 나. 법인카드 인계․인수 미실시
  「지방자치단체 교육비특별회계 세출예산 집행기준」(교육부 예규 제91호) 및 
「전북특별자치도(구, 전라북도) 교육비특별회계 재무회계 규칙」제134조 
제3항에 따르면 지방교육행정기관 구매카드를 보관하고 있는 공무원이 
교체되거나 직제의 개폐 시 전·후임 공무원은 지방교육행정기관 구매카드 
사용내역을 상호 확인하고, 이 사항을 서면(내부결재 등)으로 인계인수하여 
사용내역에 따른 책임을 명확히 구분하여야 하며 비밀번호를 변경해야 
한다고 되어 있다.
3. 감사결과 확인된 문제점 
 가. 지출금 반납절차 부적정
  그런데도 전북특별자치도정읍교육지원청(구, 전라북도정읍교육지원청)은 
20**. *. *.  ♦♦♦ 협의회 운영물품 구입비 160,000원을 반납결의 없이 
카드계좌에서 정당 채주에게 직접 이체하는 등 【표 1】 “지출금 반납절차 
부적정 내역’과 같이 20**. *. **.~20**. *. *. 총 6건의 지출금 합계 3,576,200원을 
정당한 지출 반납 절차 없이 처리한 사실이 있다.
【표 1】 지출금 반납절차 부적정 내역
(단위: 원)
“기 재 생 략”
- 52 -
 나. 법인카드 인계․인수 미실시
  그런데도 정읍☆☆☆☆은 20**. *. *.자 인사발령으로 법인카드 담당 
공무원이 교체되었는데도 인계·인수 및 비밀번호를 변경하지 않는 등 
【표 2】“법인카드 인계․인수 미실시 현황’과 같이 20**. *. *.~20**. *. *. 
총 6명의 업무 담당자 교체에 따른 법인카드 사용 내역을 상호 확인하는 등의 
인계인수(내부결재 등) 및 비밀번호 변경 절차를 이행하지 않은 사실이 있다.
【표 2】 법인카드 인계·인수 미실시 현황
(단위: 원)
“기 재 생 략”
관계기관 의견
  전북특별자치도정읍교육지원청은 감사결과를 수용하면서 앞으로 관련 
법령을 숙지하여 법인카드 관련 업무를 철저히 수행하겠다는 의견을 제
시하였다.
조치할 사항 
전북특별자치도정읍교육지원청교육장은 
① 앞으로 관련 법령과 규정 등에 따라 법인카드 관련 업무 처리를 철저히 
하여 주시기 바랍니다.
② 〔주의〕 관련자에게 ‘주의’ 조치하시기 바랍니다. [주의 7명]
전북특별자치도교육감은
①〔주의〕 관련자에게 ‘주의’ 조치하시기 바랍니다. [주의 2명]
- 53 -
전북특별자치도**교육지원청교육장은 
①〔주의〕 관련자에게 ‘주의’ 조치하시기 바랍니다. [주의 1명]
전북특별자치도**교육지원청교육장은
①〔주의〕 관련자에게 ‘주의’ 조치하시기 바랍니다. [주의 1명]
- 54 -
일련번호 전북특별자치도정읍교육지원청-13
전북특별자치도교육청
주의 및 시정(회수, 추급) 요구
소 관  기 관     연가일수 산정 및 연가보상비 지급 부적정
소 관  기 관     전북특별자치도정읍교육지원청
조 치  기 관     전북특별자치도정읍교육지원청 외 1개 기관
내        용
1. 업무개요
  전북특별자치도정읍교육지원청(구, 전라북도정읍교육지원청)은 「지방
공무원 복무규정」, 「지방공무원 복무에 관한 예규」 및 「지방공무원 
보수업무 등 처리지침」 등에 따라 소속 직원의 연가보상비를 지급하고 
있다.
2. 관계법령 및 판단기준
  「지방공무원 복무규정」제7조의2(연가 일수의 공제)에 따르면 연도 중 
신규임용 및 퇴직 또는 연간 병가 사용의 합이 15일을 초과하는 등 사실상 
직무에 종사하지 않은 기간이 있는 경우 연가일수는 월할 계산1)하여 별도 
계산식2)으로 산정하고, 계산된 일수에서 소수점 이하는 반올림하도록 되어 있다.
1) 15일 이상은 1개월로 계산하고, 15일 미만은 산입하지 않음
- 55 -
  또한 「지방공무원 복무에 관한 예규」에 따르면 소속 공무원이 사실상 
직무에 종사하지 아니한 기간이 있는 경우 권장연가일수를 지정할 때에는 
해당 기간을 제외하고 다음 산식1)에 의하여 산출한다고 되어 있고, 「지방
공무원 보수업무 등 처리지침」에 따르면 연가보상비는 ‘지방공무원 복무
규정’에 따라 산정된 연가일수에서 사용한 연가일수를 제외한 미사용 
연가일수에 대하여 지급한다고 되어 있다.
3. 감사결과 확인된 문제점
  그런데도 전북특별자치도정읍교육지원청(구, 전라북도정읍교육지원청)은 
20**. *. *.~20**. *. *. ○○휴직한 지방▲▲▲▲ Q의 20**년  연가일수 산정 시 
○○휴직기간(직무에 종사하지 않은 기간)에 대한 연가일수를 제외하지 않아 
1일 분의 연가보상비 92,860원을 과다 지급하는 등 【표】“연가일수 산정 
및 연가보상비 지급 부적정 내역”과 같이 총 3명의 연가 일수를 잘못 
산정하여 합계 208,390원의 연가보상비를 부적정하게 지급한 사실이 있다.
【표】 연가일수 산정 및 연가보상비 지급 부적정 내역
(단위: 원)
“기 재 생 략”
관계기관 의견
  전북특별자치도정읍교육지원청은 감사 결과를 수용하면서 앞으로 관련 법령을 
숙지하여 연가보상비 지급 업무를 철저히 수행하겠다는 의견을 제시하였다.
2)  개월
해당연도중사실상직무에종사한기간개월  × 해당 연도의 연가 일수
1)  개월
해당연도중사실상직무에종사한기간월  × 권장 연가 일수
- 56 -
조치할 사항 
전북특별자치도정읍교육지원청교육장은
① 앞으로 관련 법령과 규정 등에 따라 연가보상비 지급 업무를 철저히 
하여 주시기 바랍니다.
②〔시정(회수 및 추급)〕 과다 지급된 연가보상비 142,170원과 과소 지급된 
연가보상비 66,220원을 아래 관련자에게 회수 및 
지급하시기 바랍니다.
③〔주의〕 관련자에게‘주의’ 조치하시기 바랍니다. [주의 1명]
전북특별자치도교육감은
①〔주의〕 관련자에게 ‘주의’ 조치하시기 바랍니다. [주의 1명]
- 57 -
일련번호 전북특별자치도정읍교육지원청-14
전북특별자치도교육청
주의 및 시정(회수) 요구
제        목     폐기물 처리비 준공 정산 부적정
소 관  기 관     전북특별자치도정읍교육지원청
조 치  기 관     전북특별자치도정읍교육지원청 외 2개 기관
내        용
1. 업무개요
  전북특별자치도정읍교육지원청(구, 전라북도정읍교육지원청)은 학교시설 
사업계획에 따라 교육환경개선사업, 미래형 학교 공간 조성 등을 위한 
시설비를 집행하고 있다.
2. 관계법령 및 판단기준
  「폐기물관리법」제13조(폐기물처리기준 등) 및 같은 법 시행령 제7조
(폐기물의 처리기준 등)에 따르면 폐기물을 처리하려는 자는 폐기물의 종류와 
성질·상태별로 재활용 가능성, 가연성이나 불연성 여부 등에 따라 수집·
운반 ·보관하여야 한다고 되어 있다.
  「지방자치단체를 당사자로 하는 계약에 관한 법률」제17조(검사) 및 
같은 법 시행령 제64조(검사)에 따르면 계약담당공무원은 계약상대자가 
계약의 전부 또는 일부를 이행하면 이를 확인하기 위하여 계약서, 설계서, 
- 58 -
그 밖의 관계 서류에 의하여 검사하여야 하고, 검사를 함에 있어서 계약
상대자의 계약이행 내용의 전부 또는 일부가 계약에 위반되거나 부당함을 
발견하였을 때는 지체없이 필요한 시정조치를 하여야 한다고 되어 있다.
3. 감사결과 확인된 문제점
  그런데도 전북특별자치도정읍교육지원청(구, 전라북도정읍교육지원청)은 
20**. *. *. “정읍교육지원청 ▣▣▣ 전기공사(계약일 20**. *. *., 계약금액 
27,243천원)”를 준공 검사하면서, 폐기물을 처리한 증빙 내역이(폐기물처리 
확인서 등) 없는데도 폐기물 처리비를 감액 정산하지 않고 106,660원을 
과다 지급하는 등 【표】“공사비 과다 지급 현황”과 같이 20**~20**회계연도 
총 3건에 대해 공사비 합계 922,920원을 과다 지급한 사실이 있다.
【표】 공사비 과다 지급 현황
(단위: 원)
“기 재 생 략”
【표-1】 공사비 과다 지급 현황 세부 내역
▷공사명: 정읍교육지원청 ▣▣▣ 전기공사                                       (단위: 원)
“기 재 생 략”
- 59 -
【표-2】 공사비 과다 지급 현황 세부 내역
▷공사명: ▲▲초 외 1교(◈◈초) 전기차 충전설비 전기공사                        (단위: 원)
“기 재 생 략”
【표-3】 공사비 과다 지급 현황 세부 내역
▷공사명: ◻◻중 수변전시설 교체 전기공사                                      (단위: 원)
“기 재 생 략”
- 60 -
관계기관 의견
  전북특별자치도정읍교육지원청은 감사결과를 수용하면서 앞으로 관련 
법령을 숙지하여 폐기물 처리비 준공 정산 업무를 철저히 수행하겠다는 
의견을 제시하였다.
조치할 사항 
전북특별자치도정읍교육지원청교육장은
① 앞으로 관련 법령과 규정 등에 따라 폐기물 처리비 준공 정산 업무를 
철저히 하여 주시기 바랍니다.
②〔시정〕 과다 지급된 공사비 922,920원을 아래 관련 업체로 부터‘회수’
하여 교육비특별회계에 세입 조치하시기 바랍니다.
③〔주의〕 관련자에게 ‘주의’ 조치하시기 바랍니다. [주의 2명]
전북특별자치도**교육지원청교육장은  
①〔주의〕 관련자에게 ‘주의’ 조치하시기 바랍니다. [주의 1명]
**학교장은  
①〔주의〕 관련자에게 ‘주의’ 조치하시기 바랍니다. [주의 1명]
- 61 -
일련번호 전북특별자치도정읍교육지원청-15
전북특별자치도교육청
주의 및 시정(회수) 요구
제        목   시설공사 감독 및 준공검사 부적정
소 관  기 관   전북특별자치도정읍교육지원청
조 치  기 관   전북특별자치도정읍교육지원청 외 2개 기관
내        용
1. 업무개요
  전북특별자치도정읍교육지원청(구, 전라북도정읍교육지원청)은 학교시설 
사업계획에 따라 교육환경개선사업, 미래형 학교 공간 조성 등을 위한 
시설비를 집행하고 있다.
2. 관계법령 및 판단기준  
  「지방자치단체 입찰 및 계약집행기준」제9장(계약일반조건) 제9절(검사와 
대가지급)에 따르면 계약담당자(공사감독관)는 준공검사 시 계약서, 설계서, 
준공신고서 그 밖의 관계 서류에 따라 그 날로부터 14일 이내에 계약상대자의 
입회하에 그 이행을 확인하기 위한 검사를 해야 한다. 그리고 검사에 있어서 
계약상대자의 계약이행 내용의 전부 또는 일부가 계약에 위반되거나 부당함을 
발견한 때에는 필요한 시정조치를 해야 한다고 되어 있다.
- 62 -
  또한, 「지방자치단체를 당사자로 하는 계약에 관한 법률」 제16조(감독) 
및 제17조(검사)에 따르면 계약담당자는 공사·물품·용역 등의 계약을 
체결한 경우에 그 계약을 적절하게 이행하도록 하기 위하여 필요하다고 
인정하면 계약서·설계서 및 그 밖의 관계 서류에 따라 감독하거나 소속 
공무원 등에게 그 사무를 위임하여 감독하게 하여야 하며, 계약상대자가 
계약의 전부 또는 일부의 이행을 끝내면 이를 확인하기 위하여 계약서·
설계서 및 그 밖의 관계 서류에 따라 이를 검사하거나 소속 공무원 등에게 
위임하여 검사하게 하여야 한다고 되어 있으며, 「지방자치단체를 당사자로 
하는 계약에 관한 법률 시행령」 제64조(검사) 제5항에 따르면 검사를 함에 
있어서 계약상대자의 계약이행 내용의 전부 또는 일부가 계약에 위반되거나 
부당함을 발견하였을 때에는 지체없이 필요한 시정조치를 명하여야 한다고 
되어 있다.
3. 감사결과 확인된 문제점 
  그런데도 전북특별자치도정읍교육지원청(구, 전라북도정읍교육지원청)은 
20**. *. *. “◩◩초 화장실 리모델링 및 기타공사(계약일 20**. *. *., 
계약금액 785,650천원)”를 준공 검사하면서, 위생기구 철거비가 중복계상되어 
공사비가 과다하게 산출되었는데도 이를 확인하거나 계약금액을 조정하지 않고 
9,273,000원을 과다 지급하는 등 【표】“공사비 과다 지급 현황”과 같이 
총 2건에 대해 공사비 합계 11,473,000원을 과다 지급한 사실이 있다.
【표】 공사비 과다 지급 현황
(단위: 원)
“기 재 생 략”
- 63 -
【표-1】 원가계산서
▷공사명: ◩◩초 화장실 리모델링 및 기타공사
(단위: 원)
“기 재 생 략”
관계기관 의견
  전북특별자치도정읍교육지원청은 감사결과를 수용하면서 앞으로 관련 
법령을 숙지하여 시설공사 공사감독 및 준공검사 업무를 철저히 수행하겠다는 
의견을 제시하였다.
조치할 사항 
전북특별자치도정읍교육지원청교육장은 
① 앞으로 관련 법령과 규정 등에 따라 시설공사 감독 및 준공검사 업무를 
철저히 하여 주시기 바랍니다.
②〔시정〕 과다 지급된 공사비 11,473,000원을 아래 관련 업체로부터‘회수’
하여 교육비특별회계에 세입 조치하시기 바랍니"
2025.6~7월종합감사결과보고서(공개용).hwp,HWP,
감사결과 보고서(대리초).pdf,PDF,"1  대리초등학교 종합감사결과 및 처분내용
 감사개요
❍ 감사기간: 2025. 7. 6. ~ 7. 11.(3일간)
❍ 감사인원: 총 4명
 감사결과 지적사항
1. 분야별 지적건수(총 0건)
학교명 유형별 학사․평가 인건비·복무예산·회계·기타 계약․시설 계
대리초
지적사항 2 0 1 1 4
현지시정 1 0 4 0 5
합계 3 0 5 1 9
2. 지적사항 총괄 
학교명
신분상(명) 행정상(건)
재정상
조치징계 경고 주의 계 기관
주의 통보 시정 개선 계
대리초 · · 8
(4건)
8
(4건) · · · · 0 0
 ※ ( )안은 신분상 조치 대상자에 대한 지적 건수 총 합계임.
3. 세부 지적내용 및 처분
지적건명 지적내용 처분
【계약】
1. 시설공사 계약 
업무 부적정
❍ 예술놀이터 조성공사(추정금액: 52,740원)의 일상감사를 
미의뢰 및 하자검사조서 미작성, 돌봄교실 환경 개선 
공사 외 1건 수의계약 체결 제한 여부 확인서 미제출, 
본관 물받이 및 홈통 공사 외 7건 공사 증빙서류(착공계, 
준공계, 하자보수보증금 지급각서 등) 구비 소홀
【공 공 감 사 에  관 한  법 률  시 행 령  제13조, 지 방 자 치 단 체 를  당 사 자 로 
하 는  계 약 에  관 한  법 률  시 행 열  제70조, 공 직 자 의  이 해 총 돌  방 지 법 
시 행 령  제14조】
❍ 주의(4명) 
【물품】
2. 물품관리 업무 
부적정
❍ 물품 RFID 전산화를 하면서 자외선 살균기 외 3종을 
관리대장에 미등재, 데스크톱컴퓨터 외 3종을 
물품대장에 미등재
【공유재산 및 물품 관리법 시행령 제67조】
❍ 주의(1명) 
【교무학사】
3. 학 교 교 육 과 정 의 
학 년 군 별  최 소 기 준 
수 업 시 수  미 충 족
❍ 2022학년도 1학년 학교교육과정 수업시수를 860시간을 
운영하겠다고 계획하였으나 나이수 교육편제는 12시간 
부족한 848시간으로 운영
【초·중등학교 교육과정 총론(교육부고시) 및 전라북도 
초등학교 교육과정 편성·운영 지침】
❍ 주의(2명) 
【교무학사】
4. 기타결석 
출결관리 부적정
❍ 2022학년도 감기는 질병 결석으로 처리하고 가족여행에 
의한 결석은 출석인정결석이나 미인정결석으로 처리
해야 하나 기타결석으로 처리
【2022학년도 학생생활기록 작성 및 관리 지침(교육부 
훈령)】
❍ 주의(1명)
4. 현지 조치사항
지적건명 지적내용 처분
【회계】
1. 상품권 운용 
소홀
❍ 물품선정위원회를 운영하면서 위원회 구성 시 제외해야 
하는 행정실장을 물품선정위원회 위원장으로 구성
【물품선정위원회 운영 기준 개정 안내(재무과-15988, 
2023.7.14.)】
❍ 시정
【회계】 
2. 여비 지급 
소홀
❍ 학교 자체여비 규정에서 지역별로 기중액으 ㄹ설정
한 여비보다 과지급
【공무원 여비규정 제15조 및 공무원 여비업무 
처리기준】
❍ 시정(회수)
   (15,000원)
  
 
 
【회계】  
3. 학 교 회 계  원 인 행 위 
업 무 처 리  소 홀
❍ 2022~2025학년도 학교회계 세출예산을 집행하면서 
계약체결일이 지난 후 원인행위를 소급처리하여 결재
승인 일자와 업무확정 일자를 최대 27일 초과
【전북특별자치도 교육비특별회계 재무회계 규칙 
제67조】
❍ 시정
【회계】  
4. 지도수당 지급 
소홀
❍ 2023~2024학년도 교과보충 프로그램 수업을 운영
하면서 육아시간, 연차의 사용으로 학생을 지도
할 수 없음에도 지도일지를 작성하여 수당 수령
❍ 시정(회수)
  (60,000원)
【교무학사】 
5. 출결 관련 
증빙자료 관리 
소홀
❍ 2024학년도 교외체험학습 출결관릴에서 증빙
자료인 결과보고서가 없어 출결관리 소홀
【초·중등교육법 제48조 제5항 및 학교생활기롞부 
작성 및 관리지침】
❍ 시정"
2025년4월종합감사결과보고(공개용).hwp,HWP,
2026년 6월 종합감사 결과보고서(공개용)_남원왕치초.pdf,PDF,"2026년 6월 종합감사 결과 보고서
- 남원왕치초 - 
2026. 6.
  【 행 정 지 원 과】

Ⅰ. 감사 개요
1. 감사배경 및 목적
□ 『2026년 남원교육지원청 자체감사 운영계획』에 의거 종합감사 실시
□ 학교 업무 전반의 예산 운용 실태 및 회계 처리의 적법성ㆍ타당성 등을 
점검함으로써 예산 편성ㆍ집행의 투명성 및 공정성을 도모하고자 함
2. 감사대상 및 범위
학교명 감사종류 감사 실시 기간 감사 대상 기간 범위
남원왕치
초등학교 종합감사 2026. 6. 9. ~ 6. 11. 교무·학사: 2023.3.1.~2026.6.8.
행정·회계: 2023.5.16.~2026.6.8. 학교 업무 전반
3. 감사인원: 감사반장 등 5명
4. 감사중점사항
 □ 학사관리: 교육과정 운영에 관한 사항 
   - 교육과정·평가, 교원인사관리·교육활동보호, 학생생활교육, 과학·
보건 교육, 독서교육·학교도서관, 특수교육, 방과후학교
 □ 재정ㆍ회계 관리에 관한 사항
   - 예ㆍ결산관리: 예산편성, 이ㆍ전용, 성립전 사용, 이월, 불용액 등
   - 세입관리: 징수결정, 수납, 과오납금처리, 불납결손 등
   - 세출관리: 지출원인행위 및 세출의 적정성, 계약업무의 적정 처리 여부 등
   - 발전기금 및 세입세출외현금 관리
 □ 공유재산, 물품 관리 및 시설물 관리에 관한 사항
   - 공유재산 임대 및 관리 등
   - 물품관리: 물품구입, 정수물품 관리, 불용결정ㆍ폐기, 장부기록관리 등
   - 시설물 관리: 시설사업의 적정 추진 및 관리
 □ 보수지급: 시간외 수당 및 가족수당, 연가보상비, 공무원 수당 등
Ⅱ. 감사결과 
1. 분야별 지적건수
학교명 유형별 학사·평가 예산․회계 인건비·복무계약·시설물품·기타 계
남원왕치초
지적사항 · · · · · 0
현지시정 2 · 2 · · 4
합계 2 0 2 0 0 4
2. 현지 조치사항
지적건명 지적내용 처분
 m 남원왕치초등학교
【학사․평가】
1. 개인정보 파기 
절차 수립 및 
파기 관리대장 
작성 소홀
❍ 2023~2025학년도 개인정보(파일) 파기 절차 미수립 
및 파기 관리대장 미작성
【개인정보 보호법 제21조, 
개인정보 보호법 시행령 제16조】
❍ 시정
2. 현장체험학습 
만족도 조사 
결과 공개 절차 
준수 소홀
❍ 2023학년도 6학년 테마식 현장체험학습 실시 후 
도교육청 현장체험학습 공개방 미탑재
【현장체험학습 운영 매뉴얼
[전북특별자치도교육청(구, 전라북도교육청)]】
❍ 시정
【인건비·기타】 
3. 복무 사용 소홀❍ 2025. 9. 12.(금) 11:00 ~ 2025. 9. 16.(화) 16:30(3일간) 
경조사 휴가 대상이 아닌 형부상(喪)을 사유로 
경조사휴가 사용
【국가공무원 복무규정 제20조】
❍ 시정
지적건명 지적내용 처분
4. 교육공무직원 
쟁의행위 
참가자 급여 
지급 소홀
❍ 2025. 11. 21. NEIS 기타(쟁의행위 참가)로 복무 
처리한 교육공무직원에게 참가 당일 급여를 지급하고 
일할계산 지급 대상에 해당하는 급식비 등을 전액 
지급하여 합계 63,650원의 급여 과다 지급
【교육공무직원 종합운영계획
[전북특별자치도교육청(구, 전라북도교육청)]】
❍ 시정(회수)
   (63,650원)"
금지동초등학교 종합감사결과 및 처분내용.pdf,PDF,"- 1 -
1  금지동초등학교 종합감사결과 및 처분내용
 감사개요
❍ 감사기간: 2026. 1. 5. ~ 1. 7.(3일간)
❍ 감사인원: 총 5명
 감사결과 지적사항
1. 분야별 지적건수(총 0건)
학교명 유형별 학사․평가 인건비·복무예산·회계·기타 계약․시설 계
금지동초
지적사항 · · · · 0
현지시정 · · 1 · 1
합계 0 0 1 0 1
2. 지적사항 총괄 
학교명
신분상(명) 행정상(건)
재정상
조치징계 경고 주의 계 기관
주의 통보 시정 개선 계
금지동초 · · · 0 · · · · 0 ·
 ※ ( )안은 신분상 조치 대상자에 대한 지적 건수 총 합계임.
- 2 -
3. 세부 지적내용 및 처분: 해당없음
4. 현지 조치사항
지적건명 지적내용 처분
 m 금지동초등학교
【인건비․기타】 
1. 개인정보 
안전성 확보 
조치 부적정
❍ ‘2024학년도 4,5,6학년 테마식 현장체험학습 용역’
계약(계약금액 5,157,170원)시 학생 및 인솔교사 
12명의 개인정보(성별, 주민등록번호 등)를 계약
업체에 위탁하면서 표준 개인정보처리위탁 계약서 
미작성 및 계약업체 개인정보 교육 미실시
【개인정보보호법 제26조, 
2021년 학교 알림 서비스 이용 등 개인정보 처리 업무 위탁 시 
유의사항[전북특별자치도교육청(구, 전라북도교육청)]】
❍ 시정"
배영중감사결과공개.hwp,HWP,
2026년 6월 학교자율형종합감사결과보고서(공개용).pdf,PDF,"【종합감사】
2026년 6월 학교자율형 종합감사 결과 보고서
-장수중학교-
Ⅰ. 감사 실시 개요
  1. 감사 대상 및 범위
    □ 대상기관: 장수중학교
    □ 대상기간
       - 교무․학사분야: 2023. 3. 1. ~ 2026. 5. 18.
       - 행정․회계분야: 2023. 5. 16. ~ 2026. 5. 18.
  2. 감사 기간 및 인원
학교명 감사 기간 일수 감사
인원 연인원 비 고(인원별 감사일수)
장 수 중 학 교2026. 6. 1. 
~ 6. 2.
2 4 8 감사반장: 1명
감사반원: 3명  
  3. 감사 중점 사항
    □ 교무․학사관리: 학생생활기록부 및 교육과정 전반 
    □ 재정·회계 관리에 관한 사항
      ❍ 예ㆍ결산 관리 : 예산편성, 이ㆍ전용, 성립전 사용, 이월, 불용액 등
      ❍ 세입관리 : 징수결정, 수납, 과오납금처리, 불납결손 등
      ❍ 세출관리 : 지출원인행위 및 세출의 적정성, 계약업무의 적정 처리 여부 등
      ❍ 발전기금 및 세입세출외현금 관리
    □ 시설공사 설계․시공․집행 및 사후 관리의 적정 여부
    □ 물품․재산관리의 적정성
Ⅱ. 감사 결과
 1. 지적사항 총괄
      (단위: 건, 천원, 명)
합    계
변상
(금액)
징계
(인원)
시정(금액) 현
지
조
치
주의
(인원)
경고
(인원)
개
선
권
고
통
보
고 발
(인 원)총 
건수
신분상
조치인원
재정상
조치금액 소계 회수 추징 기타
9 3 384 0 0 384 384 0 0 14 2
(3) 0 0 0 7 0
 2. 세부 지적내용 및 처분
지적건명 지적내용 처분
【교무·학사】 
1. 학교생활기록부 
정정대장 관리 
소홀
❍  2024학년도 학교생활기록부 정정대장을 출력하여 증빙자료와 
함께 보관하지 않음
【 「2024 학교생활기록 작성 및 관리지침」제19조,
별표 10(학교생활기록부 정정대장 기재 및 관리)】
❍ 통보 
2. 결・보강 처리 
및 관리 부적정
❍  2023~2025학년도 학기 중 발생한 교원의 결강 사항에 대하여, 
실제 대체 수업(보강)이 정상적으로 이루어졌음을 확인할 수 있는
‘결·보강 확인서(증빙서류)’작성 및 확인 절차 누락
【 전북특별자치도교육청「교무학사업무지원 길라잡이」】
❍ 통보 
3. 수행평가 점수 
부여 부적정 ❍  2023~2025학년도 수행평가 기준에 없는 점수 부여
【학교생활기록 작성 및 관리지침 (교육부 훈령)】
❍ 주의(2명)
 
【예산·회계】 
1. 시설공사 정산 
업무 소홀
❍  환경보전비 및 폐기물 처리비에 대한 미확인으로 시설비 82,620
원 과다 지급
【「환경관리비의 산출 기준 및 관리에 관한 지침」 제10조】
❍ 통보
❍ 회수 82,620원
2. 교육공무직 
신규 채용 
심사위원회 
구성 소홀
❍  미화원(교육공무직원) 채용을 위한 면접위원을 위촉하면서 외부
위원 없이 내부위원(교감, 행정실장, 교무부장) 3인으로 구성
  【「전북특별자치도교육감 소속 교육공무직원 공정채용에 
관한 규칙」 제16조】
❍ 주의(1명)
3. 현지조치사항 일람표
지적건명 지적내용 처분
3. 상품권 구매 및 
배부대장 
미작성 및 
수령확인 소홀
❍  2023~2025년 총 16건에 대해 상품권 수령 확인서 미첨부
❍  2023~현재까지 상품권 구매 및 배부 대장 미작성
【전북특별자치도교육청의 
“학교회계 예산편성 및 운영지침”】
❍ 통보
4. 간주처리예산 
편성 절차 소홀
❍  2023, 2025년 총 2건에 대하여 간주처리하면서 학교운영위원회에 
사전․사후 보고 미실시  
【전북특별자치도교육청의 
“학교회계 예산편성 및 운영지침”】
❍ 통보
5. 법인카드 
포인트 
세입조치 소홀
❍  2023회계년도부터 법인카드 사용 적립 포인트 세입조치 미실시
【「지방자치단체 교육비특별회계 세출예산 집행기준」】
❍ 통보
【복무】 
6. 복무관리 소홀 ❍  가족돌봄휴가(유급) 사유 부적정
❍  6일 초과 병가 진단서 미첨부
【「국가공무원 복무규정」 제20조 】
【전북특별자치도교육청의 교육공무직원 종합운영계획】
❍ 통보
❍ 회수
   301,660원
지적건명 지적내용 처분
【학사·평가】 
1. 2024년  학 교 규칙 
제·개 정 절 차 준 수 
부적 정
❍ 2024년 학교 규칙 개정 시 학부모 의견 수렴, 공표 절차 미실시
【「「초·중등교육법 시행령」 제9조】
❍ 시정
2. 2023년 교육활동 
침해행위 예방교육 
미실시
❍ 2023년 교육활동 침해행위 예방교육 미실시(학생, 보호자, 교직원)
 【「교원의 지위 향상 및 교육활동 보호를 위한 특별법」 제24조】
❍ 시정
3. 2023년 자살예방교육
  (생명존중교육) 미충족
❍ 2023년 자살예방교육(생명존중교육) 미충족(4시간)
 【「자살예방 및 생명존중문화 조성을 위한 법률」 제17조, 
「전 북 특 별 자 치 도 교 육 청  자 살 예 방  및  생 명 존 중 문 화  조 성 을  위 한  조 례」  제7조】
❍ 시정
4. 과 학 실 험 실  안 전 점 검  소 홀❍ 2023,2024년  실험폐수·폐시약 관리대장 미작성
 【 전북특별자치도교육청과학교육원의 「2022~2023 과학실험실 
안전관리 기본 계획」】
❍ 시정
5. 학교스포츠클럽 
운영계획 미수립
❍ 2024, 2025년도 학교스포츠클럽 운영 계획 미수립
 【학교체육진흥법 제8조, 제9조, 제10조, 제13조의 2】
❍ 시정
지적건명 지적내용 처분
6. 학생선수 인권보호 
준수 여부 미비
❍ 2023, 2024년도 학생선수 (성)폭력 및 안전예방 교육 미실시
 【학교체육진흥법 제6조 1항 제4호, 제11조】
❍ 시정
7. 독서교육 계획 
미수립에 관한 사항
❍ 2023년도 학교 교육과정 운영계획에 교과연계 독서 활동, 학교도서관 
이용 활성화, 학년별 권장도서 선정 및 활용 등 구체적인 독서교육 
계획 미수립
 【 ｢초중등교육법｣ 제23조, ｢학교도서관진흥법｣ 제15조, 
같은 법 시행령 제9조】
❍ 시정
8. 학교도서관 
운영위원회 심의 
미준수
❍ 2023~2026학년도 학교도서관 운영위원회에 학교도서관 운영 계획을 
3월 말까지 안건을 상정하여 정식 심의를 받지 아니하고 임의로 
도서관을 운영하는 등 도서관 관리 행정 소홀
 【 학교도서관진흥법 제10조】
❍ 시정
9. 방과후학교 운영 
평가의 적절성 위반
❍ 2023~2025학년도 방과후 수업 공개의 날 미운영
❍ 학생·학부모 만족도 조사를 실시하였으나 홈페이지 미공개
【｢전북 방과후(늘봄)학교 운영 길라잡이｣】
❍ 시정
10. 수행평가 계획 
영역과 실제평가 
영역 불일치
❍ 2023학 년도  국 어 과 수행 평 가의  점 수 를 평가  규 정 의 평가 영역과 다르게 
부여
【“학교생활기록 작성 및 관리지침(교육부 훈령)】
❍ 시정
【예산·회계】 
11. 재정집행 공개 
부적정
❍ 2023학년도 하반기 및 2024학년도 하반기 재정집행 미공개
【｢전북특별자치도공립학교회계규칙｣제56조】
❍ 시정
12. 업무추진비 
편성한도액 초과
❍ 2026학년도 학교회계 예산 편성 시 업무추진비 편성한도액 초과
  - 과다 편성된 업무추진비 196천원 차기 추경 시 감액
【전북특별자치도교육청의 “학교회계 예산편성 및 운영지침”】
❍ 시정
13. 지출원인행위 결재 
부적정
❍ 2024~2025년  지 출 원 인 행 위  3건(합 계  5,264,000원)에 대하여 학교의 장이 
아닌 교감 또는 주무관이 최종 결재 처리
【「전북특별자치도(구, 전라북도) 교육비특별회계 재무회계 규칙」 
제3조(회계관계공무원의 관직지정) 】
❍ 시정
【기타】 
14. 개인정보 
안전성 확보 
조치 미이행
❍ 2023~2025학년도 총 11건에 대하여 개인정보처리 위탁계약서를 
미작성 하는 등 개인정보 안전성 확보 조치 미이행  
【「개인정보 보호법」 제26조(업무위탁에 따른 개인정보의 처리 
제한) 제4항】
❍ 시정"
감사결과 보고서(청웅초).pdf,PDF,"1  청웅초등학교 종합감사결과 및 처분내용
 감사개요
❍ 감사기간: 2025. 6. 11. ~ 6. 13.(3일간)
❍ 감사인원: 총 4명
 감사결과 지적사항
1. 분야별 지적건수(총 0건)
학교명 유형별 학사․평가 인건비·복무예산·회계·기타 계약․시설 계
청웅초
지적사항 1 0 1 0 2
현지시정 1 0 3 1 5
합계 2 0 4 1 7
2. 지적사항 총괄 
학교명
신분상(명) 행정상(건)
재정상
조치징계 경고 주의 계 기관
주의 통보 시정 개선 계
청웅초 · · 2
(2건)
2
(2건) · · · · 0 0
 ※ ( )안은 신분상 조치 대상자에 대한 지적 건수 총 합계임.
3. 세부 지적내용 및 처분
4. 현지 조치사항
지적건명 지적내용 처분
【회계】
1. 학교회계 
원인행위 업무 
처리 부적정
❍ 2022~2025년도 총 59건(금액:37,454,510원) 세출예산을 
집행하면서 계약체결일이 지난 후에 지출원인행위를 
소급 결재처리하여 결재승인 일자와 업무확정 일자가 
최대 20일 초과
【전 북 특 별 자 치 도  교 육 비 특 별 회 계  재 무 회 계  규 칙  제67조】
❍ 주의(1명) 
【교무학사】
2. 출결 상황 관리 
부적정
❍ 2022학년도 질병결석 출결관리에서 결석계(결석신고서)를 
받 아  승 인 처 리  하 였 음 에 도  나 이 스 에  미 인 정  결 석 으 로  처 리
【초·중등교육법 시행령 제48조 제5항 및 
학교생활기록 작성 및 관리지침 제8조】
❍ 주의(1명) 
지적건명 지적내용 처분
【회계】
1. 물품선정위원회 
위원 구성 소홀
❍ 물품선정위원회를 운영하면서 위원회 구성 시 제외해야 
하는 행정실장을 물품선정위원회 위원장으로 구성
【물품선정위원회 운영 기준 개정 안내(재무과-15988, 
2023.7.14.)】
❍ 시정
【물품】 
2. 물품관리 업무 
소홀 
❍ 2023~2024학년도 도서관 책장 구입 등 2건(금액: 316,990원) 
소모품으로 처리하여 비소모품출납 및 운용카드에 미등재 
【전북특별자치도 교육비특별회계 소관 물품 관리 
조례 제5조】
❍ 시정
  
 
 
【시설】  
지적건명 지적내용 처분
3. 하자보수 관리 
업무 소홀
❍ 식생활관 창고 및 방풍실 지붕 누수 보수 공사 외 1건은 
정기하자검사를 만료하지 않았고, 교무실 안전난간 
설치공사는 정기하자검사 및 하자만료검사를 미실시
【지방자치단체를 당사자로 하는 계약에 관한 법률 
시행령 제70조】
❍ 시정
【기타】  
4. 업무 인계·인수 
및 법인카드 
관리 소홀
❍ 2024.3.1.자 회계관계 공무원이 교체되었으나 업무
관리시스템으로 사무인계인수를 미실시, 발급받은 
법인카드를 미등록하고 보관책임자가 교체되었으나 
발급대장에 미등록
【행정업무의 운영 및 혁신에 관한 규정 제61조】
❍ 시정
【교무학사】 
5. 학교생활기록부 
출결상황 
기재관리 소홀
❍ 장기결석은 5일 이상으로 생활기록부 특기사항에 
결석 종류별(질병,미인정)으로 사유를 입력한다고 
정하였음에도 질병으로 결석한 학생의 출결상황 
특기사항을 미기재
【초·중등교육법 제25조 및 학교생활기록 작성 및 
관리지침(교육부훈령)】
❍ 시정"
학교자율형 종합감사 결과 공개 자료.pdf,PDF,"군 산 기 계 공 업 고 등 학 교  학 교 자 율 형  종 합 감 사  결 과  공 개
2026. 2.
 (감 사 관)
- 1 -
군산기계공업고등학교 학교자율형 종합감사 결과 공개
 감사결과의 공개는 국민의 알권리 충족과 학교 운영의 투명성을 강화하기 위한 
공익적 조치입니다. 따라서 감사결과 실명이 공개된 모든 학교(기관)가 비리에 
연관되어 있는 것은 아님을 알려드립니다. 
□ 감사 개요
○ 감사 기간: 2025. 10. 28.∼10. 29.(2일간)
○ 감사 인원: 3명 
○ 감사 범위: 2022. 9. 1.∼2025. 8. 17.(교무·학사), 2022. 7. 5.∼2025. 8. 17.(행정·회계)
□ 감사 결과
 ○ 총괄
신분상(명) 조치 행정상(건) 조치
재정상
조치징계 경고 주의 계 기관
주의 통보 시정 개선 계
· · 3 3 · 6 · · 6 ž 회수(1건)  87,740원
 
 ○ 분야별 지적건수
유형별 학사․평가 행정·회계 시설 계
지적사항 4 3 0 7
- 2 -
 ○ 지적사항(총 7건)
연번 분야별 지적건명 처분
1 학사·평가 Ÿ 학교생활기록부 정정 처리 부적정 Ÿ 통보
2 학사·평가 Ÿ 학생 수상 관리 부적정 Ÿ 통보
3 학사·평가 Ÿ 학생생활교육위원회 운영 부적정 Ÿ 주의(2명)
Ÿ 통보
4 학사·평가 Ÿ 교육활동 침해행위 예방교육 미실시 Ÿ 통보
5 예 산·회 계·계 약Ÿ 중소기업자간경쟁제품 직접생산증명서 
확인 부적정 Ÿ 주의(1명)
6 인 사·복 무·인 건 비Ÿ 공가 사용 부적정
Ÿ 통보
Ÿ 시정(회수)
87,740원
7 인 사·복 무·인 건 비Ÿ 인건비 지급 부적정 Ÿ 통보(시정완료)
- 3 -
전북특별자치도교육청
통          보
제        목 학교생활기록부 정정 처리 부적정
소 관  기 관 군산기계공업고등학교
조 치  기 관 군산기계공업고등학교
내        용
1. 업무 개요
    군산기계공업고등학교는 ｢초·중등교육법 시행령｣ 및 “학교생활기록부 기재 
요령”에 따라 신입생 및 재학생의 학적에 관한 사항을 입력하여 관리하고 있다. 
2. 관계법령 및 판단기준
    교육부의 “학교생활기록 작성 및 관리지침(교육부훈령)” 제19조(자료의 정정)에 
따르면 매 학년이 종료된 이후에는 당해 학년도 이전의 학교생활기록부 입력 자료에 
대한 정정은 원칙적으로 금지하고 객관적인 증빙자료가 있는 경우에만 정정이 가능하며, 
정정 시에는 반드시 정정 내용에 관한 증빙자료를 첨부하여 정정의 사유, 정정 내용 등에 
일련번호 군산기계공업고등학교-1
- 4 -
대하여 학교 학업성적관리위원회의 심의 절차를 거친 후 학교생활기록부 정정대장의 
결재 절차에 따라 재학생은 정정 사항 발견 학년도 담임 교사가, 졸업생은 업무 담당자가 
정정 처리해야 한다고 되어 있다. 
    또한 교육부의 “학교생활기록부 기재 요령”에 따르면 학교생활기록부 정정대장은 
반드시 학교장의 결재를 받아야 하고, 정정대장 결재는 담임(담당), 담당부장, 교감, 
교장의 4단 결재를 거치며 대결 또는 전결로 처리하지 않아야 하고 결재 단계에 
동일인이 2회 이상 포함될 수 없다고 되어 있다. 
3. 감사결과 확인된 문제점  
    그런데도 군산기계공업고등학교 교사 ◯◯◯는 2022. 9. 30. 2022학년도 2학년 학생 
▧▧▧의 학교생활기록부를 정정하면서 결재 단계에 동일인을 2회 포함시켜 중복 결재로 
정정 처리하는 등 [표]와 같이 2022~2023학년도 총 4건의 학교생활기록부 정정 처리를 
부적정하게 한 사실이 있다.
[표] 학교생활기록부 정정 처리 부적정 현황(2022~2023학년도)
학년도 학년반 담임명 순 학생명 정정항목 정정일자 결재 단계 부적정 사유
2022
1 2022. 9. 30.
결재
단계에
동일인
2회 포함
2 2022. 9. 30.
3 2022. 9. 30.
2023 4 2023. 11. 10.
자료: 군산기계공업고등학교 제출자료 재구성
    그 결과 학교생활기록부 정정의 객관성과 공정성이 침해되어 학교생활기록부 
관리에 대한 신뢰성이 저하되었다.
- 5 -
관계기관 의견     군산기계공업고등학교는 감사 결과를 받아들이면서 앞으로 관련 
법령을 준수하여 학교생활기록부 정정 업무를 철저히 수행하겠다는 의견을 제시하였다. 
조치할 사항     군산기계공업고등학교장은 앞으로 관련 법령과 규정 등에 따라 
학교생활기록부 정정 처리 업무를 철저히 하시기 바라며, 관련 교원 연수 등 자체 
계획을 수립하여 시행하시기 바랍니다.(통보)
- 6 -
전북특별자치도교육청
통          보
제        목 학생 수상 관리 부적정
소 관  기 관 군산기계공업고등학교
조 치  기 관 군산기계공업고등학교
내        용
1. 업무 개요
    군산기계공업고등학교는 교육부의 “학교생활기록 작성 및 관리지침”과 
군산기계공업고등학교의 “교내상 시상 계획”에 따라 학생 수상 관리 업무를 
처리하고 있다. 
2. 관계법령 및 판단기준
    「초·중등교육법」제25조(학교생활기록)에 따르면 학교의 장은 학생의 학업
성취도와 인성(人性) 등을 종합적으로 관찰ㆍ평가하여 학생지도 및 상급학교의 
학생 선발에 활용할 수 있도록 하기 위하여 학교생활기록을 작성·관리하도록 
되어 있고, 교육부의 “학교생활기록 작성 및 관리지침” 제9조(수상경력)에 따르면 
일련번호 군산기계공업고등학교-2
- 7 -
학교생활기록부의 수상경력은 재학 중 학생이 교내에서 수상한 상의 명칭, 
등급(위), 수상연월일, 수여기관, 참가대상(참가인원)을 입력한다고 되어 있다.
  또한 군산기계공업고등학교의 “2023학년도 교내상 시상 계획1)”에 따르면 
‘인문학특강 우수소감문’ 및 ‘나의 꿈 발표’ 대회 참가자의 20% 범위 내에서 
우수자에 대한 시상을 하도록 되어 있다. 
3. 감사결과 확인된 문제점  
    그런데도 군산기계공업고등학교는 2023. 7. 17. 2023학년도 ○○○○○ 우수소감문 
수상자로 1~3학년 학생 7명을 선정하였음에도 수상 내용을 나이스 수상대장에 
입력하지 아니하고 학교생활기록부 수상경력에도 반영하지 않는 등 [표]와 같이 
2023학년도 1~3학년 학생 합계 8명의 수상경력 관리를 부적정하게 한 사실이 있다. 
[표] 수상경력 관리 부적정 현황(2023학년도)
학년도 수상명
(내부결재 일자) 등급(위) 수상 대상자 부적정 사유 비고순 학년반 번호 이름
2023
 · NEIS 수상대장 미입력
 · 학교생활기록부 수상경력
   미반영
수상자 7명 전체 
미입력/미반영
전체 수상자 12명 중 
1명 미입력/미반영
합 계 8명 -
자료: 군산기계공업고등학교 제출자료 재구성
    그 결과 수상경력 관리의 신뢰성 및 학교생활기록부 기재의 공정성이 저하되었다.
관계기관 의견     군산기계공업고등학교는 감사 결과를 받아들이면서 앞으로 
관련 법령을 준수하여 학생 수상 관리 업무를 철저히 수행하겠다는 의견을 제시하였다. 
1) 관련: 2023학년도 교내상 시상 계획[군산기계공업고등학교-3748(2023. 3. 23.)]
- 8 -
조치할 사항     군산기계공업고등학교장은 
① NEIS 수상대장 입력과 학교생활기록부 수상경력 반영이 누락된 2023학년도 
1~3학년 학생 8명의 ‘○○○○○ 우수소감문’ 및 ‘○○ ○ ○○’ 시상 여부를 
학업성적관리규정에 따라 처리하시기 바라며(통보)
② 앞으로 관련 법령과 규정 등에 따라 학생 수상 관리 업무를 철저히 하시기 
바랍니다.
- 9 -
전북특별자치도교육청
주의요구 및 통보
제        목 학생생활교육위원회 운영 부적정
소 관  기 관 군산기계공업고등학교
조 치  기 관 군산기계공업고등학교 
내        용
1. 업무 개요
    군산기계공업고등학교는 「초·중등교육법」 제18조 및 군산기계공업고등학교의 
“학생생활규정”에 따라 학생생활지도에 관한 업무를 처리하고 있다. 
2. 관계법령 및 판단기준
    「초·중등교육법」 제18조(학생의 징계)에 따르면 학교의 장은 교육상 필요한 
경우에는 법령과 학칙으로 정하는 바에 따라 학생을 징계하거나 그 밖의 방법으로 
지도할 수 있다고 되어 있고, 군산기계공업고등학교의 “학생생활규정” 제17조
(학생생활교육위원회의 설치)에 따르면 학생의 징계에 관한 사항, 학생 포상에 
관한 사항, 그 밖에 학생 생활교육에 필요한 사항 등을 심의하기 위하여 학교에 
학생생활교육위원회를 둔다고 되어 있다. 
일련번호 군산기계공업고등학교-3
- 10 -
    또한 같은 규정 제19조(위원회의 운영)에 따르면 위원장은 교장이 요청하는 경우, 
재적 위원 3분의 1 이상이 요청하는 경우, 그 밖에 위원장이 필요하다고 인정하는 
경우 학생생활교육위원회를 소집할 수 있으며, 위원회의 회의는 재적 위원 과반수의 
출석으로 개의하고, 출석 위원 과반수의 찬성으로 의결한다고 되어 있다. 
3. 감사결과 확인된 문제점  
    그런데도 군산기계공업고등학교는 2024. 10. 22. 제◈차 학생생활교육위원회를 
개최하면서 재적 위원 ◈명 중 ◈명이 출석하여 과반수가 아님에도 회의를 개의하고 
학생 ◈명에 대한 징계를 의결하는 등 [표]와 같이 2024학년도 제◈차 및 제◈차 
학생생활교육위원회 운영을 부적정하게 한 사실이 있다. 
[표] 학생생활교육위원회 운영 부적정 현황(2024학년도)
학년도 차수 계획 수립일 회의 일자 재적 위원 출석 위원 의결 사항 세부 의결 내용
2024
자료: 군산기계공업고등학교 제출자료 재구성
    그 결과 학생생활교육위원회 운영의 절차적 정당성이 약화되었으며 학생 징계 
의결에 대한 신뢰성이 저하되었다. 
관계기관 의견     군산기계공업고등학교는 감사 결과를 받아들이면서 앞으로 
관련 법령을 준수하여 학생생활교육위원회 운영 업무를 철저히 수행하겠다는 의견을 
제시하였다. 
- 11 -
조치할 사항     군산기계공업고등학교장은 
① 앞으로 관련 법령과 규정 등에 따라 학생생활교육위원회 운영 업무를 철저히 하시기 
바라며, 관련 교원 연수 등 자체 계획을 수립하여 시행하시기 바랍니다.(통보)
② 관련자에게 주의를 촉구하시기 바랍니다.(주의 2명)
- 12 -
전북특별자치도교육청
통          보
제        목 교육활동 침해행위 예방교육 미실시
소 관  기 관 군산기계공업고등학교
조 치  기 관 군산기계공업고등학교
내        용
1. 업무 개요
    군산기계공업고등학교는 「교원의 지위 향상 및 교육활동 보호를 위한 특별법」 
및 「전북특별자치도교육청 교권침해로부터 안전한 교육활동 보호 조례」 등 
관계 법령에 따라 교육활동 보호에 관한 업무를 처리하고 있다.
2. 관계법령 및 판단기준
    「교원의 지위 향상 및 교육활동 보호를 위한 특별법」 제24조(교육활동 
침해행위 예방교육) 제1항에 따르면 고등학교 이하 각급학교의 장은 교직원·
학생·학생의 보호자를 대상으로 교육활동 침해행위 예방교육을 매년 1회 이상 
실시하여야 한다고 되어 있고, 같은 법 시행령 제21조(교육활동 침해행위 예방
일련번호 군산기계공업고등학교-4
- 13 -
교육)에 따르면 교육활동 침해행위 예방교육에는 교육활동 침해행위에 관한 
법령의 내용과 유형 및 사례, 발생 시 대응 요령 등을 포함하도록 되어 있다. 
    또한 「전북특별자치도교육청 교권침해로부터 안전한 교육활동 보호 조례」
제15조(교육활동침해 예방교육) 제2항에 따르면 교육감은 교직원과 학생, 보호자를 
대상으로 교육권의 조화로운 실현을 도모하기 위한 적절한 교육을 매년 1회 이상 
실시 하여야 한다고 되어 있고, 전북특별자치도교육청(구, 전라북도교육청)에서는 
교원의 교육활동 보호와 인권우호적인 학교문화 조성을 위해 교육활동 침해행위 
예방교육에 대한 사항을 매년 공문으로 안내하고 교육활동 침해 현황에 대한 
실태조사를 실시하고 있다.
3. 감사결과 확인된 문제점  
    그런데도 군산기계공업고등학교는 2022학년도 학생·학생의 보호자·교직원을 
대상으로 교육활동 침해행위 예방교육을 실시하지 않는 등 [표]와 같이 2022~2024학년도 
교육활동 침해행위 예방교육을 실시하지 않은 사실이 있다. 
[표] 교육활동 침해행위 예방교육 미실시 내역(2022~2024학년도)
학년도
대상별 예방교육 실시 여부
학생 학생의 보호자 교직원
2022 미실시 미실시 미실시
2023 미실시 미실시 미실시
2024 미실시 실시
(2024. 4. 12.) 미실시
자료: 군산기계공업고등학교 제출자료 재구성
    그 결과 학생·학생의 보호자·교직원의 교육활동 보호에 대한 인식이 저하되었다.
- 14 -
관계기관 의견     군산기계공업고등학교는 감사 결과를 받아들이면서 앞으로 
관련 법령을 준수하여 교육활동 침해행위 예방교육을 철저히 수행하겠다는 의견을 
제시하였다. 
조치할 사항     군산기계공업고등학교장은 앞으로 관련 법령과 규정 등에 따라 
교육활동 침해행위 예방교육을 철저히 하시기 바랍니다.(통보)
- 15 -
전북특별자치도교육청
주  의  요  구
제        목 중소기업자간경쟁제품 직접생산증명서 확인 부적정
소 관  기 관 군산기계공업고등학교
조 치  기 관 ①군산기계공업고등학교 ②전북특별자치도◯◯교육지원청
내        용
1. 업무 개요
    군산기계공업고등학교는 「중소기업제품 구매촉진 및 판로지원에 관한 법률」
등에 따라 중소기업자간 경쟁제품 계약 업무를 하고 있다.
2. 관계법령 및 판단기준
    ｢중소기업제품 구매촉진 및 판로지원에 관한 법률｣ 제6조(중소기업자간 경쟁 
제품의 지정), 제7조(경쟁제품의 계약방법), ｢같은 법 시행령｣ 제10조(직접생산의 
확인 등)에 따르면 공공기관의 장은 추정가격이 1천만 원 이상인 중소기업자간 
일련번호 군산기계공업고등학교-5
- 16 -
경쟁제품 계약을 체결할 때 해당 중소기업자가 직접 생산하는지 여부를 확인해야 
한다고 되어 있다.
    또한 중소벤처기업부 고시“ 중소기업자간 경쟁제품 및 공사용자재 직접구매 
대상품목 지정 내역”에 따르면 세부품명 ‘건물청소서비스(세부품명번호: 7611150101)’는 
직접생산 확인 대상 품목으로 지정되어 있다.
3. 감사결과 확인된 문제점 
    그런데도 군산기계공업고등학교는 2024. 2. 13. 유한회사 ▧▧▧▧▧과 
‘본관 및 기숙사 청소용역’ 계약(계약금액 15,191,000원)을 체결하면서 중소기업자간 
경쟁제품으로 지정된 건물청소서비스(세부품명번호: 7611150101)의 중소기업 
직접생산 여부를 확인하지 않은 사실이 있다.  
[표] 중소기업자간 경쟁제품 직접생산 미확인 내역(204년도)
     (금액 단위: 원)
순 계약명 계약업체
(사업자번호) 계약일 계약방법 계약금액 직접생산여부
1
본관 및 
기숙사 
청소용역
유한회사 
▧▧▧▧▧ 2024. 2. 13. 1인 수의 15,191,000 미확인
자료: 군산기계공업고등학교 제출자료 재구성
    그 결과 계약 업무의 공정성과 신뢰도 저하를 초래하였다.
관계기관 의견     군산기계공업고등학교는 감사 결과를 받아들이면서 앞으로 관련 
법령을 준수하여 계약 업무를 철저히 수행하겠다는 의견을 제시하였다.
- 17 -
조치할 사항     
군산기계공업고등학교장은 앞으로 관련 법령에 따라 중소기업자간경쟁제품 계약시 
직접생산여부 확인 업무를 철저히 하시기 바랍니다.
전북특별자치도◯◯교육지원청교육장은 관련자에게 주의를 촉구하시기 바랍니다.(주의 1명)
- 18 -
전북특별자치도교육청
시정요구 및 통보
제        목 공가 사용 부적정
소 관  기 관 군산기계공업고등학교
조 치  기 관 군산기계공업고등학교
내        용
1. 업무 개요
    군산기계공업고등학교는 “전북특별자치도교육감 소속 교육공무직원 관리 규정”등에 
따라 교육공무직원 복무를 관리하고 있다.
2. 관계법령 및 판단기준
    전북특별자치도교육청의 “전북특별자치도교육감 소속 교육공무직원 관리 규정”
제47조(공가)에 따르면 건강진단, 건강검진 또는 결핵 검진 등을 받는 경우 직접 필요한 
기간을 공가로 허가받을 수 있고, 공가 기간은 유급으로 한다고 되어 있다.
일련번호 군산기계공업고등학교-6
- 19 -
3. 감사결과 확인된 문제점 
    그런데도 군산기계공업고등학교 ◯◯◯◯◯(▧▧▧▧▧▧) ◈◈◈은 2024. 6. 7. 
건강검진을 사유로 공가를 허가받고서도 허가일에 건강검진을 받지 않고 2024. 10. 4.에 
건강검진을 받았으며, 연차수당 1일분 87,740원을 과다 지급받은 사실이 있다. 
※ 공가 사용 부적정 내역(2024년도)
연도 직위(급) 성명
공가 사용 부적정 내역
정당
복무처리공가 사용일 사용시간
사유 또는 
용무
실제 건강검진일
2024 ◯◯◯◯◯
(▧▧▧▧▧▧) ◈◈◈ 2024. 6. 7.
(8:30~16:30) 8시간 건강검진 2024. 10. 4. 연차
자료: 군산기계공업고등학교 제출자료 재구성
※ 공가사용으로 인한 연차수당 과다 지급 내역(2024년도)
(단위:일, 원)
자료: 군산기계공업고등학교 제출자료 재구성
    그 결과 복무 관리의 적정성과 연차수당 지급의 투명성이 저하되었으며 예산의 
손실을 초래하였다. 
관계기관 의견     군산기계공업고등학교는 감사 결과를 받아들이면서 앞으로 관련 
법령을 준수하여 복무 관리 업무를 철저히 수행하겠다는 의견을 제시하였다.
직위(급) 성명
연차일수
과다
지급
연차
일수
기지급액
(A)
정당
지급액
(B)
과다 지급
금액
(C=A-B)법정
실제 지급 정당 지급
사용
연차수당 
지급 일수 사용
연차수당 
지급 일수
◯◯◯◯◯
(▧▧▧▧▧▧) ◈◈◈ 24 0 24 1 23 1 2,105,660 2,017,920 87,740
- 20 -
조치할 사항     군산기계공업고등학교장은 
① 앞으로 관련 법령에 따라 복무 관리 업무를 철저히 하시고 교직원 연수 등 
자체 계획을 수립하여 시행하시기 바라며(통보)
② 과다 지급된 연차수당 87,740원을 대상자로부터‘회수’하여 교육비특별회계로 세입 
처리하시기 바랍니다.(시정)
- 21 -
전북특별자치도교육청
통보(시정완료)
제        목 인건비 지급 부적정
소 관  기 관 군산기계공업고등학교
조 치  기 관 군산기계공업고등학교
내        용
1. 업무 개요
    군산기계공업고등학교는 “공무원수당 등에 관한 규정”, “공무원 보수 등의 
업무지침”, “전북특별자치도교육감 소속 교육공무직원 관리 규정”등에 따라 
인건비를 지급하고 있다.
2. 육아휴직수당 지급 부적정
 가. 관계법령 및 판단기준
    “공무원수당 등에 관한 규정” 제11조의3(육아휴직수당) 및 인사혁신처의
“공무원 보수 등의 업무지침” 육아휴직수당에 따르면 육아휴직 복직 후 지급액은 
일련번호 군산기계공업고등학교-7
- 22 -
총 지급액의 15퍼센트에 해당하는 금액은 휴직 종료 후 복직하여 6개월 이상 계속하여 
근무한 경우 7개월째 보수지급일에 합산하여 일시불로 지급한다고 되어 있다.
 나. 감사결과 확인된 문제점 
    그런데도 군산기계공업고등학교는 교사 ◯◯◯이 육아휴직 복직 후 6개월 
이상 계속하여 근무하였음에도 2023년 9월 보수지급일에 육아휴직 복직 후 지급액 
3,105,000원을 지급하지 않은 사실이 있다.
3. 초과근무수당 지급 부적정
 가. 관계법령 및 판단기준
    “공무원 수당 등에 관한 규정” 제15조(시간외근무수당)에 따르면 시간외근무
수당은 근무명령에 따라 규정된 근무시간 외에 근무한 사람에게는 예산의 범위에서 
초과근무을 지급한다고 되어 있고,
    인사혁신처의“공무원 보수 등의 업무지침”에 따르면 초과근무에 대하여 
지급 제외 대상자는 다른 방법으로 금전적 보상을 하는 경우(예, 보충수업 지도 
교원, 시험감시 근무자 등)라고 되어 있다. 
    또한 “공무원 보수 등의 업무지침”의 수당 등의 지급방법 기타사항에 따르면 
“공무원보수규정” 제22조제1항에도 불구하고 퇴직한 날이 속하는 달의 수당 등
(1일 이상 출근하여 근무한 경우 시간외근무수당 정액지급분 포함)을 전액 지급한다고 
되어 있다.
- 23 -
 나. 감사결과 확인된 문제점 
    그런데도 군산기계공업고등학교는 교사 ▧▧▧이 2023. 9. 18. 15:30~17:30 
방과후 지도수당을 지급받았음에도 2시간의 초과근무를 인정하고 초과근무수당 23,420원을 
지급하는 등 [표 1]과 같이 2023~2025년도 교사 총 7명에게 20시간분 합계 
250,210원의 초과근무수당을 과다 지급한 사실이 있다.
[표 1] 초과근무수당 과다 지급 내역(2023~2025년도)
  (금액 단위: 원)
자료: 군산기계공업고등학교 제출자료 재구성
    또한 군산기계공업고등학교는 교사 ◈◈◈이 2024. 2월 중 6일 근무하여 퇴직한 날이 
속하는 달에 1일 이상 출근하였음에도 시간외근무수당 정액분 143,120원을 지급하지 
아니하는 등 [표 2]와 같이 2024~2025년도 교사 총 4명에게 합계 527,640원의 시간외
근무수당 정액분을 지급하지 아니한 사실이 있다.
순 직 대상 방과후
지도시간
방과후
수당
받은금액
기 초과근무
인정시간
초과근무
제외시간
정당 
초과근무
인정시간
시간당
단가
과다
인정
시간
과다
지급
금액
1 교사
 2023. 9. 18.
15:30~17:30 76,000 2023. 9. 18.
16:30~20:30 16:30~17:3018:30~20:3011,710 2 23,420
2023. 9. 25. 
16:40~18:30 76,000 2023. 9. 25.
16:30~21:30 16:40~18:3018:30~21:3011,710 2 23,420
2 교사 2024. 3. 26.  
16:40~18:30 76,000 2024. 3. 26.
16:30~20:35 16:40~18:3018:30~20:3012,003 2 24,000
3 교사
2024. 5. 10.
16:30~18:20 76,000 2024. 5. 10.
16:30~22:00 16;30~18:2018:20~22:0013,333 2 26,660
2024. 5. 17.
16:30~17:30 38,000 2024. 5. 17.
16:30~21:31 16:30~17:3017:30~21:3013,333 1 13,330
2024. 6. 12.
15:30~17:20 38,000 2024. 6. 12.
16:30~22:00 16:30~17:2017:20~22:0013,333 1 13,340
2024. 6. 21.
15:30~17:20 38,000 2024. 6. 21.
16:30~21:59 16:30~17:2017:20~21:5913,333 1 13,330
4 교사
2024. 8. 28.
15:30~17:20 38,000 2024. 8. 28.
16:30~21:30 16:30~17:2017:20~21:3012,003 1 12,000
2024. 9. 19.
16:30~18:20 76,000 2024. 9. 19.
16:30~20:03 16:30~18:2018:20~20;0312,003 2 24,000
5 교사 2024. 9. 9.
15:30~17:20 38,000 2024. 9. 9.
16:30~20:09 16:30~17:2017:20~20:0912,003 1 12,000
6 교사 2024. 11. 26.
19:00~20:50 76,000 2024. 11. 26.
16:30~21:04 19:00~20:5016:30~19:0013,333 3 39,990
7 교사 2025. 3. 27.
16:30~18:20 76,000 2025. 3. 27.
16:30~21:30 16:30~18:2018:20~21:3012,363 2 24,720
합계 20 250,210
- 24 -
[표 2] 시간외근무수당 정액분 과소 지급 내역(2024~2025년도)
(금액 단위: 원)
자료: 군산기계공업고등학교 제출자료 재구성
4. 연차수당 지급 부적정
 가. 관계법령 및 판단기준
    전북특별자치도교육청의 “전북특별자치도교육감 소속 교육공무직원 관리 규정” 
제43조(연차유급휴가)에 따르면 운영기관의 장은 1년간 80퍼센트 이상 출근한 교육
공무직원에게 15일의 유급휴가를 주어야 한다고 되어 있고, 제44조(연차휴가 일수의 
공제)에 따르면 휴직의 경우에는 휴가일수에서 휴직기간을 제외하는 계산식에 따라 
산출된 일수를 공제한다고 되어 있다.
 나. 감사결과 확인된 문제점
    그런데도 군산기계공업고등학교는 ◍◍◍◍◍ ◍◍◍에게 2023년도 연차수당을 
지급하면서 통상임금에 해당하는 수당(특별근무수당)을 포함하지 않고 산정하여 
66,070원을 지급하지 않는 등 [표 3]과 같이 교직원 총 4명에게 합계 357,740원의 
연차수당을 지급하지 아니한 사실이 있다. 
   
순 해당연월 퇴직일자 직 성명
근무 
일수 기지급액(A) 정당지급액(B)
과소지급액
(C=A-B)
1 2024. 2. 2024. 2. 29. 교사 6 0 143,120 143,120
2 2024. 2. 2024. 2. 29. 교사 6 0 143,120 143,120
3 2024. 2. 2024. 2. 29. 교사 4 0 143,120 143,120
4 2025. 2. 2025. 2. 28. 교사 5 49,140 147,420 98,280
합계 49,140 576,780 527,640
- 25 -
[표 3] 연차수당 과소 지급내역(2023년도)
(연차 단위: 일, 금액 단위: 원)
자료: 군산기계공업고등학교 제출자료 재구성
    그 결과 인건비 지급의 적정성과 투명성이 저하되었고 예산의 낭비를 초래하였다.
관계기관 의견     군산기계공업고등학교는 감사 결과를 받아들이면서 앞으로 관련 
법령을 준수하여 인건비 지급 업무를 철저히 수행하겠다는 의견을 제시하였다.
조치할 사항     군산기계공업고등학교장은  과다 지급된 인건비 250,210원을 
대상자로부터‘회수’하였고, 과소 지급된 인건비3,990,380원을 대상자에게 ‘지급’하여 
시정이 완료되었으나 향후 유사사례 등 재발방지를 위하여 관련 내용을 통보하니 업무에 
참고하시고, 교직원 연수 등 자체 계획을 수립하여 시행하시기 바랍니다.[통보(시정완료)]
순 연도 직 대상 연차
일수
사용
일수
미사용
일수
기산정내역 정당산정내역
과소
지급액통상
임금
기지급액
통상
임금
정당
지급액
1
2023
18 0 18 12,986 1,869,930 13,444 1,936,000 66,070
2 14 2 12 11,067 1,062,430 11,306 1,085,390 22,960
3 12 8 4 10,507 336,220 10,746 343,880 7,660
4 25 3 22 11,323 1,992,920 12,807 2,253,970 261,050
합계 357,740"
2.종합감사결과공개(탑재용)1부(신흥고).pdf,PDF,"전주신흥고등학교 종합감사 결과 공개
2025. 11.
 (감 사 관)
전주신흥고등학교 종합감사 결과 공개
 감사결과의 공개는 국민의 알권리 충족과 기관 운영의 투명성을 강화하기 위한 
공익적 조치입니다. 따라서 감사결과 실명이 공개된 모든 기관이 비리에 연관되어 
있는 것은 아님을 알려드립니다. 
□ 감사 개요
○ 감사 기간: 2025. 4. 9.∼4. 11.(3일)
○ 감사 인원: 6명 
○ 감사 범위
 - 교무·학사 2022. 3. 1.~2025. 4. 8.(지난번 감사 이후부터 금번 감사 전일 까지)
 - 행정·회계 2021. 4. 20.~2025. 4. 8.(지난 번 감사  이후부 터 금번  감사 전 일 까지)
□ 감사 결과
 ○ 총괄
신분상(명) 행정상(건)
재정상
조치징계 경고 주의 계 기관
주의 시정 통보 개선 계
·
(0건)
11
(3건)
14
(8건)
25
(11건) · 5 4 · 9 ž 회수(2건)  6,184,280원
  합    계  6,184,280원
 ※ ( )안은 신분상 조치 대상자에 대한 지적 건수 총 합계로 중복 건수 존재
 ○ 분야별 지적건수
 
유형별 교무·학사 예산·회계 인사·기타 시설 계
지적사항 5 3 0 2 10
- 3 -
❍ 지적사항(총 10건)
연번 분야별 지적건명 처분요구
1
교무․학사
Ÿ 학생 출결 관리 부적정 ▪ 주의(2명)
▪ 통보
2 Ÿ 학교생활기록부 ‘행동특성 및
종합의견’ 기재 부적정
▪ 주의(2명)
▪ 통보
3 Ÿ 지필평가 관리 부적정 ▪ 주의(2명)
4 Ÿ 교원 다면평가 관리 부적정 ▪ 주의(2명)
5 Ÿ 학교폭력 가해학생 조치사항
 관리 부적정
▪ 주의(1명)
▪ 시정
▪ 통보
6
예산․회계
Ÿ 현장체험학습 용역계약 및 집행
 부적정
▪ 경고(2명)
▪ 주의(1명)
▪ 시정
7 Ÿ 교비회계 집행 부적정 ▪ 경고(5명)
▪ 시정
8 Ÿ 세출예산 집행과목 미준수 ▪ 경고(4명)
▪ 통보
9
시설
Ÿ 시설공사 설계용역비 산출
 부적정
▪ 주의(2명) 
▪ 시정(회수)
10 Ÿ 시설공사 준공정산 및 준공검사 부적정▪ 주의(2명)
▪ 시정(회수)
- 1 -
일련번호 전주신흥고등학교-1   
전북특별자치도교육청
주의 요구 및 통보
제        목     학생 출결 관리 부적정
소 관  기 관     전주신흥고등학교
조 치  기 관     전주신흥고등학교
내        용
1. 업무개요
  전주신흥고등학교는 “학교생활기록 작성 및 관리지침”과 “학교생활기록부 
기재 요령”에 따라 학생의 교외체험학습과 기타결석 등 학생 출결에 관한 사항을 
관리하고 있다.   
2. 관계법령 및 판단기준  
 가. 교외체험학습 관리 부적정
  「초·중등교육법 시행령」 제48조(수업운영방법 등) 제5항에 따르면 학교의 장은 
교육상 필요한 경우 보호자의 동의를 얻어 교외체험학습을 허가할 수 있고, 이 경우 
학칙이 정하는 범위 안에서 교외체험학습을 수업으로 인정할 수 있다고 되어 있으며, 
교육부의 “학교생활기록 작성 및 관리지침” 제8조(출결상황) [별표8](출결상황 관리)에 
따르면 학교장의 허가를 받은 ‘학교·시도(교육청)·국가를 대표한 대회 및 훈련 
참가, 산업체 실습과정, 교환학습, 교외체험학습, 「학교보건법」 제8조에 따른 
- 2 -
등교중지 등’으로 출석하지 못한 경우에 출석으로 처리하도록 되어 있다.
  또한 교육부의 “2023학년도 학교생활기록부 기재요령”에 따르면 교외체험학습의 
내용은 현장체험학습, 친인척 방문, 가정학습(감염병 위기 경보 단계가 ‘심각, 
경계’ 단계인 경우에 한함) 등으로 할 수 있고, 출결 처리 방법은 ‘교외체험학습 
신청(신청서 및 학습계획서 제출) → 학교장 심사 후 승인 통보 → 교외체험학습 
실시 → 교외체험학습 보고서 제출 → 면담 등을 통한 사실 확인 후 출석 인정 결석 
처리’ 순서로 되어 있으며, 전북특별자치도교육청(구, 전라북도교육청)의 
“체험학습 운영 계획”에 따르면 교외체험학습 신청서 및 보고서, 기타 증빙서류는 
취합하여 5년간 보관하도록 되어 있다. 
 나. 기타결석 관리 부적정
「초·중등교육법」제25조(학교생활기록)에 따르면, 학교의 장은 학생의 학업성취도와 
인성(人性) 등을 종합적으로 관찰·평가하여 학생 지도 및 상급학교의 학생 선발에 
활용할 수 있도록 하기 위하여 교육부령으로 정하는 기준에 따라 학교생활기록을 
작성·관리하여야 한다고 되어 있고, 교육부의 “학교생활기록 작성 및 관리지침” 
제8조(출결상황)에 따르면, ‘결석일수’, ‘지각’, ‘조퇴’, ‘결과’는 질병·미인정·
기타로 구분하여 연간 총 일수 또는 횟수를 각각 입력한다고 되어 있다.
  또한 “2024학년도 학교생활기록부 기재요령”에 따르면 기타결석은 부모·가족 봉양, 
가사 조력, 간병 등 부득이한 개인사정에 의한 결석, 공납금 미납 사유 결석, 공직선거법 
및 정당법에 따른 결석, 기타 합당한 사유에 의한 결석임을 학교장이 인정하는 경우라고 
되어 있다. 
3. 감사결과 확인된 문제점  
 가. 교외체험학습 관리 부적정
  그런데도 전주신흥고등학교 교사 ***은 20**학년도 *학년 *반 *** 학생이 20**. 
- 3 -
**. *. ~ **. *.까지 교외체험학습 실시 후 제출한 보고서를 보관하지 않고 교육
정보시스템(NEIS) 상에 출석인정결석 처리1)를 하지 않는 등 【표】“교외체험학습 
관리 부적정 현황”과 같이 학생 5명의 교외체험학습 관리를 부적정하게 한 사
실이 있다. 
【표】 교외체험학습 관리 부적정 현황 
“기 재 생 략”
 
 나. 기타결석 관리 부적정
  전주신흥고등학교 교사 ***은 20**학년도 *학년 *반 학생 ***가 20**. *. **.‘군입대 
하는 형을 위한 동행’으로 결석한 건에 대하여 학교장 승인 절차 없이 담임
교사 확인서만으로 기타결석 처리한 사실이 있다.
관계기관 의견
  전주신흥고등학교는 감사결과를 받아들이면서 감사 결과 법령 적용 등에 대한 
이견이 없다는 의견을 제시하였다.
조치할 사항 
전주신흥고등학교장은 
① 앞으로 관련 규정과 지침에 따라 학생 출결 관리를 철저히 해 주시고,
②〔통보〕 학생 출결관리와 관련한 자체 연수 등을 계획하여 시행해 주시기 
바라며,
③〔주의〕 관련자에게 ‘주의’ 조치하시기 바랍니다. [주의 2명]
1) 학교생활기록부 기재 요령에 따르면 출석 처리와 출석 인정 처리는 둘 다 수업 일수로 집계되나, 출석 처리와 
달리 출석 인정 처리는 해당 일자의 창의적 체험활동 이수시간을 제외함. 
- 4 -
일련번호 전주신흥고등학교-2   
전북특별자치도교육청
주의 요구 및 통보
제        목     학교생활기록부‘행동특성 및 종합의견’기재 부적정
소 관  기 관     전주신흥고등학교
조 치  기 관     전주신흥고등학교
내        용
1. 업무개요
  전주신흥고등학교는 “학교생활기록 작성 및 관리지침”과 “학교생활기록부 
기재 요령”에 따라 학생을 관찰하여 누가 기록된 행동특성을 바탕으로 학생을 
총체적으로 이해할 수 있는 종합의견을 교육정보시스템(NEIS) ‘행동특성 및 종합의견’에 
전산으로 입력하여 관리하고 있다. 
2. 관계법령 및 판단기준  
  「초·중등교육법」 제25조(학교생활기록)에 따르면 학교의 장은 학생의 학업
성취도와 인성(人性) 등을 종합적으로 관찰·평가하여 학생 지도 및 상급학교의 학생 
선발에 활용할 수 있도록 하기 위하여 교육부령으로 정하는 기준에 따라 학교생활
기록을 작성·관리하여야 하고, “학교생활기록 작성 및 관리지침(교육부훈령)” 
제16조(행동특성 및 종합의견)에는 학생을 수시로 관찰하여 누가 기록된 행동특성을 
바탕으로 총체적으로 학생을 이해할 수 있는 종합의견을 담임교사가 문장으로 
입력한다고 되어 있으며, 제4조(처리요령)에 따르면 학교생활기록부 작성에 필요한 
- 5 -
보조부는 각 학교의 실정에 맞게 계획을 수립하여 전산입력·관리하도록 되어 있다. 
  또한 교육부의 ‘20** 학교생활기록부 기재요령’ 학교생활기록부 작성 시 유의
사항에 따르면 학교생활기록부에는 학교교육계획이나 학교교육과정에 따라 
학교에서 실시한 각종 교육활동의 이수상황(활동내용에 따른 개별적 특성이 드러나는 
사항 중심)을 기재하는 것이 원칙이라고 되어 있다.
3. 감사결과 확인된 문제점  
  그런데도 전주신흥고등학교는 20**학년도 *학년 *반 담임교사 ***이 학교생활
기록부 ‘행동특성 및 종합의견’ 항목에서 동일한 내용을 서로 다른 8명의 학생
에게 중복 기재하는 등 【표】“학교생활기록부 행동특성 및 종합의견 중복 기재 
현황”과 같이 교사 2명이 총 10명의 학생에게 학교생활기록부 ‘행동특성 및 종
합의견’을 중복 기재한 사실이 있다.
【표】 학교생활기록부 행동특성 및 종합의견 중복기재 현황
“기 재 생 략”
※ 학교생활기록부 행동특성 및 종합의견 중복 기재 상세 내용 
“기 재 생 략”
관계기관 의견
  전주신흥고등학교는 감사결과를 받아들이면서 감사 결과 법령 적용 등에 대한 
이견이 없다는 의견을 제시하였다.
- 6 -
조치할 사항 
전주신흥고등학교장은
① 앞으로 관련 규정과 지침에 따라 학교생활기록부 ‘행동특성 및 종합의견’ 
기재가 될 수 있도록 해 주시고,
②〔통보〕 학교생활기록부와 관련한 자체 연수 등을 계획하여 시행해 주시기 
바라며,
③〔주의〕 관련자에게 ‘주의’ 조치하시기 바랍니다. [주의 2명]
- 7 -
일련번호 전주신흥고등학교-3
전북특별자치도교육청
주의 요구
제        목     지필평가 관리 부적정
소 관  기 관     전주신흥고등학교
조 치  기 관     전주신흥고등학교
내        용
1. 업무개요
  전주신흥고등학교는 “고등학교 학업성적관리 시행지침 및 관리방안”과 
“신흥고등학교 학업성적관리규정”에 따라 평가 계획을 수립하여 지필평가를 
실시하고 있다. 
2. 관계법령 및 판단기준  
  전북특별자치도교육청(구, 전라북도교육청)의 “고등학교 학업성적관리 시행
지침 및 관리방안”에 따르면 결재된 고사원안, 문항정보표, 채점기준표 등을 
수정할 경우 결재 절차(교과협의회→학업성적관리위원회 심의→학교장 결재→
수정사항 공지→문항정보표 등 재결재, 적용)를 거친 후 수정·보완하여야 하며, 
최종 결재물을 근거로 채점이 이루어져야 하고 평가담당 교사는 수정 전·후의 
자료를 함께 보관한다고 되어 있다. 
  또한 전주신흥고등학교 “20**~20**학년도 학업성적관리규정” 제8조(지필평가)에 
따르면 고사원안, 문항정보표, 채점기준표 등의 내용은 결재 후 수정을 필요로 
- 8 -
할 경우 반드시 결재 절차를 거쳐야 하며, 고사평가계(평가담당부장)는 결재 
절차를 거친 후 수정 전․후의 자료를 함께 보관한다고 되어 있다. 
3. 감사결과 확인된 문제점  
  그런데도 전주신흥고등학교는 20**학년도 *학기 *차고사 *학년 ** 교과 
선택형 5번 문항의 최초 정답 ⑤번을 ②번과 ⑤번으로 복수정답 처리하면서 
수정 전 문항정보표를 보관하지 않는 등 【표】“지필평가 관리 부적정 현황”과 
같이 2023 ~ 2024학년도까지 총 3건의 지필평가 수정 사항에 대해 수정 전 문항
정보표를 보관하지 않은 사실이 있다.
【표】 지필평가 관리 부적정 현황 
“기 재 생 략”
관계기관 의견
  전주신흥고등학교는 감사결과를 받아들이면서 감사 결과 법령 적용 등에 대한 
이견이 없다는 의견을 제시하였다.
조치할 사항 
전주신흥고등학교장은
① 앞으로 관련 규정과 지침에 따라 지필평가 관리를 철저히 해 주시고, 
②〔주의〕 관련자에게 ‘주의’ 조치하시기 바랍니다. [주의 2명]
- 9 -
일련번호 전주신흥고등학교-4   
전북특별자치도교육청
주의 요구 
제        목     교원 다면평가 관리 부적정
소 관  기 관     전주신흥고등학교
조 치  기 관     전주신흥고등학교 외 1개 기관
내        용
1. 업무개요
  전주신흥고등학교는 교원 성과상여금 지급을 위해 다면평가관리위원회를 
구성하고 다면평가 기준안을 만들어 다면평가를 실시하고 있다. 
2. 관계법령 및 판단기준  
  「공무원수당 등에 관한 규정」 제7조의2(성과상여금 등)에 따르면 공무원 중 
근무성적, 업무실적 등이 우수한 사람에게는 성과상여금을 지급한다고 되어 있고, 
전북특별자치도교육청(구, 전라북도교육청)의 “2022~2024년 교육공무원 성과상여금 
지급 지침”에 따르면 사립학교 교사는 공립학교 평가 방법을 준용하여 성과
(다면)평가가 철저히 이루어지도록 하여야 한다고 되어 있으며 교원업적평가 중 
다면평가 결과(정량평가, 정성평가)를 교사 성과상여금 평가에 활용하되, 단위학교별 
정성평가 반영 비율은 0~20% 중에서 자율 결정하고 다면평가 평가지표는 전체 
교원의 의견 수렴 과정을 거쳐 다면평가관리위원회에서 심의하도록 되어 있다. 
- 10 -
3. 감사결과 확인된 문제점  
  그런데도 전주신흥고등학교는 20**~20**년 교육공무원 성과상여금 지급을 
위한 다면평가 대상자별 정량평가 기준안을 만들면서 교원의 의견 수렴 절차를 
거치지 않고 20**년 다면평가 기준안을 그대로 사용한 사실이 있고, 
  20**~ 20**년 기준안에 대한 다면평가관리위원회의 심의 절차를 거치지 않은 
사실이 있다.
※ 다면평가 기준 선정을 위한 교원 의견 수렴 및 심의 부적정 현황 
“기 재 생 략”
관계기관 의견
  전주신흥고등학교는 감사결과를 받아들이면서 감사 결과 법령 적용 등에 대한 
이견이 없다는 의견을 제시하였다.
조치할 사항 
전주신흥고등학교장은 
① 앞으로 관련 규정과 지침에 따라 다면평가 업무를 처리해 주시고, 
②〔주의〕 관련자에게 ‘주의’ 조치하시기 바랍니다. [주의 1명]
전북특별자치도교육감은
①〔주의〕 관련자에게 ‘주의’ 조치하시기 바랍니다. [주의 1명]
- 11 -
일련번호 전주신흥고등학교-5   
전북특별자치도교육청
주의·시정 요구 및 통보
제        목     학교폭력 가해학생 조치사항 관리 부적정
소 관  기 관     전주신흥고등학교
조 치  기 관     전주신흥고등학교
내        용
1. 업무개요
  전주신흥고등학교는 「학교폭력예방 및 대책에 관한 법률」 및 전북특별
자치도교육청의“학교폭력 사안처리 가이드북”지침에 따라 학교폭력 업무를 
처리하고 있다.
2. 관계법령 및 판단기준
  교육부의 “학교생활기록부 기재요령(고등학교)” 및 전북특별자치도교육청
(구, 전라북도교육청)의“20**년 학교폭력 사안처리 가이드북”에 따르면 
학교폭력대책심의위원회에서 결정된 가해학생의 조치사항1)은 ‘가해학생 
조치사항 관리(유보)대장’에 기재하도록 되어 있으며, 가해학생의 조치사항 중 
제1호부터 제3호까지는 학교생활기록부에 조건부 기재 유보하고, 가해학생이 
조치이행 기간 내에 조치사항을 이행하지 않거나 동일 학교급에서 다른 
1) 「학교폭력예방 및 대책에 관한 법률」 제17조(가해학생의 조치) 제1항의 각 호
   제1호(서면사과), 제2호(접촉·협박 및 보복행위의 금지), 제3호(학교에서의 봉사), 제4호(사회봉사), 
   제5호(특별교육 이수 또는 심리치료), 제6호(출석정지), 제7호(학급교체), 제8호(전학), 제9호(퇴학처분)
- 12 -
학교폭력 사안으로 조치를 받은 경우에는 소급하여 기재한 후 졸업과 동시에 
삭제처리 하며, 제4호부터 제6호까지는 학교생활기록부에 기재하고 졸업일
로부터 2년 후에 삭제하여야 하나 일정 요건1)을 충족할 시에는 졸업 직전 
학교폭력 전담기구의 심의를 거쳐 졸업과 동시에 삭제할 수 있다고 되어 있다.
  또한, 같은 지침에 따르면 가해학생의 전학 등 학적변동 시 전출교에서는 
전입교로 ‘가해학생 조치사항 관리(유보)대장’을 공문으로 송부하고, 
전입교에서는 비공개 문서로 대장을 관리·보유하여야 한다고 되어 있다. 
3. 감사결과 확인된 문제점
  그런데도 전주신흥고등학교는 20**. **. **.자로 **고등학교에서 전입학한 *
학년 *반 *** 학생이 20**. **. **. 전출교에서 조치받은 제2호(접촉 ․협박 
및 보복행위의 금지) 조치가 학교생활기록부에 기재2)되어 있었음에도 
20**. *. *. 졸업과 동시에 삭제 처리하지 않아 2025. 4월 감사일 현재까지 
학교생활기록부에 그대로 남아 있고, 
 또한, 동일 사안의 제6호(출석정지) 조치에 대하여는 졸업 직전에 학교폭력 
전담기구의 심의를 거쳐 졸업과 동시에 삭제할지 여부를 결정하였어야 함
에도 삭제 여부를 심의하지 않은 채 그대로 있는 등 가해학생 조치사항의 
학교생활기록부 삭제 업무를 부적정하게 처리한 사실이 있다.
 ※ **고등학교는 20**. **. **. *** 학생의 ‘가해학생 조치사항 관리(유보)대장’을 발송3)
하였고, 전주신흥고등학교는 같은 날짜에 해당 공문을 접수하여 인성인권부장이 업무
관리자로서 결재하고도 학교폭력 담당교사에게 안내 등을 하지 않아 학교폭력 담
당교사는 해당 사실을 알지 못하였음.
1) ①졸업 예정학생일 것 ②재학 기간 중 2건 이상의 학교폭력 사안으로 가해학생 조치를 받지 않은 학생일 것 
    ③조치 결정일자로부터 졸업학년도 2월의 말일까지 6개월이 경과되었을 것
2) 제2호 조치는 조건부 기재 유보사항이나, 전출교(**고등학교)에서 업무착오로 학교생활기록부에 기재함
3) **고등학교-13035(20**.11.22.) ‘20**년 학교폭력 가해학생 조치사항 관리대장 발송’
- 13 -
※ 학교폭력 가해학생 조치사항 학교생활기록부 삭제 처리 부적정 현황
“기 재 생 략”
관계기관 의견
  전주신흥고등학교는 감사결과를 받아들이면서 감사 결과 법령 적용 등에 대한 
이견이 없다는 의견을 제시하였다.
조치할 사항  
전주신흥고등학교장은 
① 앞으로 관련 규정과 지침에 따라 학교폭력 가해학생 조치사항이 관리될 수 
있도록 해 주시고,
②〔시정〕 학교생활기록부에 기재된 졸업생 ***의 「학교폭력예방 및 
대책에 관한 법률」 제17조 제1항 제2호 조치사항을 관련 규정과 
지침에 따라 삭제 처리하여 주시기 바라며,
③〔통보〕 졸업 직전 학교생활기록부 삭제 여부를 심의하지 않은 제6호 
조치사항에 대하여 “학교폭력 사안처리 가이드북”지침 및 관련 
규정에 따라 삭제 처리 여부를 결정하고 적정한 조치를 하시기 
바랍니다.
④〔주의〕 관련자에게 ‘주의’ 조치 하시기 바랍니다. [주의 1명]
- 14 -
일련번호 전주신흥고등학교-6   
전북특별자치도교육청
경고 및 주의 ․ 시정 요구
제        목     현장체험학습 용역 계약 및 집행 부적정
소 관  기 관     전주신흥고등학교
조 치  기 관     전주신흥고등학교
내        용
1. 업무 개요
  전주신흥고등학교는 체험중심의 다양한 활동을 위하여 ‘20**학년도 테마식 
현장체험학습 위탁용역’을 「지방자치단체를 당사자로 하는 계약에 관한 법률 
시행령」 제18조(2단계 입찰)에 따라 공고하고 있다.
2. 관계법령 및 판단기준  
 가. 입찰공고 기간 미준수 및 변경 계약 미실시
  「지방자치단체를 당사자로 하는 계약에 관한 법률」제22조(물가 변동 등에 
따른 계약금의 조정)에 따르면 지방자치단체의 장 또는 계약담당자는 공사ㆍ물품
ㆍ용역, 그 밖에 재정지출의 원인이 되는 계약을 체결한 후 물가 변동 및 설계 
변경, 그 밖에 계약 내용의 변경으로 인하여 계약 금액을 조정할 필요가 있으면 
대통령령으로 정하는 바에 따라 그 계약금액을 조정한다고 되어 있다.
  또한 같은 법 시행령 제18조(2단계 입찰) 및 제35조(입찰공고의 시기) 제5항에 
따르면 2단계 입찰에 따른 규격입찰이나 기술입찰의 경우에는 추정가격이 1억원 
- 15 -
이상 10억원 미만인 경우 규격·기술 입찰서 또는 제안서 제출 마감일의 전날
부터 기산하여 20일 전에 공고하여야 한다고 되어 있다.
나. 야간 안전요원 범죄 전력조회 미실시 및 계약 서류 미징구
  ｢아동·청소년의 성보호에 관한 법률｣ 제56조(아동·청소년 관련기관 등에의 
취업제한 등) 제1항과 ｢아동복지법 시행령｣ 제29조의3(아동관련기관의 취업제한 
등)에 따르면 성범죄, 아동학대 관련 범죄로 형 또는 치료감호를 선고받아 확정된 
사람은 일정기간 동안 아동·청소년 관련기관 등에 취업 또는 사실상 노무를 
제공할 수 없으며,
  아동ㆍ청소년 관련기관등의 장은 그 기관에 취업 중이거나 사실상 노무를 
제공 중인 자 또는 취업하려 하거나 사실상 노무를 제공하려는 자에 대하여 
본인의 동의를 받아 관계 기관의 장에게 성범죄의 경력 조회를 요청하여야 한다고 
되어 있다.    
  그리고 전북특별자치도교육청(구, 전라북도교육청)의 “현장체험학습 운영 
매뉴얼”에 따르면 현장체험학습 용역 계약 시 숙소, 운송 등을 일괄 위탁 
계약하는 경우 계약서, 견적서, 위탁업체와 숙박·급식업체 등의 계약서를 징구
하도록 되어 있다. 
다. 현장체험학습비 집행잔액 미반환 
  전북특별자치도교육청(구, 전라북도교육청)의 “사학기관 예산편성 및 운영
지침(교비회계)”에 따르면 수익자부담경비는 사업별로 당해 사업 종료 후 10일 
이내에 정산하고 소요 예산, 항목별 비용, 수행업체 및 선정방식 등 세부적 사항을 
포함한 수입 및 지출내역을 학부모에게 공개(학교홈페이지 게시, 가정통신문 
발송 등)하여야 하며 집행잔액은 반환하여야 한다. 다만, 집행잔액이 소액으로 
현실적으로 반환에 실익이 없는 경우 학교운영위원회의 심의를 거쳐 학생
- 16 -
복지비나 불우이웃돕기 성금 등으로 사용하거나 다음 회계연도로 이월 가능
하다고 되어 있다. 
3. 감사결과 확인된 문제점
가. 입찰공고 기간 미준수 및 변경 계약 미실시 
  그런데도 전주신흥고등학교는 20**. 12. 13. ‘20**학년도 2학년 테마식 현장
체험학습 위탁용역(추정 가격 232,930천 원)’ 입찰공고(규격·가격 동시 입찰)를 하면서 
공고기간이 6일 부족한 14일(20**. 12. 13.~12. 27.)만 공고한 사실이 있고,
  20**. 2. 26. ㈜****와 체결한 현장체험학습 위탁용역 계약이 기상악화로 인해 
일부 일정이 취소되어 계약금액이 당초 214,112천원에서 160,862천원으로 53,250
천원 감액 조정되었음에도 이에 대한 변경계약을 체결하지 않은 사실이 있다.
※ 2024학년도 테마식 현장체험학습 위탁용역 계약 부적정 내역 
“기 재 생 략” 
나. 야간 안전요원 범죄 전력조회 미실시 및 계약 서류 미징구
  전주신흥고등학교는 20**. 2. 26. ㈜****와 ‘20**학년도 2학년 테마식 
현장체험학습 위탁용역’계약(20**. 4. 1.~4. 4., 제주도, 계약금액 214,112천원)을 
체결하면서 계약 사항에 야간 안전요원(4명, 2,800천원)과 가이드(1명, 489천원)가 
포함되어 있음에도 계약상대자로부터 야간 안전요원 및 가이드에 대한 성범죄 
및 아동학대 범죄 전력조회 동의서를 징구받아 전력조회를 실시하지 않았으며, 
㈜****와 계약한 숙박업체 및 급식업체 계약서를 징구하지 않은 사실이 있다.
※ 야간 안전요원 범죄 전력조회 미실시 및 위탁 구비 서류 미징구 내역
                                                             
“기 재 생 략”
- 17 -
 다. 현장체험학습비 집행잔액 미반환
  전주신흥고등학교는 20**. 4. 17. 교사 ***가 ‘20**학년도 2학년 현장체험학습 
항공료 환불 관련 건’으로 수익자부담경비 집행잔액(1,681,020원)을 반환요청
하였으나 학부모에게 이를 반환하지 않은 사실이 있다.
※ 현장체험학습비 집행잔액 미정산 내역
“기 재 생 략”
- 18 -
관계기관 의견 
  전주신흥고등학교는‘현장체험학습 용역계약 및 집행 업무 부적정’지적에 
대한 이의 사항 없다는 의견을 제시하였다.
조치할 사항 
전주신흥고등학교장은 
① 앞으로 관련 규정과 지침에 따라 현장체험학습 운영이 이루어질 수 있도록 
하여 주시고,
②〔시정〕 미반환된 수익자부담경비 항공료 집행잔액 1,681,020원을 학부모
에게 반환 조치하시기 바랍니다.
③〔경고〕 관련자에게 ‘경고’ 조치하시기 바랍니다. [경고 2명]
④〔주의〕 관련자에게 ‘주의’ 조치하시기 바랍니다. [주의 1명]
- 19 -
일련번호 전주신흥고등학교-7   
전북특별자치도교육청
경고 및 시정 요구
제        목     교비회계 집행 부적정
소 관  기 관     전주신흥고등학교
조 치  기 관     전주신흥고등학교 외 2개 기관
내        용
1. 업무 개요
 전주신흥고등학교는 학교에 속하는 회계와 법인의 업무에 속하는 회계로 구분
하여 운영하고 있다.
2. 관계법령 및 판단기준  
  「사립학교법」제29조(회계의 구분 등) 및 「사학기관 재무회계 규칙」제4조
(재무와 회계운영의 기본원칙)에 따르면 학교법인의 회계는 그가 설치 ․ 경영
하는 학교에 속하는 회계와 법인의 업무에 속하는 회계로 구분하고 있으며, 
법인과 학교의 재무와 회계는 건전하게 운영하여야 하고, 
 「사립학교법」제16조(이사회의 기능) 및 제53조의2(학교장이 아닌 교원의 임용)에 
따르면 교원의 임용에 관한 사항은 학교법인 이사장의 권한으로 해당 학교의 
장이 제청하여 이사회 의결을 거쳐 이사장이 임용하도록 되어 있고, “학교
법인 호남기독학원 정관”제39조(임용)에 따르면 교원의 임용은 학교장의 제청
으로 이사회의 의결을 거쳐 이사장이 임용한다고 되어 있다.
- 20 -
  또한 「사학기관 재무·회계 규칙」제15조의2(예산과목의 구분)에 따르면 법인의 
업무에 속하는 회계와 학교에 속하는 회계의 예산과목의 구분은 별표 1부터 
별표 4까지에 따른다고 명시 되어 있고, 전북특별자치도교육청(구, 전라북도
교육청)에서 매년 배포한 “교비회계 예산 검토·분석 결과”에 따르면 교비회계에 
편성 가능한 경비만 계상하고 잘못된 사례로 신규교사 채용업무비 계상(교사 
임용에 관한 사항은 학교법인 이사장 권한)을 명시하고 있다.
3. 감사결과 확인된 문제점 
  그런데도 전주신흥고등학교는 20**. 1. 26. 학교법인 호남기독학원의 법인회계
에서 부담해야 할 ‘20**년 본교 미술 신규교사 채용 실기시험 모델료 지급’ 
120,000원을 교비회계에서 집행하는 등 【표】“교비회계 집행 부적정 내역”과 
같이 20**~20**회계연도 총 7건, 합계 5,542,000원을 법인회계가 아닌 교비
회계에서 집행한 사실이 있다.
[표] 교비회계 집행 부적정 내역
 (금액단위: 원)
순 회계
연도 건명 지출일 지출금액 기 
지출회계
정당
지출회계 비 고
1
20**
20**년 본교 미술 신규교사 채용 
실기시험 모델료 지급 20**-**-** 120,000 교비회계 법인회계
2 20**학년도 임용에 따른 외부 평가
위원 사용의 건(위원수당) 20**-**-** 2,380,000 교비회계 법인회계
3
20**
20**학년도 신규임용에 따른 외부
평가위원 경비 20**-**-** 950,000 교비회계 법인회계
4 2월1차 20**학년도 신규임용에 
따른 외부평가위원 [식사] 20**-**-** 69,000 교비회계 법인회계
5 20**
20**학년도 신규교원임용 
평가에 따른 경비 사용건 
(평가위원, 면접대상자 여비)
20**-**-** 1,373,000 교비회계 법인회계
6 20** 20**학년도 임용평가에 따른 
예산 사용(수당) 20**-**-** 440,000 교비회계 법인회계
- 21 -
관계기관 의견 및 검토결과
  전주신흥고등학교는 교원신규임용에 대한 외부평가위원 수당 및 기타경비 
집행에 있어 본 법인의 특성상 학교장 주관하에 임용절차를 진행하게 되어 
있으며, 전북사학법인이사장 명의로 발송된 문서 ‘20**학년도 사립학교 신규
교사 채용 관련 회의자료’에 따라 신규교원 채용 관련 교비회계 예산편성에 
준하여 집행하였다는 의견을 제시하였다.
  그러나 ‘20**학년도 사학기관 교비회계 예산 검토 분석 결과 알림(전주
신흥고)’(예산과-7802, 20**. 6. 7.)에 따르면 신규교사채용업무비 계상은 
학교법인 이사장 권한으로 잘못된 사례라고 명시되어 있어 관계기관 의견을 
인정하기 어렵다.
조치할 사항 
전주신흥고등학교장은 
① 앞으로 관련 규정과 지침에 따라 교비회계 업무를 철저히 하여 주시고,
②〔경고〕 관련자에게 ‘경고’ 조치하시기 바랍니다. [경고 3명]
학교법인 호남기독학원이사장은 
①〔시정〕 교비회계에서 지급한 신규교사 채용비 5,542,000원을 법인회계
에서 교비회계로 전출하시기 바랍니다.
전북특별자치도교육감은 
①〔경고〕 관련자에게 ‘경고’ 조치하시기 바랍니다. [경고 2명]
순 회계
연도 건명 지출일 지출금액 기 
지출회계
정당
지출회계 비 고
7
1월 2차 20**학년도 임용평가에 
따른 예산 사용건(1차평가, 위원
수당 및 식사비)
20**-**-** 210,000 교비회계 법인회계
합 계 5,542,000
- 22 -
일련번호 전주신흥고등학교-8   
전북특별자치도교육청
경고 요구 및 통보
제        목   세출예산 집행과목 미준수
소 관  기 관   전주신흥고등학교
조 치  기 관   전주신흥고등학교 외 1개 기관
내        용
 1. 업무개요
  전주신흥고등학교는「사학기관 재무․회계 규칙」 및“사학기관 예산편성 및 
운영지침(교비회계)”에 따라 교비회계 예산을 편성하여 집행하고 있다.
 2. 관계법령 및 판단기준
  「사학기관 재무․회계 규칙」제15조의2(예산과목의 구분)에 따르면 학교회계 
세출예산 과목의 성질별 구조는 인건비, 운영비, 자산취득비, 예비비 및 기타로 
되어 있다.
  또한 전북특별자치도교육청(구, 전라북도교육청)의“20**~20**학년도 사학기관 
예산편성 및 운영지침(예산과)”에 따르면 세출예산은 예산과목(원가통계
비목)별로 적용범위가 구분되어 있고, 교육운영비는 학생 교과활동 지원을 위해 
소요되는 각종 경비이며 업무추진비는 각급 학교의 운영 및 유관기관과의 
업무추진, 직책수행 등의 직무수행에 소요되는 제반경비, 학교 교육계획에 의한 
주요행사 및 각종 교육사업 등 원활한 사업추진을 위해 소요되는 경비라고 
- 23 -
되어 있다. 그리고 교직원 간담회, 교직원 협의회, 학부모회 운영에 필요한 경비는 
반드시 업무추진비에 계상하여야 하고, 교육활동을 위한 워크숍 및 협의회
경비는 교육운영비로 예산편성 및 집행이 불가하다고 되어 있다. 
   3. 감사결과 확인된 문제점
  그런데도 전주신흥고등학교는 20**. 4. 27.‘20**년도 진로진학연구 교사동아리 
진진교동 4월 협의회’간식을 구입하면서 업무추진비가 아닌 교육운영비에서 
90,000원 집행하는 등 【표】“세출예산 집행과목 미준수 내역”과 같이 20** ~ 
20**회계연도까지 총 50건, 합계 7,192,280원을 정당 집행과목이 아닌 교육운영비 
등에서 집행한 사실이 있다.
【표】 세출예산 집행과목 미준수 내역
“기 재 생 략”
관계기관 의견
  전주신흥고등학교는 감사결과를 받아들이면서 감사 결과 법령 적용 등에 대한 
이견이 없다는 의견을 제시하였다.
조치할 사항
전주신흥고등학교장은
① 앞으로 관련 규정과 지침에 따라 예산 집행이 이루어질 수 있도록 해주시고
②〔통보〕교직원을 대상으로 세출예산 집행 관련 자체교육을 실시하여 주시기 
바라며,
③〔경고〕관련자에게 ‘경고’ 조치하시기 바랍니다. [경고 2명]
전북특별자치도교육감은 
①〔경고〕 관련자에게 ‘경고’ 조치하시기 바랍니다. [경고 2명]
- 24 -
일련번호 전주신흥고등학교-9   
전북특별자치도교육청
주의 및 시정(회수) 요구
제        목     시설공사 설계용역비 산출 부적정
소 관  기 관     전주신흥고등학교
조 치  기 관     전주신흥고등학교
내        용
1. 업무개요
  전주신흥고등학교는 20**년도에‘강당 및 예체능관 석면천장 교체공사
외 설계용역’을 시행하였으며, 이에 대한 공사감독과 준공검사 등의 업무를 
추진하였다.
 2. 관계법령 및 판단기준
 「엔지니어링산업진흥법」제31조(엔지니어링사업의 대가기준 등), 「엔지니
어링사업대가의 기준」제4조(대가산출의 기본원칙)에 따라 대가의 산출은 
실비정액가산방식을 적용함을 원칙으로 한다. 다만 발주청이 엔지니어링
사업의 특성을 고려하여 실비정액가산방식을 적용함이 적절하지 아니하다고 
판단하는 경우 공사비 요율에 의한 방식을 적용할수 있고 제19조(공사비가 
중간에 있을 때의 요율)에 따라 공사비가 요율표의 각 단위 중간에 있을 때의 
요율은 직선보간법에 따라 작성하여야 한다. 또한 「공공발주사업에 대한 
건축사의 업무범위와 대가기준」제8조(대가산출의 원칙) 및 제16조(공사비에 
- 25 -
따른 요율)에 따르면 용역 대가 산출은 발주자가 사업의 특성 및 범위를 
고려하여 공사비요율 또는 실비정액가산식을 적용하도록 하고 있고 공사비 
요율 방식에 따라 대가를 산정함에 있어 공사비가 중간 부분에 있는 경우 
요율은 직선보간법에 따라 산정한다고 되어 있다.
3. 감사결과 확인된 문제점
  그런데도 전주신흥고등학교는 20**. 12. 31. 계약한 “강당 및 예체능관 
석면천장 교체공사외 설계용역(계약금액 12,700,000원)”설계비를 산출하면서 
공사비 요율 방식을 공사비에 6.817% 대신 9.542%로 잘못 적용하여【표1】
“시설공사 설계용역비 산출 과다 지급 내역”과 같이 용역비 3,627,400원을 과다 
지급한 사실이 있다.
【표1】 시설공사 설계용역비 산출 과다 지급 내역
(단위: 원)
용 역 명 계약
일자
완료
일자
계약금액
(원) 계약자
설계비 과다 지급 내역
실제
지급액
(A)
정당
지급액
(B)
과다
지급액
(B)-(A)
강당 및 예체능관 석면
천장 교체공사외 설계
용역
20**.
12.31
20**.
02.01 12,700,000 **********
** *** 12,700,000 9,072,600 △3,627,400
【표1-1】 시설공사 설계용역비 산출 과다 지급 세부 내역
□ 용역명: 강당 및 예체능관 석면천장 교체공사외 설계용역                    (단위: 원)
구분
계약내역서
(A)
실제 지급액
(B)
정당 지급액
(C) 과다
지급액
(C)-(B)요율 금액 요율 금액 요율 금액
건축공사비 275,253,637 275,253,637 　 275,253,637
소계 275,253,637 275,253,637 　 275,253,637
- 26 -
관계기관 의견
  전주신흥고등학교는 감사결과를 받아들이면서 감사 결과 법령 적용 등에 대한 
이견이 없다는 의견을 제시하였다.
조치할 사항 
전주신흥고등학교장은 
① 앞으로 관련 규정과 지침에 따라 시설공사 업무를 처리하여 주시고,
②〔시정〕 과다 지급된 설계비 3,627,400원을 관련 업체(**********)로부터‘회수’
하여 교비회계로 세입 조치하시기 바랍니다.
③〔주의〕 관련자에게 ‘주의’ 조치하시기 바랍니다. [주의 2명]
구분
계약내역서
(A)
실제 지급액
(B)
정당 지급액
(C) 과다
지급액
(C)-(B)요율 금액 요율 금액 요율 금액
설계비
[소계×요율(%)] 9.542% 26,266,008 9.542% 26,266,008 6.817% 18,764,000 △7,502,008
부가가치세 2,626,600 2,626,600 1,876,400 △750,200
총원가 28,892,600 28,892,600 20,640,400 △8,252,200
실시설계비
[총원가×요율(%)] 50% 14,446,300 50% 14,446,300 50% 10,320,200 △4,126,100
계약율 87.911% 12,700,000 87.911% 12,700,000 87.911% 9,072,591 △3,627,409
계수정리 12,700,000 12,700,000 　 9,072,600 △3,627,400
- 27 -
일련번호 전주신흥고등학교-10
  
전북특별자치도교육청
주의 및 시정(회수) 요구
제        목   시설공사 준공정산 및 준공검사 부적정
소 관  기 관   전주신흥고등학교
조 치  기 관   전주신흥고등학교
내      용
1. 업무개요
  전주신흥고등학교는 20**년부터 20**년까지‘본관동 화장실 개선공사 및 
예체능관 창호교체공사’외 1건 시설공사를 시행하고 이에 대한 공사감독과 
준공검사 등의 업무를 추진하였다.
2. 관계법령 및 판단기준 
 가. 품질관리(시험)비 미정산
 「건설기술진흥법」 제56조(품질관리 비용의 계상 및 집행) 제1항 및 제2항에 
따르면 건설공사의 발주자는 건설공사 계약을 체결할 때에는 건설공사의 
품질관리에 필요한 비용을 국토교통부령으로 정하는 바에 따라 공사금액에 
계상하여야 하고, 같은 법 시행령 제92조(품질관리의 지도ᆞ감독 등) 제2항 
및 제4항에 따르면 발주자는 건설사업자 또는 주택건설등록업자가 수립한 
- 28 -
품질관리계획 또는 품질시험계획에 따라 건설공사의 시공 및 사용재료에 
대한 품질관리 업무를 적절하게 수행하고 있는지 확인할 수 있고, 「건설기술진흥법 
시행규칙」 제53조 제2항 및 별표6(품질관리비의 산출 및 사용 기준)에 
따르면 건설사업자는 산출된 품질관리비를 해당목적에만 사용해야 하며, 
품질관리비의 사용명세서 및 증명서류를 갖추어 두고 발주자 등이 요청하는 
경우 이를 제시하여야 하며, 발주자가 확인한 시험성적서 등에 의한 품질
관리 활동 실적에 따라 정산하여야 한다.
  나. 시설공사 미시공
  「지방자치단체를 당사자로 하는 계약에 관한 법률」 제16조(감독) 및 제17조
(검사)에 따르면 계약담당자는 공사·물품·용역 등의 계약을 체결한 경우에 
그 계약을 적절하게 이행하도록 하기 위하여 필요하다고 인정하면 계약서·
설계서 및 그 밖의 관계 서류에 따라 감독하거나 소속 공무원 등에게 그 
사무를 위임하여 감독하게 하여야 하며, 계약상대자가 계약의 전부 또는 
일부의 이행을 끝내면 이를 확인하기 위하여 계약서·설계서 및 그 밖의 관계 
서류에 따라 이를 검사하거나 소속 공무원 등에게 위임하여 검사하여야 한다.  
  그리고「지방자치단체를 당사자로 하는 계약에 관한 법률 시행령」 제64조
(검사)제5항에 따르면 검사를 함에 있어서 계약상대자의 계약이행 내용의 
전부 또는 일부가 계약에 위반되거나 부당함을 발견하였을 때에는 지체없이 
필요한 시정조치를 명하여야 한다.
3. 감사결과 확인된 문제점
 가. 품질관리(시험)비 미정산
  그런데도 전주신흥고등학교는 20**. 2. 21. (유)*****와 계약한 “식생활관 환기
설비개선 기계설비공사(계약금액 198,810,000원)”를 준공 처리하면서 품질관리
비를 사용하지 않았음에도 계약금액을 정산하지 않는 등 【표1】“품질관리
- 29 -
비 미정산에 따른 공사비 과다 지급 내역”과 같이 공사비 841,880원을 과다 
지급한 사실이 있다.
【표1】 품질관리비 미정산에 따른 공사비 과다 지급 내역
                                            (단위: 원) 
공사명 계약금액 계약자 계약
일자
준공 
일자
품질관리비 지급내역
실제
지급액
(A)
정당
지급액
(B)
과다
지급액
(B)-(A)
식생활관 환기설비
개선 기계설비공사 198,810,000 (유)*****
대표: ***
20**.
1.8
20**.
2.21. 841,880 0 △841,880
【표1-1】 품질관리비 미정산에 따른 공사비 과다 지급 세부내역
                                                                (단위: 원)
                     구 분
 비 목
요율
(%)
실제 지급액
(A)
정당 지급액
(B)
과다 지급액
(C=A-B)
경
비
품질관리비 (재료비+노무비)×0.5% 742,224 0 △742,224
계 742,224 0 △742,224
일 반 관 리 비 계×1.093513% 8,116 0 △8,116
이           윤 (경비+일관)×2% 15,006 0 △15,006
부 가 가 치 세 공급가액×10.0% 76,534 0 △76,534
총 계(계수정리) 841,880 0 △841,880
  나. 시설공사 미시공
  전주신흥고등학교는 20**. 2. 29. “전주신흥고 본관동 화장실개선공사 및 예체능관 
창호교체공사(계약금액 304,162,400원)”를 준공 처리하면서, 설계도서에 맞지 
않게 세면대 하부장이 시공되지 않았는데도 이를 확인하거나 계약금액을 
정산하지 않는 등 【표2】“미시공에 따른 공사비 과다 지급 내역”과 같이 
공사비 1,715,000원을 과다 지급한 사실이 있다.
- 30 -
【표2】 미시공에 따른 공사비 과다 지급 내역          
 (단위:원)
공사명 계약
금액 계약자 계약
일자
준공 
일자
미시공
내역
과다 지급내역
실제
지급액
(A)
정당
지급액
(B)
과다
지급액
(C=A-B)
전주신흥고 
본관동 화장실 
개선공사 및 
예체능관 
창호교체공사
304,162,400
주식회사
******
대표: ***
20**.
7.25.
20**.
2.29.
세면대
하부장 304,162,400 302,447,400 1,715,000
【표2-1】 미시공에 따른 공사비 과다 지급 세부 내역
     (단위: 원)  
                     구 분
 비 목
요율
(%)
실제 지급액
(A)
정당 지급액
(B)
과다 지급액
(B-A))
순
공
사
원
가
재
료
비
직접재료비 158,323,394 156,851,394 △1,472,000
간접재료비
계 158,323,394 156,851,394 △1,472,000
노
무
비
직접노무비 77,484,190 77,484,190
간접노무비 직접노무비×12.1% 9,453,070 9,453,070
계 86,937,260 86,937,260
경
비
기계경비 1,702,570 1,702,570
산재보험료 노무비×3.7% 3,216,678 3,216,678
고용보험료 노무비×1.01% 878,065 878,065
국민건강보험료 노무비×3.545%
국민연금보험료 노무비×4.5%
노인장기요양보험료 건강보험료×12.81%
퇴직공제부금비 노무비×2.3%
산업안전관리비 (재 료 비+직 접 노 무 비)×2.93% 6,909,161 6,866,032 △43,129
기타경비 (재료비+노무비)×1.0% 2,452,605 2,437,885 △14,720
환경보전비 (재 료 비+직 노+기 경)×0.3% 712,529 708,113 △4,416
소계 15,871,608 15,809,343 △62,265
계 261,132,262 259,597,997 △1,534,265
일 반 관 리 비 (재 료 비+노 무 비+경 비)×1.5% 3,916,983 3,893,969 △23,014
이          윤 (노 무 비+경 비+일 반 관 리 비)× 2 .1 2 6 %2,269,242 2,267,429 △1,813
폐기물처리비 9,192,787 9,192,787
공  급  가  액 276,511,274 274,952,182 △1,559,092
- 31 -
관계기관 의견
  전주신흥고등학교는 감사 결과를 받아들이면서 감사 결과 법령 적용 등에 
대한 이견이 없다는 의견을 제시하였다.
조치할 사항 
전주신흥고등학교장은 
① 앞으로 관련 규정과 지침에 따라 시설공사 준공업무를 처리하여 주시고,
②〔시정〕 과다 지급된 공사비 2,556,880원을 관련 업체[(유)*****(841,880원), 주식회사 
******(1,715,000원)]로부터‘회수’하여 교비회계로 세입 조치하시기 바랍니다.
③〔주의〕 관련자에게 ‘주의’ 조치하시기 바랍니다. [주의 2명]
                     구 분
 비 목
요율
(%)
실제 지급액
(A)
정당 지급액
(B)
과다 지급액
(B-A))
부 가 가 치 세 공급가액×10.0% 27,651,126 27,495,217 △155,909
총 계(계수정리) 304,162,400 302,447,400 △1,715,000"
학교자율형종합감사결과공개자료(탑재용).pdf,PDF,"전라고등학교 학교자율형 종합감사 결과 공개
2025. 10.
 (감 사 관)
- 1 -
전라고등학교 학교자율형 종합감사 결과 공개
 감사결과의 공개는 국민의 알권리 충족과 학교 운영의 투명성을 강화하기 위한 
공익적 조치입니다. 따라서 감사결과 실명이 공개된 모든 학교(기관)가 비리에 
연관되어 있는 것은 아님을 알려드립니다. 
□ 감사 개요
○ 감사 기간: 2025. 7. 7.∼7. 8.(2일간)
○ 감사 인원: 3명 
○ 감사 범위: 2022. 3. 1.∼2025. 5. 18.(교무·학사), 2022. 5. 25.∼2025. 5. 18.(행정·회계)
□ 감사 결과
 ○ 총괄
신분상(명) 조치 행정상(건) 조치
재정상
조치징계 경고 주의 계 기관
주의 통보 시정 개선 계
· · 15 15 · 8 1 · 9 ž 회수(2건)  687,580원
 
 ○ 분야별 지적건수
유형별 학사․평가 행정·회계 시설 계
지적사항 5 3 0 8
- 2 -
 ○ 지적사항(총 8건)
연번 분야별 지적건명 처분
1 학사·평가 Ÿ 지필평가 점수 부여 부적정 Ÿ 주의(2명)
Ÿ 통보
2 학사·평가 Ÿ 수행평가 점수 부여 부적정 Ÿ 주의(13명)
Ÿ 통보
3 학사·평가 Ÿ 교과별 평가계획 학업성적관리위원회 미심의Ÿ 통보
4 학사·평가 Ÿ 학교생활기록부 정정 증빙서류 미첨부 Ÿ 통보
5 학사·평가 Ÿ 학생 출결 관리 부적정 Ÿ 통보
Ÿ 시정
6 인 사·복 무·인 건 비Ÿ 가족돌봄휴가 사용 부적정
Ÿ 통보
Ÿ 시정(회수)
  109,200원
7 예 산·회 계·계 약Ÿ 학교발전기금 집행 부적정 Ÿ 통보 
8 인 사·복 무·인 건 비Ÿ 인건비 지급 부적정
  (시간외근무수당, 연가보상비)
Ÿ 통보
Ÿ 시정(회수)
  578,380원
- 3 -
전북특별자치도교육청
주의 요구 및 통보
제        목     지필평가 점수 부여 부적정
소 관  기 관     전라고등학교
조 치  기 관     전라고등학교
내        용
1. 업무개요
  전라고등학교는 “고등학교 학업성적관리 시행지침 및 관리방안”과 
“전라고등학교 학업성적관리규정”에 따라 평가 계획을 수립하여 지필
평가를 실시하고 있다. 
2. 관계법령 및 판단기준  
  전북특별자치도교육청(구, 전라북도교육청)의 “2024년 고등학교 학업성적관리 
시행지침 및 관리방안”에 따르면 각 학교는 부정행위 예방 대책과 부정
행위자 처리 절차 및 처리 기준을 학업성적관리규정에 마련하고 부정행위 
발생 시 학업성적관리규정에 따라 엄중히 처리하도록 되어 있으며, 교육부의 
“학교생활기록 작성 및 관리지침(교육부훈령)” 제15조(교과학습발달상황) 
1항에 따르면 교과학습발달상황의 평가는 별표 9 ‘교과학습발달상황 평가 
일련번호 전라고등학교-1
- 4 -
및 관리’에 따라 시행한다고 되어 있고, 별표 9의 ‘4조 가. 평가계획 수립’에서는 
교과학습의 평가계획은 각 과목의 교육과정 및 학교·교과의 특성을 감안하여 
교과(학년)협의회에서 수립하고, 이를 학교 학업성적관리위원회의 심의를 
거쳐 학교장이 최종 결정한다고 되어 있다.
  또한 전라고등학교의 “2024학년도 학업성적관리규정”에 따르면 시험 전 반입
금지물품(핸드폰, 스마트기기 등)을 제출하지 않은 경우에는 부정행위로 간주하고 
적발된 시점까지 응시했던 당일 고사 과목은 모두 0점으로 처리하도록 되어 있다. 
3. 감사결과 확인된 문제점  
  그런데도 전라고등학교는 2024학년도 2학기 2차고사 지필평가에서 부정행위
(핸드폰 미제출)로 적발되어 학업성적관리위원회 회의 결과 0점 처리가 결정된 
＊학년 ＊반 ＊번 ▤▤▤ 학생의 ‘◈◈◈◈’ 과목 점수를 0점이 아닌 15.4점으로 
부적정하게 부여한 사실이 있다. 
※ 지필평가 점수 부여 부적정 현황
학년도 학기 고사 학년반 번호 학생명 과목 정당 점수 부여 점수
2024 2학기 2차고사 *** *** *** **** 0점
(부정행위) 15.4점
 ※ 정당 점수 부여시와 비교하여 학생의 성취도 등급에는 변동 없음
관계기관 의견
  전라고등학교는 감사 결과를 수용하면서 앞으로 관련 법령을 숙지하여 
지필평가 관리를 철저히 하겠다는 의견을 제시하였다. 
조치할 사항 
전라고등학교장은 
①〔통보〕 2024학년도 ＊학년 ＊반 ＊번 학생의 ‘◈◈◈◈’ 부적정 점수에 
대해 학업성적관리규정 등 관련 규정과 지침에 따라 적정한 조치를 
하시기 바랍니다. 
②〔주의〕 관련자에게 ‘주의’ 조치하시기 바랍니다. [주의 2명]
- 5 -
전북특별자치도교육청
주의 요구 및 통보
제        목     수행평가 점수 부여 부적정
소 관  기 관     전라고등학교
조 치  기 관     전라고등학교 외 2개 기관
내        용
1. 업무개요
  전라고등학교는 “고등학교 학업성적관리 시행지침 및 관리방안”과 
“전라고등학교 학업성적관리규정”에 따라 평가 계획을 수립하여 수행
평가를 실시하고 있다. 
2. 관계법령 및 판단기준  
  교육부의 “학교생활기록 작성 및 관리지침(교육부훈령)”에 따르면 
수행평가의 점수는 점수화가 가능한 영역의 점수만을 반영하되 기본점수의 
부여 여부, 부여 점수의 범위 등은 시·도교육청의 학업성적관리 시행지침에 
따라 학교의 학업성적관리규정으로 정하게 되어 있다. 
  또한 전북특별자치도교육청(구, 전라북도교육청)의 “고등학교 학업성적관리 
시행지침 및 관리방안”과 전라고등학교의 “2022∼2024학년도 학업성적
일련번호 전라고등학교-2
- 6 -
관리규정”Ⅵ. 수행평가에 따르면 수행평가의 평가영역·요소·방법·
시기·기준·반영 비율, 수행평가 세부기준(배점), 성적처리방법 및 결과의 
활용 등은 교과(학년)협의회에서 정하고 이를 학업성적관리위원회 심의를 
거쳐 학교장이 최종 결정한다고 되어 있다.
3. 감사결과 확인된 문제점  
  그런데도 전라고등학교 교사 ○○○는 2022학년도 1학기 ▩▩▩▩ 교과 
수행평가 ‘☆☆☆☆’ 영역에서 ＊학년 ＊반 ♧♧♧ 학생에게 배점 기준에 
없는 9점을 부여하는 등 【표】“수행평가 점수 부여 부적정 현황”과 같이 
2022~2024학년도 교사 14명이 총 164명의 학생에게 수행평가 배점 기준에 
없는 점수를 부여한 사실이 있다.
【표】 수행평가 점수 부여 부적정 현황(생략)
관계기관 의견
  전라고등학교는 감사 결과를 수용하면서 앞으로 관련 법령을 숙지하여 
수행평가 점수 부여를 철저히 하겠다는 의견을 제시하였다. 
조치할 사항 
전라고등학교장은 
①〔통보〕 교원 연수 등 부적정한 수행평가 점수 부여 방지 대책을 수립하고 
2022~2024학년도에 부적정하게 부여된 수행평가 점수에 대해 학업성적
관리규정 등 관련 규정과 지침에 따라 적정한 조치를 하시기 바랍니다.
②〔주의〕 관련자에게 ‘주의’ 조치하시기 바랍니다. [주의 11명]
- 7 -
전북특별자치도**교육지원청교육장은 
①〔주의〕 관련자에게 ‘주의’ 조치하시기 바랍니다. [주의 2명]
**고등학교장은 
①〔주의〕 관련자에게 ‘주의’ 조치하시기 바랍니다. [주의 1명]
- 8 -
전북특별자치도교육청
통보
제        목     교과별 평가계획 학업성적관리위원회 미심의
소 관  기 관     전라고등학교
조 치  기 관     전라고등학교 
내        용
1. 업무개요
  전라고등학교는 학업성적 평가 및 관리의 적정을 기하기 위해 교육부의 
“학교생활기록 작성 및 관리지침”과 전북특별자치도교육청(구, 전라북도교육청)의 
“학업성적관리 시행지침 및 관리방안”에 따라 학업성적관리규정을 제정하여 
시행하고 있다. 
2. 관계법령 및 판단기준
  교육부의 “학교생활기록 작성 및 관리지침(교육부훈령)” 제15조(교과학습발달상황) 
1항에 따르면 교과학습발달상황의 평가는 별표 9 ‘교과학습발달상황 평가 
및 관리’에 따라 시행한다고 되어 있고, 별표 9의 4조‘평가계획 수립’에서 
교과학습의 평가계획은 각 과목의 교육과정 및 학교·교과의 특성을 감안하여 
일련번호 전라고등학교-3
- 9 -
교과(학년)협의회에서 수립하고, 이를 학교 학업성적관리위원회의 심의를 
거쳐 학교장이 최종 결정한다고 되어 있다.
  또한 전북특별자치도교육청(구, 전라북도교육청)의 “2022~2024년 고등학교 
학업성적관리 시행지침 및 관리방안”에 따르면 학년 초 과목별 연간 
평가계획(평가규정) 심의는 학업성적관리위원회 필수 심의사항으로 되어 있고, 
전라고등학교 “학업성적관리규정”에 따르면 교과별 지필평가 및 수행
평가의 영역, 방법, 횟수, 기준, 반영 비율, 수행평가 세부기준(배점) 등을 
포함한 교과별 평가규정과 연간 평가 계획 수립 후 학업성적관리위원회 심의 
및 학교장 결재를 받게 되어 있다. 
3. 감사결과 확인된 문제점  
  그런데도 전라고등학교는 2022학년도부터 2024학년도 1학기까지의 과목별 
연간 평가 계획을 수립하면서 학업성적관리위원회 심의를 거치지 않고 학교장 
결재만으로 학생 평가를 시행한 사실이 있다.
※ 과목별 평가계획 학업성적관리위원회 미심의 현황
구분 학년도 학기 학업성적관리위원회 심의 학교장 결재
과목별 연간 
평가계획
2022학년도 1, 2학기 X O
2023학년도 1, 2학기 X O
2024학년도 1학기 X O
관계기관 의견
  전라고등학교는 감사 결과를 수용하면서 앞으로 관련 법령을 숙지하여 
과목별 연간 평가 계획 관리를 철저히 하겠다는 의견을 제시하였다. 
조치할 사항 
전라고등학교장은 
①〔통보〕앞으로 관련 법령과 규정 등에 따라 과목별 연간 평가 계획 관리를 
철저히 하여 주시기 바라며, 관련 교원 연수 등 자체 계획을 수립하여 
시행하시기 바랍니다. 
- 10 -
전북특별자치도교육청
통보
제        목     학교생활기록부 정정 증빙서류 미첨부
소 관  기 관     전라고등학교
조 치  기 관     전라고등학교
내        용
1. 업무개요
  전라고등학교는 “학교생활기록 작성 및 관리지침”과 “학교생활기록부 기재 
요령”에 따라 재학생 및 졸업생의 학교생활기록부를 관리하고 있다.  
2. 관계법령 및 판단기준
  교육부의 “학교생활기록 작성 및 관리지침(교육부훈령)” 제19조(자료의 
정정)에 따르면 매 학년이 종료된 이후에는 당해 학년도 이전의 학교생활
기록부 입력 자료에 대한 정정은 원칙적으로 금지하고, 객관적인 증빙자료가 
있는 경우에만 정정이 가능하며, 정정 시에는 반드시 정정내용에 관한 
증빙자료를 첨부하여 정정의 사유, 정정내용 등에 대하여 학교 학업성적관리
위원회의 심의 절차를 거친 후 학교생활기록부 정정대장의 결재 절차에 
따라 재학생은 정정 사항의 발견 학년도 담임교사가, 졸업생은 업무담당자가 
정정 처리해야 한다고 되어 있다.
일련번호 전라고등학교-4
- 11 -
3. 감사결과 확인된 문제점  
  그런데도 전라고등학교 교사 ♥♥♥은 2023. 8. 14., 2023. 9. 5. 총 2회에 
걸쳐 2023학년도 ＊학년 ＊반 ◪◪ 학생의 학교생활기록부 자격증/인증 항목을 
학업성적관리위원회 심의를 거쳐 정정 처리하면서 증빙자료(컴퓨터활용능력 2급 
자격증)를 첨부하지 않은 사실이 있다.
※ 학교생활기록부 정정 증빙자료 미첨부 현황
관계기관 의견
  전라고등학교는 감사 결과를 수용하면서 앞으로 관련 법령을 숙지하여 
학교생활기록부 정정 업무를 철저히 하겠다는 의견을 제시하였다. 
조치할 사항 
전라고등학교장은 
①〔통보〕 앞으로 관련 법령과 규정 등에 따라 학교생활기록부 정정 업무를 
철저히 하여 주시기 바랍니다. 
학 년 도심의
일자
정정
일자
학생명
(학년반)
(담임명)
정정 
항목
오류내용
(정정 전)
정정내용
(정정 후)
정정
사유
부적정 
내용
2023 8. 11. 8. 14
***
자격증
/인증
내용 없음
2022.03.18. 
대한상공회의소 
컴퓨터활용능력 2급
입력누락
증빙
자료
미첨부2023 9. 4. 9. 5
자격증
/인증
2022.03.18. 
대한상공회의소 
컴퓨터활용능력
2급
2022.03.18. 
대한상공회의소 
컴퓨터활용능력 2급 
번호 22-K9-028911
자격번호
미기재
- 12 -
전북특별자치도교육청
시정 요구 및 통보
제        목     학생 출결 관리 부적정
소 관  기 관     전라고등학교
조 치  기 관     전라고등학교
내        용
1. 업무개요
  전라고등학교는 “학교생활기록 작성 및 관리지침”과 “학교생활기록부 기재 
요령”에 따라 출석 인정 결석과 기타결석 등 학생 출결에 관한 사항을 관리
하고 있다.  
2. 관계법령 및 판단기준
  「초·중등교육법」 제25조(학교생활기록)에 따르면, 학교의 장은 학생의 
학업성취도와 인성(人性) 등을 종합적으로 관찰·평가하여 학생 지도 및 
상급학교의 학생 선발에 활용할 수 있도록 하기 위하여 교육부령으로 정하는 
기준에 따라 학교생활기록을 작성·관리하여야 한다고 되어 있다.
  또한 「초·중등교육법 시행령」 제48조(수업운영방법 등) 제5항에 따르면 
학교의 장은 교육상 필요한 경우 보호자의 동의를 얻어 교외체험학습을 
일련번호 전라고등학교-5
- 13 -
허가할 수 있고 이 경우 학칙이 정하는 범위 안에서 수업으로 인정할 수 
있다고 되어 있으며, 교육부의 “2024학년도 학교생활기록부 기재요령”에 
따르면 감염병 위기 경보 단계가 심각, 경계 단계인 경우에 한해 가정학습을 
교외체험학습 승인 사유에 포함한다고 되어 있다. 
  또한 천재지변 또는 법정 감염병 등으로 출석하지 못한 경우와 부득이한 
사유로 학교장의 허가를 받아 결석하는 경우는 출석으로 인정하며 기타결석은 
부모·가족 봉양, 가사 조력, 간병 등 부득이한 개인사정에 의한 결석, 기타 
합당한 사유에 의한 결석임을 학교장이 인정하는 경우라고 되어 있고, 질병으로 
인한 결석은 결석한 날로부터 5일 이내에 의사의 진단서 또는 의견서를 
첨부한 결석계를 제출하여 학교장의 승인을 받도록 되어 있다. 
3. 감사결과 확인된 문제점  
  그런데도 전라고등학교 교사 ◍◍◍은 2022학년도 ＊학년 ＊반 ◷◷◷ 학생이 
2022. 3. 15. 코로나19 유증상으로 결석하였음에도 NEIS 출결 처리를 하지 않는 등 
【표】“학생 출결 관리 부적정 현황”과 같이 2022~2024학년도 교사 11명이 
학생 15명의 출결 관리를 부적정하게 한 사실이 있다.
【표】 학생 출결 관리 부적정 현황
학년도 학년반
(담임명)
학생명
(번호) 결석 일자 결석 사유 NEIS 
출결 처리 부적정 내용
2022
3. 15. (1일) 코로나 유증상 미실시 출석인정결석 미입력
3. 4. (1일) 코로나 확진 기타결석 출석인정결석을 
기타결석으로 잘못 처리함
2023
12. 22. (1일) 교외체험학습 출석인정 교외체험학습 보고서 미첨부
6. 1~6. 9. (6일) 장염 입원 질병결석 결석신고서 및 
증빙서류(입원확인서) 미첨부
4. 17. (1일) 질병결석 미실시 질병결석 미입력
12. 11. (1일) 가정학습 미실시 출석인정결석 미입력
12. 11. (1일) 가정학습 미실시 출석인정결석 미입력
- 14 -
관계기관 의견
  전라고등학교는 감사 결과를 수용하면서 앞으로 관련 법령을 준수하여 
학생 출결 관리를 철저히 하겠다는 의견을 제시하였다. 
조치할 사항 
전라고등학교장은 
①〔통보〕 앞으로 관련 법령과 규정 등에 따라 학생 출결 관리를 철저히 하여 
주시고 관련 교원 연수 등 자체 계획을 수립하여 시행하시기 바랍니다. 
②〔시정〕 부적정하게 처리된 2022~2024학년도 학생의 출결 상황을 정정
처리하시기 바랍니다. 
학년도 학년반
(담임명)
학생명
(번호) 결석 일자 결석 사유 NEIS 
출결 처리 부적정 내용
2023
12. 11. (1일) 가정학습 미실시 출석인정결석 미입력
12. 21. (1일) 가정학습 미실시 출석인정결석 미입력
2024
12. 24. (1일) 독감 미실시 출석인정결석 미입력
7. 22
(3~4교시) 간부수련회 미실시 출석인정조퇴 미입력
7. 22.
(3~4교시) 간부수련회 미실시 출석인정조퇴 미입력
10. 28.~10. 29
(2일) 교외체험학습 미실시 출석인정결석 미입력
11. 8. 
(5~7교시)
학생자치회
워크숍 미실시 출석인정조퇴 미입력
12. 16. (1일) 교외체험학습 미실시 출석인정결석 미입력
- 15 -
전북특별자치도교육청
시정(회수) 요구 및 통보
제        목     가족돌봄휴가 사용 부적정
소 관  기 관     전라고등학교
조 치  기 관     전라고등학교 
내        용
1. 업무개요
  전라고등학교는 「국가공무원 복무규정」 및 「전북특별자치도교육청 교육
공무직원 관리규정」등에 따라 소속 교직원의 복무를 관리하고 있다.
2. 관계법령 및 판단기준
  「국가공무원 복무규정」제20조 제14항, 제15항 및 「전북특별자치도교육감
(전라북도교육감) 소속 교육공무직원 관리규정」 제50조의3(교육공무직원의 
가족 돌봄 등을 위한 휴가)에 따르면 가족돌봄휴가1)는 연간 10일의 범위에서 
1) 가족돌봄휴가 인정 사유
  ① 「영유아보육법」에 따른 어린이집, 「유아교육법」에 따른 유치원 및 「초ㆍ중등교육법」 제2조 각 호의 학교
(이하 이 항에서 “어린이집등”이라 한다)의 휴업ㆍ휴원ㆍ휴교, 그 밖에 이에 준하는 사유로 자녀 또는 손자녀를 
돌봐야 하는 경우
  ② 자녀 또는 손자녀가 다니는 어린이집등의 공식 행사 또는 교사와의 상담에 참여하는 경우
  ③ 미성년자 또는 「장애인복지법」 제2조제2항에 따른 장애인(이하 이 조에서 “장애인”이라 한다)인 자녀ㆍ손자녀의 
병원 진료(「국민건강보험법」 제52조에 따른 건강검진 또는 「감염병의 예방 및 관리에 관한 법률」 제24조 및 
제25조에 따른 예방접종을 포함한다)에 동행하는 경우
  ④ 질병, 사고, 노령 등의 사유로 조부모, 외조부모, 부모(배우자의 부모를 포함한다), 배우자, 자녀 또는 손자녀를 
돌봐야 하는 경우
일련번호 전라고등학교-6
- 16 -
받을 수 있고, 무급으로 하되 자녀를 돌보기 위한 가족돌봄휴가는 연간 2일
(자녀가 2명 이상이거나 장애인인 경우 또는 해당 공무원이 한부모가족지원법 
제4조 제1호의 부 또는 모에 해당하는 경우에는 3일)까지 유급으로 한다고 
되어 있다.
  또한 「국가공무원 복무·징계 관련 예규」에 따르면 자녀 돌봄을 목적으로 
유급 가족돌봄휴가를 사용할 경우 관련 증빙서류를 제출하여야 하며, 부서장은 
유급 가족돌봄휴가 승인 시 관련 증빙서류를 확인하여야 한다고 되어 있으며, 
전북특별자치도교육청(구, 전라북도교육청) “교육공무직원 종합운영계획”에 
따르면 가족돌봄휴가 나이스 상신 시 증빙서류(가정통신문, 알림장, 안내문 등)를 
첨부해야 한다고 되어 있다.
3. 감사결과 확인된 문제점  
  그런데도 전라고등학교 ※※※※※ ☆☆☆는 2023. 7. 18. 자녀 돌봄을 
사유로 유급 가족돌봄휴가를 1일 사용하면서 관련 증빙서류를 제출하지 않는 등 
【표】“유급 가족돌봄휴가 사용 부적정 내역”과 같이 2023~2024년도 총 2명이 
관련 증빙서류를 제출하지 않는 등 유급 가족돌봄휴가를 부적정하게 사용한 
사실이 있고, 
  부서장인 ◭◭은 관련 증빙서류를 확인하지 않고 유급 가족돌봄휴가를 
승인한 사실이 있다.
【표】 유급 가족돌봄휴가 사용 부적정 내역
순 연도 직 성명 사용기간 사용
일수
사유 정당
복무처리
부적정
내역
1 2023 *** *** 2023. 7. 18.(화) 1일 자녀 돌봄 연가 증빙서류 
미첨부
2 2024 *** *** 2024. 5. 23.(목) 1일 자 녀  병 원  진 료 
및  돌 봄 연가 증빙서류 
미첨부
- 17 -
  그 결과, ※※※※※ ☆☆☆는 “유급 가족돌봄휴가 부적정 사용분 연차
수당 과다 지급 내역”과 같이 2023년 합계 109,200원의 연차수당을 과다 
지급 받은 사실이 있다.
※ 유급 가족돌봄휴가 부적정 사용분 연차수당 과다 지급 내역
(단위: 원)
※ 교사 개인별 연가일수는 초과하지 않았으며, 연가보상비와 관련 없음
관계기관 의견
  전라고등학교는 감사 결과를 수용하면서 앞으로 관련 법령을 숙지하여 
복무 관리를 철저히 하겠다는 의견을 제시하였다. 
조치할 사항 
전라고등학교장은 
①〔통보〕앞으로 관련 법령과 규정 등에 따라 복무 관리를 철저히 하여 주시고, 
관련 교직원 연수 등 자체 계획을 수립하여 시행하시기 바랍니다.
②〔시정〕 과다 지급받은 연차수당 109,200원을 관련자(※※※※※ ☆☆☆)로부터 
‘회수’하여 교육비특별회계로 세입 조치하시기 바랍니다.
연도 직 성명
연차사용 및 보상일수
기지급액
(A)
정당
지급액
(B)
과다지급
받은금액
(C=A-B)법정
기지급 정당 지급
사용 연차수당 
지 급 일 수사용 연차수당 
지 급 일 수
2023　 *** *** 16 7.375
(7일3시 간)
8.625
(8일5시간)
8.375
(8일3시 간)
7.625
(7일5시간) 941,860 832,660 109,200
- 18 -
전북특별자치도교육청
통보
제        목     학교발전기금 집행 부적정
소 관  기 관     전라고등학교
조 치  기 관     전라고등학교 
내        용
1. 업무개요
  전라고등학교는 「학교발전기금의 조성·운용 및 회계관리 요령」에 따라 
학교발전기금을 관리·운용하고 있다.
2. 관계법령 및 판단기준
  전북특별자치도교육청 “학교발전기금의 조성·운용 및 회계 관리요령”에 
따르면 사용용도가 교육용 기자재 및 도서의 구입인 경우 교육용 기자재의 
범위는 교육과정 운영에 필요한 교구 및 학생용 도서로 한정하며, 교직원 등의 
각종 수당(인건비), 여비, 연수비, 회식비, 물품(체육비) 구입비 등 및 기타 발전
기금 운영계획 및 조성 목적에 위배되는 사업은 사용을 제한한다고 되어 있다.
일련번호 전라고등학교-7
- 19 -
3. 감사결과 확인된 문제점  
  그런데도 전라고등학교는 학교발전기금의 사용용도가 ‘교육용 기자재 및 도서의 
구입’임에도 2025. 4. 23. ‘교사용 교육용 기자재 구입’으로 USB 메모리(금액 
합계 2,000,000원)를 구입하여 교사 32명에게 지급하는 등 학교발전기금을 부적정하게 
집행한 사실이 있다.
※ 학교발전기금 집행 부적정 내역
(금액 단위: 원)
관계기관 의견
  전라고등학교는 감사 결과를 수용하면서 앞으로 관련 법령을 숙지하여 
학교발전기금 업무를 철저히 하겠다는 의견을 제시하였다. 
조치할 사항 
전라고등학교장은 
①〔통보〕 앞으로 관련 법령과 규정 등에 따라 학교발전기금 관리를 철저히 하여 
주시고, 관련 교직원 연수 등 자체 계획을 수립하여 시행하시기 
바랍니다.
회계
연도
사용용도 지출일자 건명 지출내역 지출금액
2025 교육용 기자재 및 
도서의 구입 2025. 4. 23. 교사용 교육용 
기자재 구입
USB메모리
(62,500원×32개)
2,000,000
- 20 -
전북특별자치도교육청
시정(회수) 요구 및 통보
제        목     인건비 지급 부적정(시간외근무수당, 연가보상비)
소 관  기 관     전라고등학교
조 치  기 관     전라고등학교 
내        용
1. 업무개요
  전라고등학교는 「공무원 수당 등에 관한 규정」, 「공무원 보수 등의 업
무지침」 등에 따라 소속 교직원의 인건비를 지급하고 있다.
2. 관계법령 및 판단기준
 가. 시간외근무수당 지급 부적정
   인사혁신처“공무원보수 등의 업무지침”제7장 공무원수당 등의 업무 
처리기준에 따르면 시간외근무수당 정액분은 정규 근무일을 기준으로 월간 
출근 근무일수가 15일 이상인 공무원에게 지급하고 출근 근무일 수가 15일 
미만인 경우 15일에 미달하는 매 1일마다 15분의 1에 해당하는 금액을 감액
하여 지급하고, 출근(또는 출장) 근무일수를 계산함에 있어 반일연가․외출 등의 
경우에는 사용한 시간을 제외하고 당일에 「국가공무원 복무규정」상 1일 근무
일련번호 전라고등학교-8
- 21 -
시간(8시간)을 모두 근무하는 경우에 출근 근무일수로 인정하며, 초과근무에 
대하여 다른 방법으로 금전적 보상을 하는 경우(방학기간 중 보충수업지도 등)는 
초과근무수당 지급 제외시간에 해당된다고 되어 있다.
 나. 연가보상비 지급 부적정
  「지방공무원 수당 등에 관한 규정」제18조의5(연가보상비) 및 「지방공무원 
보수업무 등 처리지침」에 따르면 연가보상비는 1급 이하 공무원 및 이에 
상당하는 공무원에게 예산의 범위 안(20일 이내)에서 지급하며, ‘지방공무원 
복무규정’에 따라 산정된 연가일수에서 사용한 연가일수를 제외한 미사용 
연가일수에 대하여만 연가보상비를 지급한다고 되어 있다
  또한 「지방공무원 복무규정」제7조(연가일수 및 연가보상비의 지급)에 따르면 
공무원은 재직기간별1)로 최소 11일에서 최대 21일까지 연가 일수를 부여한다고 
되어 있다.. 
3. 감사결과 확인된 문제점 
 가. 시간외근무수당 지급 부적정
  그런데도 전라고등학교는 교사 ◎◎◎의 2022년 9월(8월분) 시간외근무수당 
정액분을 지급하면서 방학 기간 중 방과후학교 수업에 대한 수당을 지급하고서도
시간외근무 일수에서 제외하지 않고 근무일을 잘못 산정하여 5일, 합계 
45,770원의 시간외근무수당 정액분을 과다 지급하는 등 【표1】“방학 중 시간외
근무수당 정액분 과다 지급 내역”과 같이 2022~2024년 교사 9명에게 시간외
근무수당 정액분 합계 276,620원(2022년 4명 107,200원, 2023년 2명 121,390원, 
2024년 3명 48,030원)을 과다 지급한 사실이 있다.
1) 1개월 이상 1년 미만 11일, 1년 이상 3년 미만 15일, 3년 이상 4년 미만 16일, 4년 이상 5년 미만 17일, 5년 이상 
6년 미만 20일, 6년 이상 21일
- 22 -
【표1】 방학 중 시간외근무수당 정액분 과다 지급 내역
(단위 : 원) 
※ 1일 근무시간(8시간)을 모두 근무하는 경우에는 출근 근무일수로 인정
  또한 전라고등학교는 2025. 4. 13. 방과후수업(16:40∼18:20)을 담당한 교사 
▨▨▨에게 방과후학교 강사수당을 지급하고서도 같은 날 시간외근무수당을 
순 대상자
수당
지급
연월
초과
근무
단가
(10일
정액분)
기지급 정당 지급
과다
지급액
(C=A-B)
방학중 근무내용
인정
일수
기지급액
(A)
정당
일수
정당
지급액
(B)
수 업 명
(과 목) 내용
1 *** 2022.9. 137,300 15 137,300 10 91,530 45,770방과후수업
(***)
2022.8.3.~8.5./
8.11.~8.12.
5일(주간 2시간씩) 
중복지급
2 *** 2022.9. 115,140 16 115,140 11 84,430 30,710방과후수업
(***)
2022.8.3.~8.5./
8.11.~8.12.
5일(주간 2시간씩) 
중복지급
3 *** 2022.9. 115,140 17 115,140 13 99,780 15,360방과후수업
(***)
2022.8.4.~8.5./
8.11.~8.12.
4일(주간 2시간씩) 
중복지급
4 *** 2022.9. 115,140 11 84,430 9 69,070 15,360방과후수업
(***)
2022.8.1.~8.2.
2일(주간 2시간씩)  
중복지급
5 *** 2023.2. 130,050 7 60,690 0 0 60,690방과후수업
(***)
2023.1.12.~1.13./
1.16.~1.20.
7일(주간 2시간씩)  
중복지급
6 *** 2023.2. 130,060 9 78,040 2 17,340 60,700방과후수업
(***)
2023.1.12.~1.13./
1.16.~1.20.
7일(주간 2시간씩)  
중복지급
7 *** 2024.8. 120,030 17 120,030 13 104,020 16,010방과후수업
(***)
2024.7.23.~7.26.
4일(주간 2시간씩)  
중복지급
8 *** 2024.8. 120,030 15 120,030 13 104,020 16,010방과후수업
(***)
2024.7.29.~7.30.
2일(주간 2시간씩)  
중복지급
9 *** 2024.9. 120,030 15 120,030 13 104,020 16,010방과후수업
(***)
2024.8.1.~8.2.
2일(주간 2시간씩)  
중복지급
합계 276,620
- 23 -
산정하면서 당일 수당으로 이미 보상된 시간을 제외하지 않고 27,920원의 시간외
근무수당을 과다 지급하는 등 【표2】“시간외근무수당 과다 지급 내역”과 
같이 2023~2025년 교사 8명에게 합계 220,930원(2023년 3명 63,050원, 2024년 1명 
24,010원, 2025년 4명 133,870원) 의 시간외근무수당을 과다 지급한 사실이 있다.
【표2】 시간외근무수당 과다 지급 내역
(단위 : 원) 
 
순 대상자 수업명
방과후수업
강사수당 지급내역 시간외근무수당 지급 내역
수업
일자
수업
시간 지급액
초과
근무
시간
정당
지급
시간
(A)
실제
지급
시간
(B)
착오
지급
시간
(C = B -A )
초과
근무
단가
해당월
초 과 근 무
수령액
(시간)
(D)
정당
초 과
근 무
수령액
(시간)
(E)
과다
지급액
(F=D-E)
1 *** 방 과 후  수 업2023.04.13.16:40~
18:20 2 76,00016:20~
20:56 1:00 3:00 2:00 13,963502,660
(36:00)
474,740
(34:00) 27,920
2 *** 방 과 후  수 업 
2023.06.07.16:40~
18:20 2 76,00016;20~
21:52 2:00 4:00 2:00
11,710152,230
(13:00)
128,810
(11:00) 23,420
2023.06.14.16:40~
18:20 2 76,00016:20~
18:24 0 1:00 1:00
3 *** 방 과 후  수 업2023.06.16.16:40~
18:20 2 76,00016:20~
21:01 1:00 3:00 2:00 11,71081,970
(7:00)
70.260
(6:00) 11,710
4 *** 방 과 후  수 업2024.11.21.16:40~
18:20 2 76,00016:20~
22:11 2:00 4:00 2:00 12,003360,090
(30:00)
336,080
(28:00) 24,010
5 *** 방 과 후  수 업2025.03.17.16:40~
18:20 2 76,00016:20~
21:24 2:00 4:00 2:00 14,742398,030
(27:00)
368,550
(25:00) 29,480
6 *** 방 과 후  수 업2025.04.01.16:40~
18:20 2 76,00016:20~
21:36 2:00 4:00 2:00 13,733274,660
(20:00)
247,190
(18:00) 27,470
7 *** 방 과 후  수 업
2025.04.07.16:40~
18:20 2 76,00016:20~
20:40 1:00 3:00 2:00
12,363148,350
(12:00)
98,900
(8:00) 49,450
2025.04.14.16:40~
18:20 2 76,00016:20~
19:50 0 2:00 2:00
8 *** 방 과 후  수 업2025.04.10.16:40~
18:20 2 76,00016:20~
19:22 0 2:00 2:00 13,733192,260
(14:00)
164,790
(12:00) 27,470
합계 220,930
- 24 -
나. 연가보상비 지급 부적정
  그런데도 전라고등학교는 2022년도 ▦▦▦▦▦▦▦▦▦ △△△의 연가
보상일수가 5일임에도 1일분을 초과한 6일분을 지급하여 연가보상비 
80,830원을 과다 지급한 사실이 있다.
※ 연가보상비 과다 지급 내역
(단위 : 원) 
관계기관 의견
  전라고등학교는 감사 결과를 수용하면서 앞으로 관련 법령을 숙지하여 
인건비 지급 업무를 철저히 하겠다는 의견을 제시하였다. 
조치할 사항
전라고등학교장은 
①〔통보〕 앞으로 관련 법령과 규정 등에 따라 인건비 지급 업무를 철저히 하여 
주시고, 관련 교직원 연수 등 자체 계획을 수립하여 시행하시기 
바랍니다.
②〔시정〕 과다 지급한 인건비 578,380원(시간외근무수당 497,550원, 연가보상비 
80,830원)을 관련자로부터 ‘회수’하여 교육비특별회계로 세입 
조치하시기 바랍니다.
연도 직급 성명 제외
기간
연가
일수
연가
사용
일수
기 지급액
(A)
정당 지급액
(B)
과다지급액
(C=B-A) 비고
(제외기간
발생사유)보상
일수
연가
보상비
보상
일수
연가
보상비
과다
지급
일수
과다
지급액
2022 *** *** 6월 11 6 6 484,950 5 404,120 1 80,830
육아휴직
(2022.1.
~2022.6.)"
고부중감사결과공개.hwp,HWP,
2026년 8월 종합감사 결과 보고서(공개용).pdf,PDF,"【 종합감사 】
2026. 8월 종합감사 결과 보고서
- 해바라기유 -
2026. 9.

- 1 -
2026. 8월 종합감사 결과 보고서
- 해바라기유 -
I. 감사 개요
1. 목적
  ❍ 교무·학사 및 재무·회계 처리의 적정성 여부를 점검하여 유치원 운영의 
건전성과 투명성을 높이고자 함
2. 대상 및 범위
순 대상학교 감사 범위(대상기간) 비고
1 해바라기유치원 2023. 10. 14. ~ 2026. 8. 12. 종합감사
3. 기간 및 인원 
학교명 감사기간 감사
일수
감사
인원
연
인원 비고(인원별 감사일수)
해바라기
유치원 2026. 8. 12. ~ 8. 14. 3 4 12
반장: 행정6급 △△△(3일)
반원: 행정6급 ◉◉◉(3일)
     행정7급 ◆◆◆(3일)
     장학사  ◎◎◎(3일)
     계: 12
- 2 -
4. 감사 중점
구  분 감 사 중 점 비 고
교무·학사
 ㅇ 교무·학사 운영 전반
  (교육과정, 평가, 학교생활기록부, 학적, 생활지도 등)
재무
 ㅇ 학교회계 예산 편성 및 결산
 ㅇ 계약업무(공사, 물품, 용역)
 ㅇ 예산 집행 및 세출의 적정성
 ㅇ 교직원 인건비 지급 적정 여부
 ㅇ 세입세출외현금관리, 학교발전기금, 보조금 등
인사·복무  ㅇ 인사 및 복무관리의 적정 여부
재산·물품  ㅇ 공유재산 임대 및 관리(취득, 처분 등) 현황
 ㅇ 물품의 적정 관리 및 사용
시설관리  ㅇ 시설물 안전 관리 여부
II. 감사 대상 기관 현황
학교
급별 학교명
학교현황 교직원현황 2026.예산액
(단위: 천원) 비고
학급수학생수교원 일반직기타 계
사립(유) 해바라기유 6 102 7 - 4 11 879,294
 ※ 학교현황 및 교직원 현황: 특수학급 및 병설유치원 포함
- 3 -
III. 감사결과
1. 분야별 지적건수
기관명 유형별 학사․평가예산․회계계약․시설․물품 복무 인건비․기타 계
해바라기
유
지적사항 1 2 · · · 3
현지시정 · · · · 1 1
합계 1 2 · · 1 4   
2. 세부 지적내용 및 처분
지적건명 지적내용 처분
 m 해바라기유치원
【학사·평가】
1. 유 치 원  생 활 기 록 부 
관리 소홀
❍ 2023~2024학년도 유치원생활기록부를 작성·관리 
하지 않았으며, 전자기록생산시스템으로 생산·관리
하지 않음. 또한 2025학년도에는 생활기록부 전산 
입력시 진급처리와 재입학 처리를 혼동하여 오기
재하였고, 전입학으로 처리된 유아의 이전 유치원 
생활기록부를 누적관리하지 않음
❍ 2023~2025학년도에 「감염병의 예방 및 관리에 
관한 법률」에 따른 법정 감염병인 독감, 코로나 
등의 출석으로 인정하는 결석에 대하여 결석계 
및 증빙서류를 제출받지 않고 기타 결석 또는 
질병결석으로 처리
❍ 2023~2024학년도의 유치원생활기록부에 일부 유아의 
건강검진 결과를 미입력
【유치원생활기록부 작성 및 관리지침(교육부고시)】
❍ 주의(1명)
- 4 -
3. 현지 조치사항
지적건명 지적내용 처분
【예산·회계】 
1. 유치원회계 예산 
편성 및 집행 
소홀 
❍ 2023~2026회계연도 유치원회계 예․결산 편성 시 
유치원운영위원회 자문 절차 미준수, 추가경정예산 
편성 및 결산 후에 관할청에 미보고
❍ 2023, 2025 회계연도 종료 후에 추가경정예산 편성
【사학기관 재무·회계규칙】
❍ 주의(2명) 
2. 회계연도 독립의 
원칙 미준수
❍ 2024회계연도가 지난 2025. 3. ‘주방배관 공사 및 
온수기 수리 작업비’300,000원을 원인행위하고 
2024회계연도에서 집행하는 등  2024~2025회계연도 
총 7건 합계 7,091,880원(2024회계연도 1건, 2025회계
연도 6건)을 회계연도가 지나서 집행
【사립유치원 재정업무 매뉴얼(전북특별자치도교육청)】
❍ 주의(2명) 
지적건명 지적내용 처분
m 해바라기유치원
1.유치원운영위원회 
운영 부적정
❍ 유치원운영위원회 위원 구성 및 선출 과정에서 
사전 계획을 수립하지 않은 채 선출을 진행하였고, 
학부모위원 선출 시 결격사유 조회를 누락한 사실이 
있음
【학 교(유 치 원)운 영 위 원 회  운 영  계 획  및  업 무 편 람(전 북 특 별 자 치 도 교 육 청)】
❍ 시정"
5.김제동초감사결과공개.hwp,HWP,
2025.4~5월종합감사결과보고서(공개용).hwp,HWP,
감사결과 보고서(삼계중).pdf,PDF,"1  삼계중학교 종합감사결과 및 처분내용
 감사개요
❍ 감사기간: 2026. 6. 9. ~ 6. 11.(3일간)
❍ 감사인원: 총 4명
 감사결과 지적사항
1. 분야별 지적건수(총 6건)
학교명 유형별 학사․평가 인건비·복무예산·회계·기타 계약․시설 계
삼계중
지적사항 1 1 0 1 3
현지시정 0 1 2 0 3
합계 1 2 2 1 6
2. 지적사항 총괄 
학교명
신분상(명) 행정상(건)
재정상
조치징계 경고 주의 계 기관
주의 통보 시정 개선 계
삼계중 · · 3
(3건)
3
(3건) · · · · 0 1
 ※ ( )안은 신분상 조치 대상자에 대한 지적 건수 총 합계임.
3. 세부 지적내용 및 처분
4. 현지 조치사항
지적건명 지적내용 처분
【복무】
1. 복무 사용 
부적정
❍ 건강검진 목적으로 공가를 허가받은 날 건강검진을 
받지 않았고, 그 결과 연차수당 89,250원 과다 지급
【 전북특별자치도교육감 소속 교육공무직원 
관리규정 제47조】
❍ 주의(1명) 
【계약】
2. 시설공사 계약 
부적정
❍ 1개월 미만 공사에 대해 계약상대자와 노무비 구분
관리 제외 승인 절차 미이행, 시설공사 원가계산 시 
고용보험료 제비율을 잘못 적용, 기타경비 계상 없이 
수도광열비 정산
【지방자치단체 입찰 및 계약집행기준 제9장 제9절, 
지방자치단체를 당사자로 하는 계약에 관한 법률 
시행규칙 제6조】
❍ 주의(1명) 
【교무학사】
3. 과학실험실 
안전점검 및 
비치장구 보관 
부적정
❍ 2023~2025학년도 폐시약과 관련한 기록(이월량, 발생량)이 
없 으 나, 2026.3. 실 험  폐 시 약  관 리 대 장 에  이 월 량 이  약  120병 
발생하는 등 과학실 안전점검 관리 및 운영 소홀
【전북특별자치도교육청과학교육원‘과학실험실 안전관리 
기본 계획’, 전북특별자치도교육청 ‘교무학사 업무 
길라잡이 및 각급학교 위원회 및 비치장부 활용 안내’】
❍ 주의(1명) 
지적건명 지적내용 처분
【회계】
1. 법인카드 포인트 
세입조치 소홀
❍ 2024년 이후부터 감사일 현재까지 법인카드 사용
으로 발생한 적립 포인트를 세입조치 하지 않음
【전북특별자치도교육청 학교회계예산편성 및 운영지침】
❍ 시정
지적건명 지적내용 처분
【회계】 
2. 법인카드 관리 
소홀
❍ 2024.7.1. 및 2025.5.1. 법인카드 보관 담당 공무원이 
교체 되었으나 신용카드 사용 내역을 서면으로 인수
인계하지 않음
【전북특별자치도교육청 학교회계예산편성 및 운영지침】
❍ 시정
  
 
 
【인건비】  
3. 인 건 비  지 급  소 홀❍ 교사에 대해 방학중 근무일수를 잘못 산정하여 시간외
근무수당 정액분을 오지급
【공무원보수 등의 업무지침】
❍ 시정(회수)
  (38,190원)"
종합감사 결과 공개 자료.pdf,PDF,"무풍중고등학교 종합감사 결과 공개
2026.  2.
 (감 사 관)
- 1 -
무풍중고등학교 종합감사 결과 공개
 감사결과의 공개는 국민의 알권리 충족과 학교 운영의 투명성을 강화하기 위한 
공익적 조치입니다. 따라서 감사결과 실명이 공개된 모든 학교(기관)가 비리에 
연관되어 있는 것은 아님을 알려드립니다. 
□ 감사 개요
○ 감사 기간: 2025. 11. 25.∼11. 27.(3일간)
○ 감사 인원: 6명 
○ 감사 범위: 2022. 9. 1.∼2025. 11. 24.(교무·학사), 2021. 5. 25.∼2025. 11. 24.(행정·회계)
□ 감사 결과
 ○ 총괄
신분상(명) 조치 행정상(건) 조치
재정상
조치징계 경고 주의 계 기관
주의 통보 시정 개선 계
· · 25
(9건)
25
(9건) · 1 2 · 3 ž 회수(3건)  1,439,070원
ž 지급(1건)  1,350,000원
 
 ○ 분야별 지적건수
유형별 학사․평가 행정·회계 시설 계
지적사항 2 8 2 12
- 2 -
 ○ 지적사항(총 12건)
연번 분야별 지적건명 처분
1 학사·평가 Ÿ 수행평가 관리 부적정 Ÿ 주의(1명)
2 학사·평가 Ÿ 특수교육대상자 개별화교육계획 미수립 Ÿ 통보
3 예 산·회 계·계 약Ÿ 간주처리예산 편성 부적정 Ÿ 주의(2명)
4 예 산·회 계·계 약Ÿ 학교운영위원회 업무 처리 부적정 Ÿ 주의(1명)
5 예 산·회 계·계 약Ÿ 교육공무직원(촉탁직 노동자) 채용 절차 
부적정 Ÿ 주의(2명)
6 예 산·회 계·계 약Ÿ 여비 지급 부적정
Ÿ 주의(3명)
Ÿ 시정(회수)
430,810원
7 예 산·회 계·계 약Ÿ 재정보증보험 설정 부적정 Ÿ 시정
8 예 산·회 계·계 약Ÿ 업무추진비 사용내역 등 미공개 Ÿ 시정
9 예 산·회 계·계 약Ÿ 학교발전기금 관리 및 운용 부적정 Ÿ 주의(6명)
10 인 사·복 무·인 건 비Ÿ 인건비 지급 부적정
Ÿ 주의(3명)
Ÿ 시정(회수)
  680,660원
Ÿ 시정(지급)
  1,350,000원
11 시설 Ÿ 시설공사 설계서 미작성 및 하자검사 미이행Ÿ 주의(5명)
12 시설 Ÿ 시설공사 고용·산재보험료 과다 지급
Ÿ 주의(2명)
Ÿ 시정(회수)
327,600원
- 3 -
전북특별자치도교육청
주  의  요  구
제        목 수행평가 관리 부적정
소 관  기 관 무풍중고등학교
조 치  기 관 ①무풍중고등학교 ②전북특별자치도**교육지원청
내        용
1. 업무 개요
    무풍중고등학교는 학업성적 평가 및 관리의 적정을 기하기 위해 교육부의 
“학교생활기록 작성 및 관리지침” 및 전북특별자치도교육청(구, 전라북도교육청)의 
“중학교·고등학교 학업성적관리 시행지침 및 관리방안”과 “무풍중고등학교 
학업성적관리규정”에 따라 평가 계획을 수립하여 수행평가를 실시하고 있다. 
2. 관계법령 및 판단기준
    교육부의 “학교생활기록 작성 및 관리지침”에 따르면 수행평가의 점수는 점수화가 
가능한 영역의 점수만을 반영하되 기본점수의 부여 여부, 부여 점수의 범위 등은 시·도
교육청의 학업성적관리 시행지침에 따라 학교의 학업성적관리규정으로 정하게 되어 있다. 
일련번호 무풍중고등학교-1
- 4 -
    또한 전북특별자치도교육청(구, 전라북도교육청)의 “중학교·고등학교 학업
성적관리 시행지침 및 관리방안”과 “무풍중고등학교 학업성적관리규정” 제6장 
‘수행평가’에 따르면 수행평가의 평가 영역·요소·방법·시기·횟수·반영 비율, 
수행평가 세부 기준(배점), 기본 점수의 부여 등은 과목별·평가 영역별 비율에 맞게 
교과(학년)협의회에서 세부 계획을 수립하고 학업성적관리위원회 심의를 거쳐 학교장이 
최종 결정한다고 되어 있다.
    아울러 확정된 교과별(학년별) 교수학습 및 평가 운영 계획은 정보공시 등을 통해 
학생 및 학부모에게 공개하고 변경사항이 있는 경우에는 학업성적관리위원회 심의를 
통해 변경된 계획안을 확정하고, 학교장 결재 후 평가 실시 전에 재공지한다고 되어 있다.
3. 감사결과 확인된 문제점  
    그런데도 무풍중고등학교 교사 ○○○는 2024학년도 1학년 1학기 고등학교 ○○ 
교과 수행평가에서 ‘○○○○’ 평가를 ‘○○○○’ 평가로 변경하면서 학업성적
관리위원회 심의 및 학교장 결재를 받지 아니하고 수행평가를 실시한 사실이 있다. 
※ 1학년 1학기 ○○ 교과 수행평가 운영 현황(생략)
    그 결과 수행평가에 대한 객관성과 신뢰성이 저하되었다. 
관계기관 의견     무풍중고등학교는 감사 결과를 수용하면서 앞으로 관련 법령을 
준수하여 수행평가 관리 업무를 철저히 하겠다는 의견을 제시하였다. 
- 5 -
조치할 사항     
무풍중고등학교장은 앞으로 관련 법령과 규정 등에 따라 수행평가 관리 업무를 
철저히 하시기 바라며
전북특별자치도**교육지원청교육장은 관련자에게 주의를 촉구하시기 바랍니다.(주의 1명)
- 6 -
전북특별자치도교육청
통          보
제        목 특수교육대상자 개별화교육계획 미수립
소 관  기 관 무풍중고등학교
조 치  기 관 무풍중고등학교
내        용
1. 업무 개요
    무풍중고등학교는 「장애인 등에 대한 특수교육법」제20조 및 제21조, 교육부의 
「장애인 등에 대한 특수교육법 시행규칙」 제4조, 「장애인 복지법 시행령」제16조 
등에 따라 특수교육대상자에 대한 업무를 처리하고 있다.
2. 관계법령 및 판단기준
    「장애인 등에 대한 특수교육법」 제20조(교육과정의 운영 등) 및 제21조(통합교육)에 
따르면 특수교육기관의 장 및 특수교육대상자가 배치된 일반학교의 장은 제1항에 
따른 교육과정의 범위 안에서 특수교육대상자 개인의 장애유형과 정도, 연령, 현재 
일련번호 무풍중고등학교-2
- 7 -
및 미래의 교육요구 등을 고려하여 교육과정의 내용을 조정하여 운영할 수 있다고 
되어 있고, 특수교육대상자가 배치된 일반학교의 장은 일반교육교원 및 특수교육교원의 
협력을 통하여 차별의 예방, 교육과정의 조정, 제28조에 따른 지원인력의 배치, 교구ㆍ
학습보조기ㆍ보조공학기기의 지원 및 교원연수 등을 포함한 통합교육계획을 수립ㆍ
시행하여야 한다고 되어 있다. 
    또한 교육부의 「장애인 등에 대한 특수교육법 시행규칙」 제4조(개별화교육지원팀의 
구성 등)에 따르면 각급학교의 장은 법 제22조제1항에 따라 매 학년의 시작일부터 
2주 이내에 각각의 특수교육대상자에 대한 개별화교육지원팀을 구성하여야 하고, 
개별화교육지원팀은 매 학기의 시작일부터 30일 이내에 개별화교육계획을 작성하여야 하며, 
개별화교육계획에는 특수교육대상자의 인적사항과 특별한 교육지원이 필요한 영역의 
현재 학습수행수준, 교육목표, 교육내용, 교육방법, 평가계획 및 제공할 특수교육 
관련서비스의 내용과 방법 등이 포함되어야 한다고 되어 있다. 
3. 감사결과 확인된 문제점  
    그런데도 무풍중고등학교 교사 ○○○은 2022학년도 1학기 및 2023학년도 1학기 
고등학교 특수교육대상자에 대한 개별화교육계획을 수립하지 않는 등 [표]와 같이 
특수교육 업무 처리를 부적정하게 수행한 사실이 있다. 
[표] 특수교육대상자 개별화교육계획 미수립 현황(생략)
    그 결과 특수교육대상자의 학습 특성과 요구를 반영한 교육 등 학생의 필요에 
맞는 맞춤형 교육이 제공되지 못할 우려를 초래하였다. 
- 8 -
관계기관 의견     무풍중고등학교는 감사 결과를 수용하면서 앞으로 관련 법령을 
준수하여 특수교육대상자 개별화교육계획 수립 관련 업무 처리를 철저히 수행하겠다는 
의견을 제시하였다. 
조치할 사항     무풍중고등학교장은 앞으로 관련 법령과 규정 등에 따라 특수
교육대상자 개별화교육계획 수립 업무를 철저히 하시기 바랍니다.(통보)
- 9 -
전북특별자치도교육청
주  의  요  구
제        목 간주처리예산 편성 부적정
소 관  기 관 무풍중고등학교
조 치  기 관 ①무풍중고등학교 ②전북특별자치도**교육지원청
 ③**고등학교 
내        용
1. 업무 개요
    무풍중고등학교는 “학교회계 예산편성 및 운영지침”에 따라 예산 편성 업무를 
하고 있다.
2. 관계법령 및 판단기준
    전북특별자치도교육청(구, 전라북도교육청)의 “학교회계 예산편성 및 운영지침”에 따르면 
간주처리예산 편성은 회계연도 말 국가 또는 지방자치단체 등으로부터 목적지정지원금이 
교부되었으나, 현실적으로 학교운영위원회를 다시 소집하여 추가경정예산을 심의하기가 
일련번호 무풍중고등학교-3
- 10 -
어려운 경우에 별도의 절차 없이 학교운영위원회 심의를 받은 것으로 간주하여 심의를 
생략하고 학교장의 예산확정 과정만으로 예산을 성립시키는 것을 말한다고 되어 있고,
    통상적으로 2월에 목적지정사업비가 교부되었으나 회계연도가 종료되는 2월 말이 
되기 전에 다시 모여 학교운영위원회를 개최하는 것에 대한 현실적 한계를 극복하기 
위한 부득이한 예산조치라고 되어있으며, 사전･사후 학교운영위원회에 설명 및 
소명 등을 하여야 한다고 되어 있다. 
3. 감사결과 확인된 문제점 
    그런데도 무풍중고등학교는 2023. 12. 20. 교부된 목적사업비인 중학교 순회교사 
여비 680,000원을 2024. 2. 7. 개최된 학교운영위원회에서 추가경정예산으로 편성하여 
심의를 받지 아니하고 2024. 2. 29.‘무풍중학교 2023회계연도 간주처리예산’으로 
편성하는 등 [표]와 같이 목적사업비 및 기타공공지원금 총 5건, 합계 21,690,000원을 
간주처리 예산으로 편성한 사실이 있고, 
  특히, 간주처리예산 편성 내용에 대해 사전･사후에 학교운영위원회에 설명 및 소명 
등을 하지 않은 사실이 있다.  
[표] 간주처리 예산 편성 부적정 내역(생략)
    그 결과 예산편성 업무의 공정성과 신뢰도 저하를 초래하였다.
관계기관 의견     무풍중고등학교는 감사 결과를 받아들이면서 앞으로 관련 규정을 
준수하여 예산편성 업무를 철저히 수행하겠다는 의견을 제시하였다.
- 11 -
조치할 사항     
무풍중고등학교장은 앞으로 관련 법령과 규정 등에 따라 예산편성 업무를 철저히 
하시기 바랍니다.
전북특별자치도**교육지원청교육장은 관련자에게 주의를 촉구하시기 바랍니다.(주의 1명)
**고등학교장은 관련자에게 주의를 촉구하시기 바랍니다.(주의 1명)
- 12 -
전북특별자치도교육청
주  의  요  구
제        목 학교운영위원회 업무 처리 부적정
소 관  기 관 무풍중고등학교
조 치  기 관 ①무풍중고등학교 ②전북특별자치도**교육지원청
내        용
1. 업무 개요
    무풍중고등학교는 전북특별자치도교육청의 “학교운영위원회 업무편람”등에 따라 
학교운영위원회 업무를 처리하고 있다.
2. 관계법령 및 판단기준
    전북특별자치도교육청의 “학교운영위원회 업무편람”에 따르면 회의종료 후 
학교운영위원회는 학교장에게 회의 결과를 이송해야 하고, 학교운영위원장의 이송 공문을 
함께 첨부하여 위원장의 결재를 받은 후 이송하여야 한다고 되어 있다. 
일련번호 무풍중고등학교-4
- 13 -
3. 감사결과 확인된 문제점 
    그런데도 무풍중고등학교는 2022년 제135회 학교운영위원회(임시회) 회의 결과를 
학교장에게 이송하면서 학교운영위원장의 결재를 받지 아니하는 등 [표]와 같이 
2022~2023년 학교운영위원회 안건 문서 4건을 학교운영위원장 결재 없이 처리(이송)한 
사실이 있다. 
[표] 학교운영위원회 안건처리 이송 문서 미결재 내역(생략)
    그 결과 학교운영위원회 운영의 적정성이 저하될 우려를 초래하였다. 
관계기관 의견     무풍중고등학교는 감사 결과를 받아들이면서 앞으로 관련 규정을 
준수하여 학교운영위원회 업무를 철저히 수행하겠다는 의견을 제시하였다.
조치할 사항     
무풍중고등학교장은 앞으로 관련 법령과 규정 등에 따라 문서 처리 업무를 철저히 
하시기 바랍니다.
전북특별자치도**교육지원청교육장은 관련자에게 주의를 촉구하시기 바랍니다.(주의 1명)
- 14 -
전북특별자치도교육청
주  의  요  구
제        목 교육공무직원(촉탁직 노동자) 채용 절차 부적정
소 관  기 관 무풍중고등학교
조 치  기 관 ①무풍중고등학교 ②전북특별자치도**교육지원청
내        용
1. 업무 개요
    무풍중고등학교는 전북특별자치도교육청(구,전북특별자치도교육청)  “교육공무직원 
종합운영계획” 및 “교육공무직원(청소원 및 경비원) 운영계획”에 따라 청소원 촉탁직 
노동자 재고용 업무를 하고 있다.
2. 관계법령 및 판단기준
    전북특별자치도교육청(구,전북특별자치도교육청) “교육공무직원 종합운영계획”에 
따르면 촉탁직노동자를 재고용할 경우 채용관련서류1) 징구, 노동자 고용 적격성 
평가 실시, 교육공무직원 인사인사위원회 심의 후 심의 결과에 따라 고용 결정을 하고 
노동계약서를 작성하도록 되어있다. 
1) 노동자 재계약 동의서, 건강검진 결과서, 채용결격사유 부존재 확인서 등
일련번호 무풍중고등학교-5
- 15 -
3. 감사결과 확인된 문제점 
    그런데도 무풍중고등학교는 2023. 2. 28. ‘2023학년도 교육공무직원 근로계약’을 
체결하면서 촉탁직 노동자 ○○○에 대하여 채용 관련 서류(노동자 재계약 동의서, 건강
검진 결과서, 채용결격사유 부존재 확인서 등)를 징구하지 않았을 뿐 아니라 노동자 고용 
적격성 평가 및 인사위원회 심의도 거치지 않는 등 [표]와 같이 2023년 및 2025년 
총 2회 촉탁직 노동자 재고용 절차를 준수하지 않은 사실이 있다.
[표] 촉탁직 노동자 재고용 현황(생략)
    그 결과 교육공무직원 채용 절차의 공정성과 신뢰성이 저하되었다. 
관계기관 의견     무풍중고등학교는 감사 결과를 받 아 들 이 면 서 앞으로 관련 규정을 준수하여 
교육공무직원(촉탁직 노동자) 재고용 업무를 철저히 수행하겠다는 의견을 제시하였다.
조치할 사항     
무풍중고등학교장은 
① 앞으로 관련 법령과 규정 등에 따라 교육공무직원(촉탁직 노동자) 재고용 업무를 
철저히 하시기 바라며,
② 관련자에게 주의를 촉구하시기 바랍니다.(주의 1명)
전북특별자치도**교육지원청교육장은 관련자에게 주의를 촉구하시기 바랍니다.(주의 1명)
- 16 -
전북특별자치도교육청
시정·주의요구
제        목 여비 지급 부적정
소 관  기 관 무풍중고등학교
조 치  기 관 무풍중고등학교 등 4개 기관
내        용
1. 업무 개요
    무풍중고등학교는 소속 직원이 공무(公務)로 여행을 하는 경우에 공무의 원활한 
수행을 위하여 “공무원 여비 규정” 등 관련 규정에 따라 소속 직원에게 출장 여비를 
지급하고 있다.
2. 교육훈련여비 지급 부적정
  가. 관계법령 및 판단기준
    ｢공무원 여비 규정｣ 제8조의2(여비의 결제와 정산 등) 제5항에 따르면 ｢공무원 인재
개발법 시행령｣ 제13조 제1항에 따라 교육 대상자로 선발된 공무원에게 지급하는 국내 여비의 
지급 기준, 지급 방법 등에 관한 세부 사항은 인사혁신처장이 정한다고 되어 있고, 
일련번호 무풍중고등학교-6
- 17 -
｢공무원인재개발법 시행령｣에서 위임한 사항 및 동 법령의 시행을 위하여 필요한 
사항을 규정한 “공무원 인재개발 업무처리지침” [별표 1] 교육훈련여비지급기준에 따르면 
근무지외의 지역에 있는 교육훈련기관에 입교하는 경우 합숙 또는 기숙사 이용이 가능한 
경우의 일비는 등록일(입교일), 수료일은 전액, 기타일은 지급하지 않도록 되어 있다.   
    또한 비합숙의 경우의 일비는 등록일(입교일), 수료일은 전액, 기타일은 
공무원 여비규정 [별표 2] 일비의 5할을 지급하도록 되어 있다.
  나. 감사결과 확인된 문제점  
    그런데도 무풍중고등학교 ○○○는 “****** *** ******” 교육훈련(2022. 5. 24. 
~ 2022. 5. 27.) 여비를 지급하면서 출장자가 연수기간동안 합숙하였음에도 등록일
(입교일), 수료일을 제외한 기타일의 일비를 전액 지급하는 등 [표 1] 과 같이 
2022~2024회계연도 교직원 6명에게 총 9건, 합계 262,500원의 교육훈련여비(일비)를 
부적정하게 지급한 사실이 있다.
    
 [표 1] 교육훈련여비(일비) 부적정 지급 내역(생략)                                                 
                              
3. 출장여비 지급 부적정
  가. 관계법령 및 판단기준
    ｢공무원 보수등의 업무지침｣ 공무원 여비업무 처리기준 Ⅲ-2-다, Ⅳ-1-나에 
따르면 공무용 차량(선박 포함) 또는 공무용 차량에 준하는 별도의 차량을 이용하거나 
차량을 임차하여 사용하는 공무원에게는 1만원을 감액하여 지급하도록 되어 있고, 
소속기관의 장은 예산의 부족 또는 그 밖의 사유로 여비를 지급하지 아니할 충분한 
- 18 -
이유가 있다고 인정될 때에는 지급하는 여비를 감액하거나 여비의 전부 또는 일부를 
지급하지 아니할 수 있다고 되어 있다. 또한 여행 중 같은 날에 여비를 달리하여야 할 
경우에는 그중 많은 금액을 기준으로 지급한다고 되어 있다.
  나. 감사결과 확인된 문제점
    그런데도 무풍중고등학교 ○○○는 2021. 12. 6. “2021. 3. 1.자 ○○○○ 제출”과 
“2021. 3. 1.자 ○○○○ 검토” 두 건의 관내, 관외 출장에 대하여 각각 20,000원
(관내)과 40,000원(관외)을 지급하는 등 [표 2] 와 같이 2021~2024회계연도 교직원 9명에게 
총 16건, 합계 168,310원의 여비를 부적정하게 지급한 사실이 있다. 
 [표 2] 출장 여비 부적정 지급 내역(생략)
                                                                         
    그 결과 세출 예산 집행의 적정성이 저하되고 학교 예산의 낭비를 초래하였다.
관계기관 의견     무풍중고등학교는 감사 결과를 받아들이면서 앞으로 관련 
법령을 준수하여 여비 지급 업무를 철저히 수행하겠다는 의견을 제시하였다. 
조치할 사항     
무풍중고등학교장은 
① 앞으로 관련 법령과 규정 등에 따라 여비 지급 업무를 철저히 하시고
② 부적정하게 지급된 여비 430,810원을 대상자로부터 ‘회수’하여 학교회계에 
세입 조치하시기 바랍니다.(시정)
- 19 -
전북특별자치도교육감은 관련자에게 주의를 촉구하시기 바랍니다.(주의 1명)
전북특별자치도**교육지원청교육장은 관련자에게 주의를 촉구하시기 바랍니다.(주의 1명)
전북특별자치도**교육지원청교육장은 관련자에게 주의를 촉구하시기 바랍니다.(주의 1명)
- 20 -
전북특별자치도교육청
시  정  요  구
제        목 재정보증보험 설정 부적정
소 관  기 관 무풍중고등학교
조 치  기 관 무풍중고등학교
내        용
1. 업무 개요
    무풍중고등학교는 전북특별자치도교육청(구,전라북도교육청)의 「전북특별자치도 
(구, 전라북도) 공립학교 회계 규칙」에 따라 재정보증보험을 가입하고 있다.
2. 관계법령 및 판단기준
    「전북특별자치도(구, 전라북도) 공립학교회계 규칙」 제47조(회계관계공무원의 
재정보증) 및 「전북특별자치도(구, 전라북도) 교육비특별회계 소속 회계관계공무원 
재정보증 규칙」 제3조(재정보증)에 따르면 회계관계무원은 재정보증이 없이는 그 
직무를 담당할 수 없고 회계공무원이 임명된 날로부터 30일 이내에 재정보증을 
설정하여야 하며, 재정보증 기간을 1년으로 하여 매년 갱신할 수 있도록 보증
보험으로 가입하여야 한다고 되어 있다. 
일련번호 무풍중고등학교-7
- 21 -
3. 감사결과 확인된 문제점  
    그런데도 무풍중고등학교는 무풍중학교와 무풍고등학교가 각각 별도의 학교회계를 
관리하고 있음에도 [표]와 같이 무풍고등학교에서 회계관계공무원에 대한 재정보증을 
설정하였다는 사유로 2022~2025회계연도 무풍중학교 회계관계공무원의 재정보증을 
설정하지 않은 사실이 있다.
 [표] 무풍중고등학교 재정보증 설정 내역(생략)
    그 결과 공공기관의 재정 건전성과 보증 업무의 투명성이 저하되었다.
관계기관 의견     무풍중고등학교는 감사 결과를 받아들이면서 앞으로 관련 
법령을 준수하여 재정보증 설정 업무를 철저히 수행하겠다는 의견을 제시하였다.
 
조치할 사항     무풍중고등학교장은 
① 앞으로 관련 법령과 규정 등에 따라 재정보증 설정 업무를 철저히 하시고
② 무풍중학교 회계관계공무원에 대한 재정보증보험을 즉시 가입하시기 바랍니다.(시정)
- 22 -
일련번호 무풍중고등학교-8
전북특별자치도교육청
시  정  요  구 
제        목 업무추진비 사용내역 등 미공개
소 관  기 관 무풍중고등학교
조 치  기 관 무풍중고등학교
내        용
1. 업무 개요
    무풍중고등학교는 재정운영의 민주성 및 투명성 확보를 위해 ｢학교회계 
예산편성 및 운영지침｣에 따라 학교회계를 운영하고 있다. 
2. 관계법령 및 판단기준  
    전북특별자치도교육청의 “학교회계 예산편성 및 운영지침”에 따르면 매월 
1회 학교장 업무추진비 사용내역을 금액에 관계없이 정보공개통합홈페이지에 공개하여야 
한다고 되어 있고, 상품권 구매 및 사용 내역은 모든 상품권 구매 및 사용 실적에 
대하여 분기별(1분기: 3~5월, 2분기: 6~8월, 3분기: 9~11월, 4분기: 12월~2월)로 공개
하여야 한다고 되어 있다.(상품권 구매·사용 실적이 없을 시는 공개 생략)
- 23 -
    또한 ｢전북특별자치도(구, 전라북도) 공립학교회계 규칙｣ 제56조(예산·결산의 공개 
및 자료의 제출)에 따르면 학교 실정에 따라 교직원, 학부모, 학교운영위원 등에게 
학교 예산 집행내역을 학교 누리집 학교회계 예·결산 공개 코너에 연 2회 이상 
정기적으로 공개하여야 한다고 되어 있다.
  3. 감사결과 확인된 문제점  
    그런데도 무풍중고등학교는 2023. 9월 무풍중학교 학교장 업무추진비 사용
내역을 정보공개통합홈페이지에 공개하지 않는 등 [표 1] 과 같이 2023~2025년도 학교장 
업무추진비 사용내역 총 12회를 정보공개통합홈페이지에 공개하지 않은 사실이 있다. 
[표 1] 학교장 업무추진비 사용내역 미공개 현황(생략)        
    또한 무풍중고등학교는 2022. 1. 28. 무풍중학교 2021학년도 졸업식 물품으로 
문화상품권(금액 150,000원)을 구입하고서도 2021회계연도 4분기 상품권 구매 및 
사용 실적을 공개하지 않는 등 [표 2]와 같이 2021~2025년 총 15회(무풍중학교 7회, 
무풍고등학교 8회)의 분기별 상품권 구매 및 사용 실적을 정보공개통합홈페이지에 
공개하지 않은 사실이 있다. 
 [표 2] 상품권 구매 실적 미공개 현황(생략) 
    또한 무풍중고등학교는 2021 회계연도 예산집행내역을 2021. 9. 9. 학교 누리집 
예산공개방에 1회만 공개하는 등 [표 3]과 같이 2021~2025회계연도 예산집행내역을 
연 1회만 공개하거나 공개하지 않은 사실이 있다.  
[표 3] 예산집행내역 미공개 현황(생략) 
- 24 -
    그 결과 예산 집행의 투명성과 신뢰성이 저하되었다.
관계기관 의견     무풍중고등학교는 감사 결과를 받아들이면서 앞으로 관련 
법령과 지침을 준수하여 정보공개 업무를 철저히 수행하겠다는 의견을 제시하였다. 
조치할 사항     무풍중고등학교장은 
① 앞으로 관련 법령과 규정 등에 따라 정보공개 업무를 철저히 하시고
② 정보공개통합홈페이지와 학교 누리집에 미공개된 내역을 공개하시기 바랍니다.(시정)
- 25 -
전북특별자치도교육청
주  의  요  구
제        목 학교발전기금 관리 및 운용 부적정
소 관  기 관 무풍중고등학교
조 치  기 관 무풍중고등학교 등 기재 6개 기관
내        용
1. 업무 개요
    무풍중고등학교는「초·중등교육법」에 따라 학교발전기금회계를 설치하고 
전북특별자치도교육청(구, 전라북도교육청) “학교발전기금의 조성·운용 및 회계
관리 요령”에 따라 학교발전기금을 관리·운용하고 있다.
2. 관계법령 및 판단기준
    전북특별자치도교육청(구. 전라북도교육청)의“학교발전기금의 조성·운용 및 
회계관리 요령”에 따르면 학교발전기금회계출납명령기관(학교운영위원장) 교체 후 
14일 이내 예금잔액증명서를 첨부한 현금 및 예금현재액조서와 인계인수목록에 인계인수 
연월일과 “인계인수를 필하였음”을 기재한 후 인계인수자 및 입회자가 서명·
날인하여 인계·인수하도록 되어 있다.
일련번호 무풍중고등학교-9
- 26 -
    또한 발전기금 내 장학금 지급대상을 선정하는 것은 학교운영위원회의 심의·의결
사항이므로, 학교운영위원회가 선정 방법을 해당학교 장학금선정위원회 등에 
위임한 경우에도 그 선정결과를 학교운영위원회에 보고하여 심의·의결을 받아야 한다고 
되어 있다. 그리고 장학금을 수여하기 전에 학교운영위원회의 심의 또는 보고가 이루
어져야 하는 것이 원칙이며, 대상이 지정된 장학금 중 긴박한 수여 일정 등 집행이 
불가피한 경우에만 심의·의결 전에 사용이 가능하며, 즉시 집행하는 경우에도 
학교운영위원장에게 사전에 구두 및 서면보고 등의 방법을 통하여 알려야 하며, 
차기 학교운영위원회 회의 시 보고 및 심의·의결을 하여야 한다고 되어 있다.
3. 감사결과 확인된 문제점
    그런데도 무풍중고등학교는 2022. 4. 1. 학교발전기금회계출납명령기관인 학교
운영위원회위원장이 임기만료로 교체되었음에도 [표 1]과 같이 2022~2023회계연도 
학교발전기금회계 사무의 인계·인수서를 작성하지 않은 사실이 있고,
[표1] 학교발전기금회계 사무의 인계‧인수 미실시 내역(생략)
    또한 2022. 4. 25. 학생 ○○○ 외 5명에게 2022학년도 입학생 장학금 
3,000,000원을 집행하면서 사전에 학교운영위원회 심의·의결을 받지 않았을 뿐만 
아니라 집행 후에도 차기 학교운영위원회에 보고 및 심의·의결을 받지 않는 등 
[표 2]와 같이 2022. 4. 25. ~ 2025. 2. 20. 총 18회, 합계 31,400,000원의 장학금을 
집행하면서  학교운영위원회의 보고 및 심의·의결을 받지 않은 사실이 있다.
- 27 -
[표 2] 장학금 지급 대상 학교운영위원회 미심의 내역(생략)
    그 결과 학교발전기금 관리의 투명성과 신뢰성이 저하되었다.
관계기관 의견     무풍중고등학교는 감사 결과를 받아들이면서 앞으로 관련 법령을 
준수하여 학교발전기금 관리 및 운용 업무를 철저히 수행하겠다는 의견을 제시하였다. 
조치할 사항     
무풍중고등학교장은
① 앞으로 관련 법령과 규정 등에 따라 학교발전기금 업무를 철저히 하시기 바라며
➁ 관련자에게 주의를 촉구하시기 바랍니다.(주의 1명)
전북특별자치도교육감은 관련자에게 주의를 촉구하시기 바랍니다.(주의 1명)
전북특별자치도**교육지원청교육장은 관련자에게 주의를 촉구하시기 바랍니다.(주의 1명)
전북특별자치도**교육지원청교육장은 관련자에게 주의를 촉구하시기 바랍니다.(주의 1명)
전북특별자치도**교육지원청교육장은 관련자에게 주의를 촉구하시기 바랍니다.(주의 1명)
**고등학교장은 관련자에게 주의를 촉구하시기 바랍니다.(주의 1명)
- 28 -
전북특별자치도교육청
시정‧주의요구
제        목 인건비 지급 부적정
소 관  기 관 무풍중고등학교
조 치  기 관
 ①무풍중고등학교 ②전북특별자치도**교육지원청
 ③전북특별자치도**교육지원청 ④**고등학교
내        용
1. 업무 개요
    무풍중고등학교는 인사혁신처의 “공무원 보수 등의 업무지침”등 관련 법령과 
지침에 따라 인건비를 지급하고 있다.
2. 관계법령 및 판단기준
    인사혁신처의“공무원 보수 등의 업무지침”에 따르면 국외출장의 경우 시간외
근무 수당, 야간근무수당 및 휴일근무수당을 제외(다만, 시간외근무수당의 정액지급분은 
인정)한 수당 등을 전액 지급한다고 되어 있고, 전북특별자치도교육청의“2025
학년도 현장체험학습 길라잡이”에도 국외출장의 경우 시간외근무수당을 지급할 수 
없다고 되어 있다.
일련번호 무풍중고등학교-10
- 29 -
    아울러 교육부 질의답변 자료(2025. 8. 18.)에도 국외출장 시 시간외근무수당 
정액지급분 이외의 시간외근무수당은 지급하지 않도록 규정한다고 되어 있으며, 
행정안전부 질의답변 자료(2022. 6. 1.)에 따르면 상사의 명에 따라 정규 근무지 외의 장소에서 
공무를 수행하는 것이라는 출장의 정의에 따라 단순히 정규 근무지에서 공항까지 
이동을 이유로 별개의 출장명령을 내리는 것은 불가하다고 되어 있다.
    또한 인사혁신처의“공무원 보수 등의 업무지침” Ⅲ. 가계보전수당 4. 육아
휴직수당에 따르면 육아휴직 시작일로부터 12개월까지 육아휴직 시작일 현재 육아
휴직공무원 호봉 기준 월봉급액의 80퍼센트에 해당하는 금액(상한 1,200천원~1,500천원, 
매년 개정)을 지급하고, 육아휴직수당 총지급액의 15퍼센트에 해당하는 금액은 휴직 
종료 후 복직하여 6개월 이상 계속하여 근무한 경우 7개월째 보수 지급일에 합산하여 
일시불로 지급하도록 되어있다.   
3. 감사결과 확인된 문제점
    그런데도 무풍중고등학교는 2023. 5. 15. ~ 5. 19. 2023 글로벌 역사문화체험 
인솔 및 지도 사유로 국외출장을 실시한 교사 ○○○에게 시간외근무수당 
93,680원을 지급하는 등 [표]와 같이 2023~2025 년 교사 6명의 국외출장 시 
시간외근무수당 합계 680,660원을 부적정하게 지급한 사실이 있다.
[표] 국외출장 시 시간외근무수당 부적정 지급 내역(생략)
    또한 무풍중고등학교는 교사 ○○○가 2022. 3. 1. ~ 2023. 2. 28. 육아휴직 후 
2023. 3. 1. 복직하여 6개월 이상 계속하여 근무하였음에도 2023년 9월 보수지급일에 
육아휴직수당 복직합산금 1,350,000원을 지급하지 아니한 사실이 있다.
- 30 -
※ 육아휴직수당 복직합산금 미지급 현황(생략)
    그 결과 인건비 지급의 일관성과 적정성이 저하되었다. 
관계기관 의견     무풍중고등학교는 감사 결과를 받아들이면서 앞으로 관련 법령을 
준수하여 인건비 지급 업무를 철저히 수행하겠다는 의견을 제시하였다. 
조치할 사항     
무풍중고등학교장은 
① 앞으로 관련 법령과 규정에 따라 인건비 지급 업무를 철저히 하시기 바라며
② 부적정하게 지급된 시간외근무수당 680,660원을 대상자 6명으로부터 ‘회수’
하여 교육비특별회계로 세입 조치하시고, 교사 ○○○에게 미지급된 육아휴직수당 
복직합산금 1,350,000원을 지급하시기 바랍니다.(시정)
전북특별자치도**교육지원청교육장은 관련자에게 주의를 촉구하시기 바랍니다.(주의 1명)
전북특별자치도**교육지원청교육장은 관련자에게 주의를 촉구하시기 바랍니다.(주의 1명)
**고등학교장은 관련자에게 주의를 촉구하시기 바랍니다.(주의 1명)
- 31 -
             
        
전북특별자치도교육청
주  의  요  구
제        목     시설공사 설계서 미작성 및 하자검사 미이행
소 관  기 관 무풍중고등학교
조 치  기 관 무풍중고등학교 등 6개 기관
내        용
1. 업무 개요
    무풍중고등학교는 2022년도에 ‘상담실 환경개선 리모델링 공사’를 시행하고 
이에 대한 공사감독과 준공검사 등의 업무를 추진하였으며, 2021~2025 회계연도에 
‘화재 시각경보기 설치’외 5건의 공사 등 시설공사를 시행하고 이에 대한 하자보수 관리 
및 하자검사 등의 업무를 추진하였다.
2. 시설공사 설계서 미작성
  가. 관계법령 및 판단기준
    「지방자치단체 입찰 및 계약집행기준 」제5장 제3절  2“나”에 따르면 
일련번호 무풍중고등학교-11
- 32 -
계약담당자는 수의계약시(2천만원 미만) 1인으로부터 견적서를 제출받아 제출된 
견적가격을 거래실례가격, 통계작성 승인을 받은 기관이 조사·공표한 가격, 
감정가격, 유사거래 실례가격 등과 비교 검토 후 품질 등을 고려하여 최종 계약
금액을 결정한다고 되어 있다. 또한 ｢지방자치단체를 당사자로 하는 계약에 관한 
법률｣ 제11조 및 ｢공사계약일반조건｣ 제1조, 제3조에 따르면 지방자치단체의 장 또는 
계약담당자는 수의계약시 규격서 및 설계서 등에 따라 예정가격을 작성하고, 시설
공사의 설계서가 완성되면 건축물의 설계도서 작성기준(국토부 고시)에 따라 설계서를 
충분히 검토 후 공사를 발주하여야 한다고 되어 있다.
  나. 감사결과 확인된 문제점
    그런데도 무풍중고등학교는 2022. 5. 9. ○○○○○와 ‘상담실 환경개선 
리모델링 공사(계약금액 12,760,000원)’를 계약하면서 거래실례가격, 통계작성 
승인을 받은 기관이 조사·공표한 가격, 감정가격, 유사거래 실례가격 등을 기준으로 
비교 검토할 수 있는 규격, 수량, 단가 등이 포함된 견적서를 제출받지 아니하고 
‘품명×1식×가격’만을 표시한 견적서를 제출받아 공사비의 적정 여부 및 
계약 사항에 대한 이행 여부 확인이 명확하지 않은 상태에서 공사를 준공 처리하는 등 
시설공사 설계서 작성 업무를 부적정하게 한 사실이 있다.
※ 시설공사 설계서 미작성 현황(2022년)
공사명 계약금액
(원)
계약
일자
준공 
일자 계약업체
설계서 작성여부
견적서 설계도면 시방서
상담실
환경개선 공사 12,760,000 2022.
5. 9.
2022.
5. 30.
품명×1식× 가격
(규격 내역 없음) × ×
자료: 무풍중고등학교 제출자료 재구성
- 33 -
3. 시설공사 하자검사 미이행 
  가. 관계법령 및 판단기준
    ｢지방자치단체를 당사자로 하는 계약에 관한 법률 시행령｣ 제70조(하자검사) 
및 같은법 시행규칙 제69조(하자검사)에 따르면 시설사업이 준공된 후 하자담보책임의 
존속기간 중 연 2회 이상 정기적으로 하자 검사를 하여야 한다고 되어 있고, 담보
책임의 존속기간이 만료되는 경우에는 행정안전부장관이 정하는 바에 따라 지체없이 
따로 검사를 하여야 하며, 하자를 검사하는 자는 하자검사조서를 작성하여야 하고 
계약금액이 3천만원 이하인 계약의 경우에는 하자검사조서의 작성을 생략할 수 
있다고 되어 있다. 또한 같은 법 시행규칙 제69조(하자 검사)에 따르면 담보책임의 
존속기간이 만료되는 경우에는 행정안전부 장관이 정하는 바에 따라 지체없이 따로 
검사를 하여야 한다고 되어 있다.
  나. 감사결과 확인된 문제점
    그런데도 무풍중고등학교는 2021. 9. 1. 준공한 ‘화재 시각경보기 설치(계약금액 
9,790천원)’공사에 대해 하자담보 책임기간(2021. 9. 1. ~ 2022. 8. 31.) 중에 정기
하자검사(연 2회) 및 만료검사를 실시하지 아니하고 하자보수관리부도 기록하지 
않는 등 [표]와 같이 2021~2024년도 총 6건의 공사에 대해 하자검사를 실시하지 
않은 사실이 있다.
[표] 시설공사 하자검사 미이행 현황(생략)
    그 결과 하자발생 여부 확인 및 하자 보수 이행에 대한 관리 점검 체계가 
약화되는 결과를 초래하였다.
- 34 -
관계기관 의견     무풍중고등학교는 감사 결과를 받아들이면서 앞으로 관련 법령을 
준수하여 시설공사 설계서 작성 및 하자검사 업무를 철저히 수행하겠다는 의견을 
제시하였다.
조치할 사항    
무풍중고등학교장은 앞으로 관련 법령과 규정 등에 따라 시설공사 설계서 적정 여부 
확인 및 하자검사가 누락 되는 일이 없도록 관련 업무를 철저히 하고, 
전북특별자치도**교육지원청교육장은 관련자에게 주의를 촉구하기 바랍니다.(주의 1명) 
전북특별자치도**교육지원청교육장은 관련자에게 주의를 촉구하기 바랍니다.(주의 1명) 
전북특별자치도**교육지원청교육장은 관련자에게 주의를 촉구하기 바랍니다.(주의 1명)
전북특별자치도**교육지원청교육장은 관련자에게 주의를 촉구하기 바랍니다.(주의 1명) 
**고등학교장은 관련자에게 주의를 촉구하기 바랍니다.(주의 1명) 
- 35 -
전북특별자치도교육청
시정·주의요구
제        목     시설공사 고용·산재보험료 과다 지급
소 관  기 관 무풍중고등학교
조 치  기 관
 ①무풍중고등학교 ②전북특별자치도**교육지원청
 ③전북특별자치도**교육지원청
내        용
1. 업무 개요
    무풍중고등학교는 2023년도에 “무풍고등학교 관사 외부 도색공사(계약금액 
9,910천원)를 시행하고 이에 대한 공사감독과 준공검사 등의 업무를 추진하였다.
2. 관계법령 및 판단기준
    「건설산업기본법」 제22조(건설공사에 관한 도급계약의 원칙) 제7항에 따르면 
건설공사 도급계약의 당사자는「고용보험 및 산업재해보상보험의 보험료징수 
등에 관한 법률」에 따른 보험료 등 그 건설공사와 관련하여 건설업자가 의무적으로 
부담하여야 하는 비용의 금액을 국토교통부장관이 정하여 고시하는 기준에 따라 
일련번호 무풍중고등학교-12
- 36 -
그 건설공사의 도급금액 산출내역서에 분명하게 적어야 한다고 되어 있다.
    또한 같은 법 시행령 제26조의2(보험료 등의 비용 명시 및 정산) 제2항 및 제3항에 
따르면 발주자는 그 건설공사를 도급받은 건설업자가 보험료 등을 부담하였는지 
여부에 관하여 확인할 수 있고, 이 경우 발주자가 필요하다고 인정하는 경우에는 
그 건설업자에게 보험료 등을 납부한 확인서의 제출을 요구할 수 있으며, 납부한 
내역을 확인한 결과 도급금액 산출내역서에 명시된 보험료가 실제로 지출된 보험료보다 
많은 경우에는 그 초과하는 금액을 정산할 수 있다고 되어 있다.
3. 감사결과 확인된 문제점 
    그런데도 무풍중고등학교는 2023. 2. 14. 주식회사 ○○○○○○과 계약한(계약일 
2023. 2. 9., 계약금액 9,910천원) ‘무풍고등학교 관사 외부 도색공사’를 준공 처리하면서 
고용 및 산재보험료를 납부한 내역이 없는데도 계약 금액을 감액 정산하지 않고  
공사비 327,600원을 과다 지급한 사실이 있다. 
※ 시설공사 준공 정산 금액 과다 지급 현황(2023년)
(금액단위: 원)
공 사 명 계약자 계약
일자 계약금액 준공 
일자 과다지급액 내용
관사 외부 도색공사 2023.
2. 9. 9,910,000 2023.
2. 14. 327,600
고용‧산재보험료
미정산
(증빙자료 없음)
자료: 무풍중고등학교 제출자료 재구성
※ 시설공사 준공 정산 금액 과다 지급 세부내역(생략)
    
그 결과 재정집행의 적정성을 저해하는 결과를 초래하였다.
- 37 -
조치할 사항    
무풍중고등학교장은
① 앞으로 관련 법령과 규정 등에 따라 준공검사 시 공사비 정산 서류를 철저히 검토하여 
공사비를 과다 지급하는 일이 없도록 관련 업무를 철저히 하시고
② 과다 지급된 공사비 327,600원을 관련 업체로부터‘회수’하여 학교회계로 세입 
조치하시기 바랍니다.(시정)
전북특별자치도**교육지원청교육장은 관련자에게 주의를 촉구하시기 바랍니다.(주의 1명)
전북특별자치도**교육지원청교육장은 관련자에게 주의를 촉구하시기 바랍니다.(주의 1명)"
5.동국대학교사범대학부속금산중감사결과공개.hwp,HWP,
2026년 7~8월 전주 사립유치원 종합감사 결과보고서.pdf,PDF,"ㅣㅣ
2026년 7~8월 종합감사 결과보고서(안)
- 전주○○○○○유치원 외 11개원 지적사항 처분안 -
ㅣ
 2026. 9.

• • 목 차  • •
Ⅰ. 감사개요 · · · · · · · · · · · · · · · · · · · · · · · · · · · · · · · · · · · · · · · · · · · · · · · · · · · · · · · · · · · · · · · · · · · · · · · · · · · · · · · · · · 1
1. 감사배경 · · · · · · · · · · · · · · · · · · · · · · · · · · · · · · · · · · · · · · · · · · · · · · · · · · · · · · · · · · · · · · · · · · · · · · · · · · · · · · · · · · · · · · · · · · · · · · · · 1
2. 감사현황 · · · · · · · · · · · · · · · · · · · · · · · · · · · · · · · · · · · · · · · · · · · · · · · · · · · · · · · · · · · · · · · · · · · · · · · · · · · · · · · · · · · · · · · · · · · · · · · · 1
3. 중점사항 · · · · · · · · · · · · · · · · · · · · · · · · · · · · · · · · · · · · · · · · · · · · · · · · · · · · · · · · · · · · · · · · · · · · · · · · · · · · · · · · · · · · · · · · · · · · · · · · 2
Ⅰ. 일반현황 · · · · · · · · · · · · · · · · · · · · · · · · · · · · · · · · · · · · · · · · · · · · · · · · · · · · · · · · · · · · · · · · · · · · · · · · · · · · · · · · · · 3
1. 대상 유치원 현황 · · · · · · · · · · · · · · · · · · · · · · · · · · · · · · · · · · · · · · · · · · · · · · · · · · · · · · · · · · · · · · · · · · · · · · · · · · · · · · · · 3
2. 감사 지적 현황 · · · · · · · · · · · · · · · · · · · · · · · · · · · · · · · · · · · · · · · · · · · · · · · · · · · · · · · · · · · · · · · · · · · · · · · · · · · · · · · · · · · · 4
Ⅲ. 감사결과 · · · · · · · · · · · · · · · · · · · · · · · · · · · · · · · · · · · · · · · · · · · · · · · · · · · · · · · · · · · · · · · · · · · · · · · · · · · · · · · · · · 4
1. 총평 · · · · · · · · · · · · · · · · · · · · · · · · · · · · · · · · · · · · · · · · · · · · · · · · · · · · · · · · · · · · · · · · · · · · · · · · · · · · · · · · · · · · · · · · · · · · · · · · · · · · · · · · 5
2. 분야별 지적사항(요약) · · · · · · · · · · · · · · · · · · · · · · · · · · · · · · · · · · · · · · · · · · · · · · · · · · · · · · · · · · · · · · · · · · · · · · · 5
Ⅳ. 감사결과 지적사항 및 처분(안) · · · · · · · · · · · · · · · · · · · · · · · · · · · · · · · · · · · · · · · · · · 9
1. 분야별 지적 건수 · · · · · · · · · · · · · · · · · · · · · · · · · · · · · · · · · · · · · · · · · · · · · · · · · · · · · · · · · · · · · · · · · · · · · · · · · · · · · · · · 9
2. 세부 지적내용 및 처분(안) · · · · · · · · · · · · · · · · · · · · · · · · · · · · · · · · · · · · · · · · · · · · · · · · · · · · · · · · · · · · 10
Ⅴ. 조치 계획(안) · · · · · · · · · · · · · · · · · · · · · · · · · · · · · · · · · · · · · · · · · · · · · · · · · · · · · · · · · · · · · · · · · · · · · · · · 22
1. 총괄 · · · · · · · · · · · · · · · · · · · · · · · · · · · · · · · · · · · · · · · · · · · · · · · · · · · · · · · · · · · · · · · · · · · · · · · · · · · · · · · · · · · · · · · · · · · · · · · · · · · · · 22
2. 신분상 조치 · · · · · · · · · · · · · · · · · · · · · · · · · · · · · · · · · · · · · · · · · · · · · · · · · · · · · · · · · · · · · · · · · · · · · · · · · · · · · · · · · · · · · · · 23
3. 재정상 조치 · · · · · · · · · · · · · · · · · · · · · · · · · · · · · · · · · · · · · · · · · · · · · · · · · · · · · · · · · · · · · · · · · · · · · · · · · · · · · · · · · · · · · · · 28
- 1 -
2026년 7~8월 종합감사 결과 보고서(안)
- 전주○○○○○유치원 외 11개원 지적사항 처분안 -
Ⅰ  감사개요
 감사배경
  ❍ 「전라북도 교육․학예에 관한 자체감사 규칙」 제4조 및 「2026년도 자체
감사 운영계획」에 따라 순기 도래에 의한 종합감사 실시
  ❍ 예산 운용 실태 및 회계 처리의 적정성을 감사하여 예산 편성․집행의 
투명성 및 공정성 확보
 감사현황
순 유치원명 감사기간
(감사범위)
감 사 반
1 * * * * *유 2026. 7. 28.(화) ~ 7. 31.(금), 【4일간】 
(2023. 7. 5.부터 2026. 7. 27.까지 유치원 운영 전반)
○○○ 등 5명
2 * * 유 2026. 7. 28.(화) ~ 7. 31.(금), 【4일간】 
(2023. 7. 5.부터 2026. 7. 27.까지 유치원 운영 전반)
○○○ 등 5명
3 * * * * *유 2026. 7. 28.(화) ~ 7. 31.(금), 【4일간】 
(2023. 7. 5.부터 2026. 7. 27.까지 유치원 운영 전반)
○○○ 등 5명
4 * * * 유 2026. 8. 4.(화) ~ 8. 7.(금), 【4일간】 
(2023. 8. 9.부터 2026. 8. 3.까지 유치원 운영 전반)
○○○ 등 5명
5 * * 유 2026. 8. 4.(화) ~ 8. 7.(금), 【4일간】 
(2023. 8. 9.부터 2026. 8. 3..까지 유치원 운영 전반)
○○○ 등 5명
6 * * * * *유 2026. 8. 4.(화) ~ 8. 7.(금), 【4일간】 
(2023. 8. 9.부터 2026. 8. 3.까지 유치원 운영 전반)
○○○ 등 5명
- 2 -
  
 중점사항
  ❍ 교무·학사 운영 전반(교육과정, 평가, 학교생활기록부, 학적, 생활지도 등)
  ❍ 인사 빛 복무관리 등
  ❍ 유치원회계 예산 편성 및 결산 등
  ❍ 유치원회계 계약업무 전반 등
  ❍ 교육과정 운영 사업성 예산 집행 현황 등
  ❍ 세입세출, 재산, 물품, 시설 분야 운용 실태 등
  ❍ 특정업체 물품 구입 관련 포인트 등 사적 사용 현황 등
  ❍ 유치원 급식 운영 등  
순 유치원명 감사기간
(감사범위)
감 사 반
7 * * 유 2026. 8. 4.(화) ~ 8. 7.(금), 【4일간】 
(2023. 8. 9.부터 2026. 8. 3.까지 유치원 운영 전반)
○○○ 등 5명
8 * * * * *유 2026. 8. 11.(화) ~ 8. 14.(금), 【4일간】 
(2023. 8. 23.부터 2026. 8. 10.까지 유치원 운영 전반)
○○○ 등 5명
9 * * * 유 2026. 8. 11.(화) ~ 8. 14.(금), 【4일간】 
(2023. 8. 23.부터 2026. 8. 10.까지 유치원 운영 전반)
○○○ 등 5명
10 * * 유 2026. 8. 11.(화) ~ 8. 14.(금), 【4일간】 
(2023. 8. 30.부터 2026. 8. 10.까지 유치원 운영 전반)
○○○ 등 5명
11 * * * 유 2026. 8. 18.(화) ~ 8. 20.(목), 【3일간】 
(2023. 9. 6.부터 2026. 8. 17.까지 유치원 운영 전반)
○○○ 등 4명
12 * * 유 2026. 8. 18.(화) ~ 8. 20.(목), 【3일간】 
(2023. 9. 8.부터 2026. 8. 17.까지 유치원 운영 전반)
○○○ 등 4명
- 3 -
Ⅱ  일반현황
 대상 유치원 현황
급 유치원명
학급현황 교직원 현황
학급
수
원아
수
교사
일반
직원 기타 계
원장 원감 담임 비 담 임소계
유 * * * * *유 4 69 1 0 4 1 6 1 1 8
유 * * 유 7 124 1 0 7 2 10 1 3 14
유 * * * * *유 7 129 1 0 7 2 10 2 8 20
유 * * * 유 7 123 1 0 7 2 10 1 2 13
유 * * 유 4 48 1 0 4 0 5 2 1 8
유 * * * * *유 3 36 1 0 3 0 4 1 4 9
유 * * 유 5 77 1 0 5 1 7 1 2 10
유 * * * * *유 3 39 1 0 3 1 5 2 3 10
유 * * * 유 6 105 1 1 6 1 9 1 3 13
유 * * 유 6 102 1 0 6 1 8 1 3 12
유 * * * 유 8 142 1 0 8 0 9 1 12 31
유 * * 유 5 78 1 1 5 0 7 1 3 11
(단위: 학급, 명)
- 4 -
 감사 지적 현황
  
분       야 지 적 사 항
학사·평가 분야(17건) ① 출결 및 생활기록부 작성 관리 소홀(17건)
 ※ 출석상황부적정, 학적사항변동내용기재오류, 교외체험학습
신청서등누락,유아건강검진사항생활기록부기재누락등
인사·복무 분야 등(4건) ① 교직원 채용 계약 관련(3건)
 ※근로계약시법정근로조건의구체적명시소홀, 고용·산재관련
절차미진행
② 근로계약을 체결하지 않은 설립자의 회계권한 부여 및 
K-에듀파인 사용 부적정(1건)
계약‧시설‧물품 분야(13건) ① 어린이통학버스 신고증명서 변경 소홀(2건)
 ※원장변경후신고증명서재교부미비등
② 용역계약 및 세출예산 집행 업무 소홀(8건)
 ※유치원생통학전세버스계약시추정가격금액별지정정보처리장치
공개견적또는(일반)입찰미실시등
③ 계약 및 하자관리 업무 소홀(3건)
 ※시설공사계약시계약보증과하자보수보증관련서류미징구,하자
검사미실시와하자보수관리부미작성
예산‧회계‧학운위 분야(25건) ① 적립금 집행 소홀(1건)
 ※적립금집행후관할교육지원청보고지연,집행절차소홀등
② 유치원운영위원회 구성 및 선출 업무 소홀(4건)
 ※위원구성비율와선출절차(학부모위원전체투표·학무보위원결격
사유조회등)미준수,안건7일전미안내등운영소홀
③ 예·결산 편성 및 운영 소홀(9건)
 ※예산편성과결산시운영위자문절차미흡,본예산확정기한지침
위반,추경확정후교육지원청보고기한미준수등
④ 세출예산 집행 관리 소홀(7건)
 ※복리비에서원아장학금지급,원아세뱃돈행사후관련증빙서류
미비,업무추진비비대상에게명절선물제공등
⑤ 지출 증빙서류 구비 및 회계업무 처리 소홀(1건)
⑥ 설치·경영자 이전수입 세입과목 착오 기입(1건)
⑦ 교직원 수익자부담 급식비 징수 누락 및 원아 급식비 대비 
과소 수납(1건)
⑧ 유치원 안전공제회 업무 처리 소홀(1건)
인건비 분야 등(8건) ① 근로소득 원천징수의무 이행 관련(3건)
 ※연말정산시원장또는원감처우개선비신고에서누락
② 교직원 급여 지급 관련(2건)
 ※근거없는호봉승급으로원장장기근로수당과다지급등
③ 퇴직급여 및 세입세출외현금 관리 소홀(2건)
 ※퇴직금의임의산정과적립,퇴직금관리대장미비,세외이자유치원
회계로미편입
④ 설립자 건강보험료 납부 관련(1건)
총  67건
- 5 -
Ⅲ  감사결과
1. 총평
 □ 2026년 7~8월 사립유치원 종합감사 결과, 전반적으로 미흡하였음
    특히 출결·학적 및 생활기록부 작성 부적정, 유치원운영위원회 구성과 운영 미흡, 
예·결산 절차 미준수, 계약 절차 미실시, 연말정산 시 누락에 따른 신고차액 발생, 
계약직 채용 시 계약서에 법정근로조건 미기재, 고용·산재보험 절차 미이행 등 전 
분야에 걸쳐 지적사항이 많았음
 □ 주요 지적사항은 다음과 같음
2. 분야별 주요 지적사항
  가. 학사·평가 분야
    □ 출결·학적 및 생활기록부 작성 관리에 관한 사항
      ❍ 2024학년도 수업일수가 운영계획서에는 230일, 출석부상은 233일, 생활기록부 
출결상황에는 215일 기재로 출결 및 생활기록부 관리 부적정
      ❍ 2023학년도 137명, 2024학년도 5명 유아의 미인정 결석 특기사항과 미인정 결석 
유아 조치결과 관리대장 미작성
      ❍ 2023~2024학년도 교외체험학습에 대해 신청서와 사전 결재 없이 사후 보고서만 
보관(186건)
      ❍ 교외체험학습 출석일수를 30일 초과하여 출석으로 인정
      ❍ 2023~2025학년도 법정감염병 등 출석인정결석을 질병결석으로 처리(29건), 질병 
결석 증빙서류 미비(9건), 질병결석을 출석인정결석으로 처리(2건)
      ❍ 2023~2025학년도 81명의 생활기록부 학적사항(변동내용 포함) 미기재 또는 오기재
      ❍ 2023~2025학년도 유아 6명의 생활기록부 부재
      ❍ 2023~2025학년도 유아 241명의 건강검진통보서 결과를 생활기록부의 건강검진
사항 특기사항 미입력 
      ❍ 2024~2025학년도 유아 10명의 생활기록부에 2021년도 또는 2022년도 건강검진일 
기재
- 6 -
  나. 인사·복무 분야
    □ 교직원 채용 계약 관련
      ❍ 2023~2026학년도 영양사 계약서에 법정 근로조건 명시 없이 ‘4회(1시간씩) 근무
한다.’, ‘4회(2시간씩) 근무한다.’로 기재, 고용·산재보험 관련 절차 미이행
      ❍ 2023학년도 부터의 계약인 근로자와의 계약 체결 시 ‘시급 30,000원 지급’ 외 
법정 근로조건의 구체적인 명시 부재, ‘매월 업무 발생 시의 근무 지시에 따른 
월평균 10시간 근무’, ‘주 2회, 주 소정 근로시간 4시간 근로’ 형태의 3개월 이상 
계속 근로 대상자에 대한 고용·산재 보험 가입 관련 절차 일체 미이행
      ❍ 2023~2026학년도 계약직 근로자와의 근로 계약 체결 시 휴게시간, 연차 유급휴가 
미기재, 휴일 부적정 기재
    □ 근로계약을 체결하지 않은 설립자의 회계 권한 부여 및 K-에듀파인 사용 부적정
      ❍ 설립자의 행정실장 명의 인증서 발급과 회계업무 전반 대행 결제 처리로 회계 
전산 보안과 관리 소홀, 행정실장 업무 수행 설립자가 현직 어린이집 원장과 
겸직으로 교직원 복무와 인사 관리 소홀
  다. 예산·회계·학운위 분야
    □ 적립금 집행 소홀
      ❍ 적립금 집행 완료(2023. 10. 27.) 후 회계연도 경과하여 2024. 8. 16. 관할 교육
지원청에 결과 보고(10일 이내 집행 결과 보고해야함)하였고, 이에 대한 계약 및 
집행 시 인지세 납부확인서 미징구, 계약보증과 하자보수보증 관련 서류 미비, 
계약 단계별 증빙서류 미징구, 지출품의와 원인행위 없이 계약서 작성을 실시
하고 지출결의와 지출명령 없이 대금을 선지급한 후 사후 결재 승인 등 사전 
회계절차를 미준수
    □ 유치원운영위원회 구성 및 선출 업무 소홀
      ❍ 2023~2026학년도 유치원운영위원회 위원 구성 시 비율 미준수, 학부모 전체 회
의를 통한 투표·학부모위원 결격사유 조회·위원장과 부위원장 투표 등 선출 
절차 미실시, 안건 7일 전 사전 안내에 관한 지침 위반(4개원)
    □ 예결산 편성 및 운영 소홀
      ❍ 2023~2026회계연도 예산 편성과 결산 시 유치원운영위원회 자문 관련 절차 미흡, 
본예산 확정 기한 지침 위반, 최종 추경 기한 초과 확정으로 회계연도 독립의 원칙 
위반, 추경 확정 후 교육지원청 보고 기한 미준수, 누리집 등 공개 미흡 등(8개원) 
- 7 -
    □ 세출예산 집행 관리 소홀
      ❍ 복리비에서 원아 장학금을 6,600,000원을 지급, 2023~2025학년도 원아 세뱃돈 
행사로 유아학비 목적 외 사용, 집행 시 원아에게 현금 지급 시 영수증서 또는 
사유서 등 증빙서류 미구비
      ❍ 2023~2026학년도에 걸쳐 유치원회계로 운영위원 선물과 재원생 학부모 방문 기념 
선물 제공(221,360원), 업무추진비 집행 대상이 아닌 외부인 식사비(291,000원), 
학교운영위원과 외부 특성화 강사에게 유치원회계에서 명절 선물(2,546,000원) 
지급 등 집행
      ❍ 2023년도 토지분 제산세 기한 내 미납에 따른 가산금 2,280원 유치원회계로 납부
    □ 지출 증빙서류 구비 및 회계 업무 처리 소홀
      ❍ 지출결의서 131건 증빙서류 미비, 4건의 지출결의서 교직원 개인 카드 사용 후 
교직원 계좌로 대납, ‘2026년 3월 12일 내빈 다과비 지출’등 지출결의서 131
건에 대하여 대금 지급방법을 ‘자동이체’로 일률적으로 입력하여 지급 대상
이 정당 채권자인지 확인 불가
    □ 설치·경영자 이전수입 세입과목 착오 기입
      ❍ 유치원의 채무 상환 의무가 없는 설립자의 무상지원금 6,000,000원을 설치·경
영자 이전수입이 아닌 차입금으로 세입 처리
    □ 교직원 수익자부담 급식비 징수 누락 및 원아 급식비 대비 과소 수납
      ❍ 2023~2025학년도 매학년도 2월 교직원 급식비 미징수, 교직원 급식비 단가가 
원아 단가보다 300원 적게 책정되어 급식팀에서 지적받았음에도 증액 징수 미
시행으로 2,477,100원의 과소 수납을 초래
    □ 유치원 안전공제회 업무 처리 소홀
      ❍ 2023~2026학년도까지 교육 중 15건의 안전사고가 있었음에도 학교안전공제회 
보고와 보상 처리 미실시
  라. 계약·시설·물품 분야 
    □ 어린이통학버스 신고증명서 변경 소홀
      ❍ 원장 변경 시 신고증명서 재교부 발급 없이 이전 원장 명의의 신고증명서로 
유치원아 등·하원 통학용 차량 운행 
      ❍ 원장이 아닌 설립자 명의의 신고증명서로 유치원아 등·하원 통학용 차량 운행
    □ 용역 계약 및 세출예산 집행 업무 소홀
      ❍ 2023~2026학년도 유치원생 등·하원 통학을 위한 전세버스 계약 시 연간 총금액 
2천만원 또는 5천만원 이상으로 추정가격 금액별 지정정보처리장치 공개견적 
- 8 -
또는 (일반)입찰 공고 대상임에도 관련 절차 미실시, 자동차등록원부·교통안전
정보결과보고서·견적서 등 계약 필수서류와 집행 증빙서류 미구비(10개원)
   □ 시설계약 및 하자관리 업무 소홀
      ❍ 시설공사 계약 시 계약보증과 하자보수보증에 관한 서류 미징구, 하자검사 
미실시, 하자보수관리부 미작성(2개원)
      ❍ 2024~2025학년도 시설공사 총5건 집행 시 관련 서류[계약서(승낙사항), 계약
보증서(또는 지급각서), 시방서, 착공계, 준공계, 수의계약각서, 청렴서약서, 
인지세 납부확인서(1천만원 이상)] 미징구
  마. 인건비 분야
    □ 근로소득 원천징수의무 이행 관련
      ❍ 2023~2025년 귀속 연말정산 시 원장 처우개선비를 누락하여 신고 차액이 발생
(3개원)
    □ 교직원 급여 지급 관련
      ❍ 시간외근무 사전 승인 증빙자료 없이 월정액의 시간외근무수당 지급, 규정에 
근거가 전혀 없는 호봉 승급을 반영하여 원장의 장기근로수당을 산정하여 
740,000원 과다 지급
      ❍ 원장의 명절수당을 지급기준(급여의 50%) 초과한 금액으로 과다 지급(1,919,740
원), 2023. 11. 9. 신규 채용한 교사의 11월 급여을 일할 계선 없이 월 전체 계
상으로 880,180원 과다 지급
    □ 퇴직급여 운영과 세입세출외현금 관련
      ❍ 퇴직금 산정 시 계속 근로기간이 아닌 임의의 기간을 기준으로 산정, 미확정 
퇴직금 상당액을 분할하여 유치원회계에서 지출, 2024~2026학년도 세입세출외
현금 이자수입(총금액 1,700원, 5건)을 유치원회계로 미편입
      ❍ 세입세출외로 관리하는 퇴직적립금 26,511,624원에 대한 퇴직금관리대장 미작성
      ❍ 2023~2026학년도 퇴직금의 세입세출외현금 운영과 퇴직금관리대장 작성 등 관리 
절차 없이 계약직 근로자 퇴직 시 퇴직금을 지급
    □ 건강보험료 납부 관련
      ❍ 2023. 9월부터 2026. 7월까지의 설립자 건강보험 개인부담금 1,260,150원을 유치원
회계로 납부
      ❍ 2024. 12월 퇴직한 직원의 정산 청구된 건강보험료와 고용보험료 개인부담금 
120,170원을 유치원회계에서 납부
- 9 -
Ⅳ  감사결과 지적사항 및 처분(안)
1. 분야별 지적 건수(총 지적 67건)
유치원명 학사·평가예산·회계·학운위계약·시설·물품 인건비 인사·복무 계
* * * * *유 1 1 2 1 0 5
* * 유 2 2 1 2 1 8
* * * * *유 1 2 1 0 0 4
* * * 유 1 1 1 1 0 4
* * 유 1 4 1 0 0 6
* * * * *유 2 3 0 0 0 5
* * 유 2 2 3 1 2 10
* * * * *유 1 0 0 0 1 2
* * * 유 2 3 1 1 0 7
* * 유 2 2 1 0 0 5
* * * 유 1 1 1 0 0 3
* * 유 1 4 1 2 0 8
계 17 25 13 8 4 67
- 10 -
2. 세부 지적내용 및 처분(안)
  가. ○○○○○유치원 (5건)
지적건명 지적내용 처분(안)
【학사·평가】
1. 출결 및 
생활기록부 작성 
소홀
❍ 2024학년도 수입일수가 운영계획서는 230일, 출석부 상은 
233일, 생활기록부 출결상황 기재는 215일(3·4·5세
(사슴)반)과 198일(5세(기린)반)로 출결 및 생활기록부 
작성 관리 부적정 운영
❍ 통보
【예산·회계·학운위】
2. 적립금 집행 소홀❍ 적립금 집행 완료(2023. 10. 27.) 후 회계연도 경과하여 
2024. 8. 16. 관할 교육지원청에 결과 보고(10일 이내 집행 
결과 보고해야함)하였고, 이에 대한 계약 및 집행 시 인지세 
납무확인서 미징구, 계약보증과 하자보수보증 관련 서류 
미비, 계약 단계별 증빙서류 미징구, 지출품의와 원인행위 
없이 계약서 작성을 실시하고 지출결의와 지출명령 없이 
대금을 선지급한 후 사후 결재 승인 등 사전 회계절차를 
미준수
❍ 주의(1명)
 
【계약·시설·물품】
3. 어린이통학버스 
신고증명서 변경 
소홀
❍ 원장 변경 시 어린이통학버스 신고증명서 재교부 없이 
유치원생 등하원 통학용 차량 운행
❍ 주의(1명)
 
4. 용역 계약 및 
세출예산 집행 
소홀
❍ 유치원생 등하원 통학 운행 전세버스 계약 시 연간 총액이 
추정가격 2천만원 초과임에도 지정정보처리장치를 이용한 
공개 미실시, 자동차등록원부·교통안전정보조회결과보고서·
견적서 등 증빙서류 미징구
❍ 주의(2명)
【인건비】
5. 근로소득 
원천징수의무 
이행 부적정 
❍ 2023~2025년 귀속 연말정산 시 원장 처우개선비를 누락
하고 신고하여 9,360,000원의 신고 차액 발생
❍ 주 의(1명) 및 
시 정 
계 주의 4건, 시정 1건, 통보 1건 / 주의 5명
- 11 -
  나. ○○유치원 (8건)
지적건명 지적내용 처분(안)
【학사·평가】
1. 생활기록부 작성 
관리 소홀
❍ 2023학년도 137명 유아의 미인정 결석 특기사항과 미인정 
결석 유아 조치결과 관리대장 미작성
❍ 주의(1명)
 
2. 교외체험학습 
운영 관리 소홀
❍ 2023~2024학년도 175건의 교외체험학습에 대해 신청서 
제출과 원장 사전 결재 없이 보고서만 제출
❍ 주의(4명)
【예산·회계·운영위】
3. 유치원운영위원회 
구성 및 선출 
업무 소홀
❍ 학부모위원과 교원위원 법정 구성 비율 미준수, 학부모위원 
선출 시 학부오위원 결격사유 미확인, 학부모 전체회의 
투표 미실시 등 운영위 선출 절차 미준수, 위원장·부위원장 
무기명투표 선출 없이 위촉
❍ 주의(2명)
4. 예결산 편성 및 
관할청 보고 절차 
소홀
❍ 2023회계연도 2차 추경 등 11건 예산 편성 시 자문 후에 
예산안 확정, 2024회계연도와 2026회계연도 본예산 
2024.2.22.와 2026.2.4. 확정으로 회계연도 개시 1개월 전 
확정 지침 위반, 추경 확정 후 15일 초과하여 교육지원청에 
보고, 2023~2025회계연도 결산 유치원운영위  자문 없이 
확정 후 사후 자문
❍ 주의(2명)
【계약·시설·물품】
5. 용역 계약 업무 
소홀
❍ 2024~2026학년도 유치원생 등하원 통학 운행 전세버스 
계약 시 연간 총금액이 추정가격 2천만원 초과임에도 
지정정보처리장치를 이용한 공개견적 제출 미실시, 자동차
등록원부와 교통안전정보조회결과보고서 등 증빙서류 미징구
❍ 주의(2명)
【인건비】
6. 교직원 급여 지급 
부적정
❍ 시간외근무 사전 승인 증빙자료 없이 월정액의 시간외
근무수당 지급, 규정에 근거가 전혀 없는 호봉 승급을 
반영으로 원장의 장기근로수당을 산정하여 740,000원 
과다 지급
❍ 주의(1명)
   및 시정
   (환수)
 
7. 퇴직급여 및 
세입세출외현금 
관리 소홀
❍ 퇴직금 산정 시 계속 근로기간이 아닌 임의의 기간을 
기준으로 산정, 미확정 퇴직금 상당액을 유치원회계에서 
월정액으로 분할 지출, 2024~2026학년도 세입세출외현금 
이자수입(총금액 1,700원, 5건)을 유치원회계로 미편입
❍ 통보 및
   시정
- 12 -
  
  다. ○○○○○유치원 (4건)
지적건명 지적내용 처분(안)
【인사·복무】
8. 교직원 채용 계약 
소홀
❍ 2023~2026학년도 영양사 근로계약시 계약서에 법정 근로
조건의 구체적인 명시 없이 ‘4회(1시간씩) 근무한다.’, 
‘4회(2시간씩) 근무한다.’로 기재하고, 고용·산재보험 
관계 성립 신고 등 관련 절차 미이행
❍ 통보 및
  시정
계 주의 6건, 시정 2건, 통보 2건 / 주의 12명 / 환수 740,000원
지적건명 지적내용 처분(안)
【학사·평가】
1. 출결 관리의 
부적정
❍ 2023~2025학년도 법정감염병 등 출석인정결석을 질병결석 
처리(12건), 질병결석 증빙서류 미보관(7건), 질병결석을 
출석인정결석으로 처리(2건) 등 실제 결석 사유와 다르게 
출결사항 기록
❍ 통보
 
【예산·회계·운영위】
2. 유치원운영위원회 
구성·운영 업무 
소홀
❍ 2023~2026학년도 유치원운영위원회 구성 시 절차 생략, 
학부모위원 결격사유 조회 미실시, 유치원운영위원회 자문 
안건 및 관련 문서 전자문서 미등록, 회의록 서명 누락 등 
관련 기록물 관리 미비
❍ 주의(2명)
3. 예결산 편성 및 
공개 업무 소홀
❍ 2023~2026회계연도 예결산 편성 시 자문 미실시 (15건), 
기한 미준수, 관할청 미보고(5건) 등 예결산 편성 및 공개 
업무 소홀
❍ 주의(2명)
【계약·시설·물품】
4. 용역 계약 업무 
소홀
❍ 2024~2026학년도 유치원생 등하원 통학 운행 전세버스 
계약 시 총액이 추정가격 2천만원 초과임에도 지정정보
처리장치를 이용한 공개견적 미실시
❍ 주의(3명)
계 주의 3건, 통보 1건 / 주의 7명
- 13 -
  라. ○○○유치원 (4건)
  
  마. ○○유치원 (6건)
지적건명 지적내용 처분(안)
【학사·평가】
1. 생활기록부 작성 
관리 소홀
❍ 2023학년도 65명 유아의 생활기록부 학적사항 오기재, 
2024학년도 5명 유아의 미인정결석 특기사항과 미인정 유아 
조치결과 관리대장 미작성
❍ 주의(2명)
 
【예산·회계·운영위】
2. 세출예산 집행 
관리 소홀
❍ 2023~2025학년도 유치원 설날 세뱃돈 지급 행사로 유아
학비를 목적 외 사용, 원아들에게 현금으로 지급하면서 
영수증서와 사유서 등 지출 증빙서류 미구비, 잔액 
140,000원을 유치원회계에 반환하지 않고 행사 지원 
교직원에게 지급
❍ 주의(2명)
   및 시정
   (환수)
 
【계약·시설·물품】
3. 용역 계약 업무 
소홀
❍ 2024~2026학년도 유치원생 등하원 통학 운행 전세버스 
계약 시 1년 총액이 추정가격 2천만원 초과임에도 지정
정보처리장치를 이용한 공개견적 미실시, 매월 입금해야
하는 차량비 금액으로 계약 체결
❍ 주의(2명)
【인건비】
4. 퇴직금 운영 소홀❍ 퇴직금 26,511,624원을 적립하고 세입세출외현금으로 
관리하였으나, 퇴직금관리대장 작성 관리 미비
❍ 시정
계 주의 3건, 시정 1건 / 주의 6명 / 환수 140,000원
지적건명 지적내용 처분(안)
【학사·평가】
1. 생활기록부 작성 
관리 소홀
❍ 2023~2025학년도 유아 6명의 생활기록부 부재, 유아 16명의 
학적사항 변동내용 미기재 또는 오기재
❍ 주의(2명)
 
- 14 -
지적건명 지적내용 처분(안)
【예산·회계·운영위】
2. 지출증빙서류 
구비 빛 회계업무 
처리 소홀
❍ 지출결의서 131건 증빙서류 미비, 4건의 지출결의서 교직
원 개인 카드 사용 후 교직원 계좌로 대납,‘2026년 3월 
12일 내빈 다과비 지출’등 지출결의서 131건에 대하여 
대금 지급방법을 ‘자동이체’로 일률적으로 입력하여 
지급 대상이 정당 채권자인지 확인 불가
❍ 주의(2명)
3. 예결산 편성 소홀❍ 본예산 확정 기한 미준수(2024.2.2., 2025.2.24., 2026.2.26.)와 
개시 5일 전 관할 교육지원청 미보고, 2023회계연도 제5~7차 
추가경정예산서 운영위 자문 없이 예산 확정, 2024회계연도 
본예산 외 4건 예산 확정 후 운영위 자문 실시 등 자문 
절차 이행 부적정, 2024~2025회계연도 결산 확정 후 운영위 
자문, 2023학년도 7차, 2024학년도 4차, 2025학년도 5차 
추가경정예산 회계연도 종료후 편성, 예산 편성 시 원장이 
아닌 관리이사가 최종 결재
❍ 주의(2명)
4. 유치원운영위원회 
구성 및 선출 
업무 소홀
❍ 학부모위원과 교원위원 법정 구성 비율 미준수, 2024~2025
학년도 행정직원을 학부모위원으로 선출, 2026학년도에는 
교원이 아님에도 교원위원으로 위촉, 학부모위원 선출 시 
학부모 전체회의 투표 절차 미준수,  학부모위원 선출 시 
결격사유 해당 여부 미확인
❍ 주의(2명)
5. 세출예산 집행 
소홀
❍ 2023~2025학년도에 걸쳐 복리비에서 원아장학금(6회, 금액 
5,000,000원)과 학부모 출산장려금(1회, 400,000원)를 행사
비에서 유치원 소속이 아닌 노동자 명절선물(1회, 금액 
1,200,000원)비, 총금액 6,600,000원의 예산을 목적 외 사용
❍ 주의(2명)
   및 시정
   (환수)
【계약·시설·물품】
6. 용역 계약 업무 
소홀
❍ 2024학년도 통학버스 임차 계약 시 5천만원 초과임에도 
일반입찰 미실시, 2025~2026학년도 2천만원 초과임에도 
공개견적 미실시, 총액계약이 아닌 매월 입금해야하는 금액
으로 계약
❍ 주의(2명)
계 주의 6건 / 주의 12명 / 환수 6,600,000원
- 15 -
  바. ○○○○○유치원 (5건)
 
  사. ○○유치원 (10건)
지적건명 지적내용 처분(안)
【학사·평가】
1. 출결 상황 
부적정
❍ 출석 상황 부적정 8건, 교외체험학습 신청서와 보고서 
누락 6건의 부적정한 출결 상황 기입
❍ 통보
 
2. 생활기록부 작성 
관리 소홀
❍ 유아 23명의 건강검진 결과통보서 결과를 생활기록부 
건강검진 사항에 미입력
❍ 주의(2명)
【예산·회계·운영위】
3. 예·결산 편성 
절차 및 
유치원운영위원
회 안건 관련 
서류 
문서등록대장 
등록 소홀
❍ 2023~2026회계연도 안건과 회의록 업무관리시스템에 미
등록(19건), 자문위원회 회의록 누리집 미공개(5건), 본예산 
확정 지연(3건), 추경 예산 확정 후 15일 이내 지원청 
누리집 미공개(6건)와 지연공개(9건)
❍ 주의(2명)
4. 설치·경영자 
이전수입 
세입과목 착오 
기입
❍ 설립자 무상지원금 6,000,000원을 설치·경영자 이전수입이 
아닌 차입금 수입으로 세입 처리
  ※ 유치원 채무 상환 의무 없음 확인
❍ 주의(2명)
5. 세출예산 집행 
부적정
❍ 2024. 12월 퇴직한 직원의 정산 청구된 건강보험료와 고용
보험료 개인부담금 120,170원과 2023년도 토지분 재산세 가산금 
2,280원, 총금액 122,450원을 유치원회계로 납부
❍ 주의(1명)
   및 시정
   (환수)
계 주의 4건, 통보 1건 / 주의 7명 / 환수 122,450원
지적건명 지적내용 처분(안)
【학사·평가】
1. 출결 상황 부적정❍ 질병결석 증빙서류 미비(2건), 교외체험학습 신청서와 보
고서 누락(5건), 교외체험학습 출석일수 30일 초과하여 
출석을 인정
❍ 주의(2명)
 
- 16 -
지적건명 지적내용 처분(안)
2. 생활기록부 
건강검진 작성 
소홀
❍ 보호자에게 받은 유아 30명의 건강검진 결과통보서 결과를 
생활기록부 건강검진 사항에 미입력
❍ 주의(3명)
【예산·회계·운영위】
3. 유치원운영위원회 
구성·운영 소홀 
및 적정 구성 
비율 미준수
❍ 유치원운영위원회에 지역위원 1명을 임의로 포함하여 
학부모위원과 교원위원의 법정 구성 비율 미만으로 구성, 
운영위원 구성 시 선출 절차 생략과 학부모위원 결격
사유 미조회, 유치원운영위원회 회의 개최 7일 전 안건 
발송 또는 안내의 소집 절차 미실시
❍ 주의(2명)
4. 예·결산 편성 
절차 및 
유치원운영위원회 
안건 서류 
문서등록대장 
등록 소홀
❍ 2023~2026년 예결산 관련 안건과 회의록 업무관리시스템에 
미등록(19건), 자문위원회 회의록 누리집 미공개(1건), 
본예산(안) 확정 지연(2건), 추경예산서 확정 후 15일 이내 
지원청 미제출(13건) 과 지연 공개(3건)
❍ 주의(2명)
【계약·시설·물품】
5. 어린이 통학버스 
신고증명서 변경 
소홀
❍ 어린이통학버스 명의가 운영자가 아닌 설립자인 상태로 
유치원아 등하원 통학 용도로 운행
❍ 주의(1명)
6. 용역 계약 업무 
소홀
❍ 2023~2026학년도 유치원생 등하원 통학 운행을 위한 전세
버스 계약 시 추정가격 2천만원 초과임에도 지정정보장치를 
이용한 공개견적 미실시, 자동차등록원부·교통안전정보조회
결과통보서·견적서 등 증빙서류 미징구
❍ 주의(1명)
7. 시설계약 및 
세출예산 집행과 
하자관리 업무 
소홀
❍ 시설 공사 시 계약보증과 하자보수보증 관련 서류 미징구, 
하자보수관리부 미작성, 집행일 이후 세금계산서 징구
❍ 주의(1명)
【인건비】
8. 교직원 급여 지급 
부적정
❍ 원장의 명절수당을 기준(급여의 50%)을 초과한 1,919,740원과 
2023. 11. 9. 신규 채용한 교사의 11월 급여을 일할 계산 없이 
월 전체 계상으로 880,180원, 총금액 2,799,920원을 과다 지급
❍ 주의(1명)
   및 시정
   (환수)
- 17 -
  아. ○○○○○유치원 (2건)  
지적건명 지적내용 처분(안)
【인사·복무】
9. 교직원 채용 계약 
부적정
❍ 근로계약 체결 시 시급 ‘30,000원 지급’ 조건 외 법정 근로
조건(계약기간 종료일 등)의 구체적인 명시 부재, ‘매월 
업무 발생 시 근무 지시의 월평균 10시간 근무’, ‘주2회, 
주 소정 근로시간 4시간’의 3개월 이상 계속 근로 계약 
대상자에 대한 고용·산재보험 가입 대상 여부 판단 등 
관련 절차 일체 미이행
❍ 통보 및
   시정
10. 근로계약을 
체결하지 않은 
설립자의 회계 
권한 부여 및 
K-에듀파인 
사용 부적정
❍ 정식 직원이 아닌 설립자가 행정실장 명의의 인증서 발급
받아 회계업무 전반을 임의로 대행 결제 처리, 회계 전산 
보안과 관리 소홀, 행정실장 업무 수행한 설립자는 현직 
어린이집 원장과 겸직, 교직원 복무와 인사 관리 업무 소홀
❍ 경고(1명)
계 경고 1건, 주의 8건, 시정 1건, 통보 1건  / 경고 1명, 주의 13명 / 환수 2,799,920원
지적건명 지적내용 처분(안)
【학사·평가】
1. 생활기록부 
건강검진 기재 
소홀
❍ 2023학년도 유아 30명, 2024학년도 유아 1명, 2025학년도 
유아 4명의 건강검진 정보 생활기록부에 미기재, 2024~2025
학년도 유아 10명의 생활기록부에 2021년도 또는 2022년도 
건강검진일이 기재
❍ 주의(2명)
 
【인사·복무】
2. 계약직 근로자 
근로 계약 소홀
❍ 2023~2026학년도 근로자 계약 시 법정 근로조건을 구체적
으로 명시하지 않거나 부적정하게 명시, 퇴직금의 세입
세출외현금 관리 부재, 퇴직금 관리대장을 미비 등 계약직 
근로자 관련 업무 소홀
❍ 주의(2명)
계 주의 2건 / 주의 4명
- 18 -
  자. ○○○유치원 (7건)
지적건명 지적내용 처분(안)
【학사·평가】
1. 출결 상황 
부적정
❍ 질병결석 증빙서류 누락과 법정감염병과 교외체험학습의 
출석인정결석을 질병결석과 결석처리, 질병결석을 출석
인정 등 출석 상황 부적정 기입
❍ 주의(7명)
 
2. 생활기록부 
건강검진 작성 
소홀
❍ 유아 45명의 건강검진 결과통보서를 받았음에도 생활
기록부 건강검진 사항에 입력하지 않음
❍ 주의(5명)
【예산·회계·운영위】
3. 예·결산 편성 
절차 미준수 및 
보고·공개 의무 
위반
❍ 2023~2026학년도 예결산 관련 자문 안건 및 회의록 업무
관리시스템에 미등록(12건), 본예산 확정 지연(2건), 추가
경정예산 확정 후 15일 이내 지원청에 확정 예산서 제출
(1건)과 공개(2건) 지연
❍ 주의(2명)
4. 업무추진비 집행 
대상 외 외부인 
선물 구입 지출 
부적정
❍ 유치원회계에서 학교운영위원 선물비 192,560원과 재원생 
학부모에게 방문 기념 선물비 28,800원, 총금액 221,360원을 
집행
❍ 주의(2명)
   및 시정
   (환수)
5. 세출예산 집행 
관리 소홀
❍ 2023~2025학년도 유치원 설날 세뱃돈 지급 행사를 하면 
원아들에게 현금으로 지급함으로 유아학비 목적 외 사용과 
정당 지출 여부 증빙할 영수증서나 사유서와 같은 지출  
증빙서류 미구비
❍ 주의(2명)
【계약·시설·물품】
6. 용역 계약 업무 
소홀
❍ 2024~2026학년도 통학버스 임차 용역 시 추정가격 5천만원 
초과임에도 (일반)입찰 미시행, 매월 입금해야하는 금액으
로 계약, 견적서 등 증빙서류 미징구
❍ 주의(2명)
【인건비】
7. 근로소득 
원천징수의무 
이행 소홀
❍ 2023~2025년 귀속 연말정산 시 원감의 처우개선비를 급여 
총액에서 누락하여 신고 차액이 발생
❍ 주 의(1명) 및 
시 정 
계 주의 7건, 시정 1건 / 주의 21명 / 환수 221,360원
- 19 -
  차. ○○유치원 (5건)
지적건명 지적내용 처분(안)
【학사·평가】
1. 생활기록부 
작성· 관리 
소홀
❍ 2024~2025학년도 기본사항 및 학적 누적사항 작성 소홀 ❍ 통보
 
2. 생활기록부 
건강검진 작성 
소홀
❍ 유아 45명의 건강검진 결과통보서를 받았음에도 생활
기록부 건강검진 사항에 입력하지 않음
❍ 주의(5명)
【예산·회계·운영위】
3. 예·결산 편성 
절차 및 
회계연도 독립 
준수 원칙 소홀
❍ 2024~2026학년도 본예산(안) 기한 내 미확정(3건), 2023~2025
학년도 결산 자문 기한 내 미처리(3건), 2023학년도 2차, 
2024학년도 2차, 2025학년도 1차를 회계연도 종료 후 편성
으로 회계연도 독립의 원칙 미준수,  2023~2026학년도 
예결산  관련 유치원운영위원회 자문 안건 업무관리시스템에 
적기 미등록, 관련 자문 회의록 2026. 8. 11. 일괄 지연 등록
(10건)
❍ 주의(2명)
4. 업무추진비 집행 
대 상  외  식 사  제 공 
및  예 산  집 행 
부 적 정
❍ 2023~2026학년도에 걸쳐 업무추진비 대상이 아닌 외부인
(2023학년도 화장실 공사 인부 1회, 2023~2026학년도 현
장체험학습 차량기사 7회, 기타 1회)식비 총9회, 총금액 
291,000원을 유치원회계로 집행
❍ 주의(2명)
   및 시정
   (환수)
 
【계약·시설·물품】
5. 계약 업무 및 
집행 소홀
❍ 2024~2025학년도 시설공사 총5건 집행 시 관련 서류[계약서
(승낙사항), 계약보증서(또는 지급각서), 시방서, 착공계, 
준공계, 수의계약각서, 청렴서약서, 인지세 납부확인서
(1천만원 이상)] 미징구, 2024~2026학년도 통학버스 임
차 계약 시 추정가격 5천만원 초과함에도 (일반)입찰 미
실시, 1인 견적 수의계약 체결
❍ 주의(2명)
계 주의 4건, 통보 1건 / 주의 11명 / 환수 291,000원
- 20 -
  카. ○○○유치원 (3건)
  
  타. ○○유치원 (8건)
지적건명 지적내용 처분(안)
【학사·평가】
1. 생활기록부 
건강검진 작성 소홀
❍ 유아 47명의 건강검진 결과통보서를 생활기록부 건강검진 
사항에 미입력
❍ 주의(7명)
【예산·회계·운영위】
2. 외부 특성화강사 
및 운영위원 명절 
선물 지급 부적정
❍ 2024~2026학년도 소속 상근직원이 아닌 외부 특성화 강
사(8명)와 학교운영위원(6명)에게 명절 선물 제공 등 공적 
재원 교비를 외부인에게 집행(5회, 총금액 2,546,000원)
❍ 주의(2명)
   및 시정
   (환수)
【계약·시설·물품】
3. 계약 및 하자관리 
업무 소홀
❍ 2024~2025학년도 시설공사 총5건 집행 시 관련 서류(계약
서(승낙사항), 계약보증서(또는 지급각서), 시방서, 착공계, 
준공계, 수의계약각서, 청렴서약서, 인지세 납부확인서
(1천만원 이상)) 미징구, 2024~2026학년도 통학버스 임
차 계약 시 추정가격 5천만원 초과함에도 (일반)입찰 미
실시, 1인 견적 수의계약 체결
❍ 주의(2명)
계 주의 3건 / 주의 11명 / 환수 2,546,000원
지적건명 지적내용 처분(안)
【학사·평가】
1. 유치원 
생활기록부 작성 
및 관리 소홀
❍ 2023~2024학년도 생활기록부 전자적 생산·관리 미이행, 
2023~2025학년도 학적사항·출결사항·신체발달상황 누락
하거나 오기입(15건), 2025~2026학년도 출석인정결석을 
질병결석으로 처리(17건), 2023학년도 유아의 건강검진 
결과 미기재(16건)
❍ 주의(3명)
 
【예산·회계·운영위】
2. 예·결산 및 
추가경정예산 
❍ 2023학년도 3차 추경, 2024학년도 2차 추경, 2025학년도 
1차 추경 해당 회계연도 종료 후 확정, 결산 확정 후 
❍ 주의(2명)
- 21 -
지적건명 지적내용 처분(안)
편성·처리 절차 
미준수
자문 절차 이행, 2024학년도 1,2차 추경을 2025.3.20. 동일 
날짜에 마감, 2026학년도 1,2차 추경을 2026.7.31. 동일 
날짜에 마감, 2023~2026회계연도 자문 안건과 회의록 업무
관리시스템 미등록(13건), 본예산(안) 확정 지연(2건), 
2023~2026학년도 추경예산서 지원청 미제출과 누리집 미
공개(7건), 추경예산서 지연 제출(2건)  
3. 편성 요건 미충족 
재원의 성립전 
예산 편성
❍ 그 밖의 수입 금5,693,000원, 총 10건을 정식 추경예산에 
편성하지 않고 성립전예산으로 임의 등록하여 집행
❍ 주의(2명)
4. 교직원 수익자부담 
급식비 징수 누락 
및 원아 급식비 
대비 과소 수납
❍ 2023~2025학년도 매학년도 2월분 교직원 급식비 미징수, 
교직원 급식비 단가가 원아보다 300원 적게 책정한 부분을 
급식팀에서 지적받았음에도 증액 징수 미시행으로 2,477,100원의 
과소 수납 초래
❍ 경고(1명)
   및 시정
   (환수)
 
5. 유치원 안전공제회 
업무 처리 소홀
❍ 2023~2026학년도까지 교육 중의 15건의 안전사고 학교
안전공제회에 보고(신고) 미실시와 보상처리 미진행
❍ 통보
【계약·시설·물품】
6. 용역 계약 및 
세출 집행 소홀
❍ 유치원생 등하원 통학 운행을 위한 전세버스 임대차 계약 
금액이 2024~2025학년도 추정가격 5천만원, 2026학년도 
추정가격 2천만원 초과임에도 (일반)입찰과 지정정보장치를 
이용한 공개견적 미실시하고 각각 매월 입금해야하는 금액
으로 1인 수의계약 체결, 2025. 3~7월 집행 시 지출품의
일자, 지출원인행위원자와 지출결의일자를 실제 대가 지
급일(은행 이체일)로 동일하게 처리
❍ 주의(2명)
【인건비】
7. 근로소득 
원천징수의무 
이행 부적정
❍ 2024~2025년 연말정산 시 원장의 처우개선비를 급여 총액
에서 누락하여 신고 차액이 발생
❍ 주 의(1명) 및 
시 정  
8. 설립자 건강보험료 
납부 부적정
❍ 2023년 9월부터 2026년 7월까지의 설립자 건강보험 개인
부담금 1,260,150원을 유치원회계로 납부
❍ 주의(1명)
   및 시정
    (환수)
계 경고 1건, 주의 6건, 시정 1건, 통보 1건 / 경고 2명, 주의 11명  / 환수 3,737,250원
- 22 -
Ⅴ  조치 계획(안)
  총괄
 ※ 병 과조 치6건:통보및시정3건(그린유2,미래유1),주의및시정3건(기전대부설유,비사벌유,한샘유)
기관명
조치건수(건)
신분상 인원(명) 재정상 
금액(천원)신분상 조치(건) 행정상 조치(건)
계징
계
경
고
주
의
기관
주의
/경 고
시
정
통
보
개
선
징
계
경
고
주
의 계 구분 금액
* * * * *유 0 0 4 0 1 1 0 6 0 0 5 5 - 0
* * 유 0 0 6 0 2 2 0 10 0 0 12 12 환수 740
* * * * *유 0 0 3 0 0 1 0 4 0 0 7 7 - 0
* * *유 0 0 3 0 1 0 0 4 0 0 6 6 환수 140
* * 유 0 0 6 0 0 0 0 6 0 0 12 12 환수 6,600
******유 0 0 4 0 0 1 0 5 0 0 7 7 환수 122
* * 유 0 1 8 0 1 1 0 11 0 1 13 14 환수 2,800
* * * * *유 0 0 2 0 0 0 0 2 0 0 4 4 - 0
* * *유 0 0 7 0 1 0 0 8 0 0 21 21 환수 221
* * 유 0 0 4 0 0 1 0 5 0 0 11 11 환수 291
* * *유 0 0 3 0 0 0 0 3 0 0 11 11 환수 2,546
* * 유 0 1 6 0 1 1 0 9 0 2 11 13 환수 3,737
계 0 2 56 0 7 8 0 73 0 3 120 123 계 17,197
- 23 -
 신분상 조치: 123명
순 현 소속 직위(직급) 성  명 지적건명 조치
1 * * * * *유치 원 원장 이* *어린이통학버스 신고증명서 변경 소홀 주의
2 * * * * *유치 원 원장 이* *용역 계약 업무 소홀 주의
3 * * * * *유치 원행정직원 유* *용역 계약 업무 소홀 주의
4 * * * * *유치 원 원장 이* *적립금 집행 소홀 주의
5 * * * * *유치 원행정직원 유* *적립금 집행 소홀 주의
6 * * 유 치 원 원장 김* *생활기록부 작성 소홀 주의
7 * * 유 치 원 원장 김* *교외체험학습 운영 관리 소홀 주의
8 * * 유 치 원 교사 김* *교외체험학습 운영 관리 소홀 주의
9 * * 유 치 원 교사 전* *교외체험학습 운영 관리 소홀 주의
10 * * 유 치 원 교사 박* *교외체험학습 운영 관리 소홀 주의
11 * * 유 치 원 원장 김* *유치원운영위원회 구성 및 소홀 주의
12 * * 유 치 원 교사 전* *유치원운영위원회 구성 및 소홀 주의
13 * * 유 치 원 원장 김* *예결산 편성 및 관할청 보고 절차 소홀 주의
14 * * 유 치 원 교사 전* *예결산 편성 및 관할청 보고 절차 소홀 주의
15 * * 유 치 원 원장 김* *용역 계약 업무 소홀 주의
16 * * 유 치 원 교사 전* *용역 계약 업무 소홀 주의
17 * * 유 치 원 교사 전* *교직원 급여 지급 관련 주의
18 ****** 유치원 원장 조* *유치원운영위원회 구성·운영 업무 소홀 주의
19 ****** 유치원 행정실장 김* *유치원운영위원회 구성·운영 업무 소홀 주의
20 ****** 유치원 원장 조* *예결산 편성 및 공개 업무 소홀 주의
21 ****** 유치원 행정실장 김* *예결산 편성 및 공개 업무 소홀 주의
22 ****** 유치원 원장 조* *용역 계약 업무 소홀 주의
23 ****** 유치원 행정실장 김* *용역 계약 업무 소홀 주의
- 24 -
순 현 소속 직위(직급) 성  명 지적건명 조치
24 ****** 유치원 행정직원 최* *용역 계약 업무 소홀 주의
25 * * *유 치 원 원장 정* *생활기록부 작성 소홀 주의
26 * * *유 치 원 교사 유* *생활기록부 작성 소홀 주의
27 * * *유 치 원 원장 정* *세출예산 집행 관리 소홀 주의
28 * * *유 치 원 교사 김* *세출예산 집행 관리 소홀 주의
29 * * *유 치 원 원장 정* *용역 계약 업무 소홀 주의
30 * * *유 치 원 교사 김* *용역 계약 업무 소홀 주의
31 * * 유 치 원 원장 김* *생할기록부 작성 관리 소홀 주의
32 * * 유 치 원 교사 박* *생할기록부 작성 관리 소홀 주의
33 * * 유 치 원 원장 김* *지출 증빙서류 구비 및 회계업무 처리 소홀 주의
34 * * 유 치 원관리이사 김* *지출 증빙서류 구비 및 회계업무 처리 소홀 주의
35 * * 유 치 원 원장 김* *예결산 편성 소홀 주의
36 * * 유 치 원관리이사 김* *예결산 편성 소홀 주의
37 * * 유 치 원 원장 김* *유치원운영위원회 구성 및 선출 업무 소홀 주의
38 * * 유 치 원관리이사 김* *유치원운영위원회 구성 및 선출 업무 소홀 주의
39 * * 유 치 원 원장 김* *용역 계약 업무 소홀 주의
40 * * 유 치 원관리이사 김* *용역 계약 업무 소홀 주의
41 * * 유 치 원 원장 김* *세출예산 집행 소홀 주의
42 * * 유 치 원관리이사 김* *세출예산 집행 소홀 주의
43 ****** 유치원 원장 권* *생활기록부 작성 관리 소홀 주의
44 ****** 유치원 교사 유* *생활기록부 작성 관리 소홀 주의
45 ****** 유치원 원장 권* *예결산 편성 절차 및 운영위원회 안건 서류 문서등록대장 등록 소홀 주의
46 ****** 유치원 행정실장 문* *예결산 편성 절차 및 운영위원회 안건 서류 문서등록대장 등록 소홀 주의
47 ****** 유치원 원장 권* *설치·경영자 이전수입 세입과목 착오 기입 주의
48 ****** 유치원 행정실장 문* *설치·경영자 이전수입 세입과목 착오 기입 주의
- 25 -
순 현 소속 직위(직급) 성  명 지적건명 조치
49 ****** 유치원 행정실장 문* *세출예산 집행 관련 주의
50 * * 유 치 원 원장 임* *출결 상황 부적정 주의
51 * * 유 치 원 교사 이* *출결 상황 부적정 주의
52 * * 유 치 원 원장 임* *생할기록부 건강검진 작성 소홀 주의
53 * * 유 치 원 교사 이* *생할기록부 건강검진 작성 소홀 주의
54 * * 유 치 원 교사 이* *생할기록부 건강검진 작성 소홀 주의
55 * * 유 치 원 원장 임* *유치원 운영위원회 구성 운영 소홀  및 적정 구성 비율 미준수주의
56 * * 유 치 원행정실장 정* *유치원 운영위원회 구성 운영 소홀  및 적정 구성 비율 미준수주의
57 * * 유 치 원 원장 임* *예 결 산  편 성  절 차  및  유 치 원 운 영 위 원 회  안 건  설  문 서 등 록 대 정  등 록  소 홀주의
58 * * 유 치 원행정실장 정* *예 결 산  편 성  절 차  및  유 치 원 운 영 위 원 회  안 건  설  문 서 등 록 대 정  등 록  소 홀주의
59 * * 유 치 원 원장 임* *어린이통학버스 신고증명서 변경 소홀 주의
60 * * 유 치 원 원장 임* *용역 계약 업무 소홀 주의
61 * * 유 치 원 원장 임* *시설 계약 및 세출예산 집행과 하자관리 업무 소홀 주의
62 * * 유 치 원행정실장 정* *교직원 급여 지급 관련 주의
63 * * 유 치 원 원장 임* *근로계약을 체결하 지 않 은 설 립자의 회계 권한 부여 및 K-에듀파인 사용 부적정경고
64 ****** 유치원 원장 이* *생활기록부 건강검진 기재 소홀 주의
65 ****** 유치원 교사 한* *생활기록부 건강검진 기재 소홀 주의
66 ****** 유치원 원장 이* *계약직 근로자 근로계약에 관한 사항 주의
67 ****** 유치원 행정실장 정* *계약직 근로자 근로계약에 관한 사항 주의
68 * * *유 치 원 원장 정* *출결 상황 부적정 주의
69 * * *유 치 원 원감 소* *출결 상황 부적정 주의
70 * * *유 치 원 교사 이* *출결 상황 부적정 주의
71 * * *유 치 원 교사 신* *출결 상황 부적정 주의
72 * * *유 치 원 교사 노* *출결 상황 부적정 주의
73 * * *유 치 원 교사 임* *출결 상황 부적정 주의
- 26 -
순 현 소속 직위(직급) 성  명 지적건명 조치
74 * * *유 치 원 교사 오* *출결 상황 부적정 주의
75 * * *유 치 원 원장 정* *생활기록부 건강검진 작성 소홀 주의
76 * * *유 치 원 원감 소* *생활기록부 건강검진 작성 소홀 주의
77 * * *유 치 원 교사 이* *생활기록부 건강검진 작성 소홀 주의
78 * * *유 치 원 교사 신* *생활기록부 건강검진 작성 소홀 주의
79 * * *유 치 원 교사 임* *생활기록부 건강검진 작성 소홀 주의
80 * * *유 치 원 원장 정* *예결산 편성 절차 미준수 및 보고 공개 의무 위반 주의
81 * * *유 치 원 원감 소* *예결산 편성 절차 미준수 및 보고 공개 의무 위반 주의
82 * * *유 치 원 원장 정* *업무추진비 집행 대상 외 외부인 선물 구입 지출 부적정 주의
83 * * *유 치 원 원감 소* *업무추진비 집행 대상 외 외부인 선물 구입 지출 부적정 주의
84 * * *유 치 원 원장 정* *세출예산 집행 관리 소홀 주의
85 * * *유 치 원행정실장 김* *세출예산 집행 관리 소홀 주의
86 * * *유 치 원 원장 정* *용역계약 업무 소홀 주의
87 * * *유 치 원행정실장 김* *용역계약 업무 소홀 주의
88 * * *유 치 원 원감 소* *근로소득 원천징수의무 이행 관련 주의
89 * * 유 치 원 원장 이 * 생활기록부 건강검진 작성 소홀 주의
90 * * 유 치 원 교사 김* *생활기록부 건강검진 작성 소홀 주의
91 * * 유 치 원 교사 이* *생활기록부 건강검진 작성 소홀 주의
92 * * 유 치 원 교사 최* *생활기록부 건강검진 작성 소홀 주의
93 * * 유 치 원 교사 김* *생활기록부 건강검진 작성 소홀 주의
94 * * 유 치 원 원장 이 * 예결산 편성 절차 및 회계연도 독럽 준수 원칙 소홀 주의
95 * * 유 치 원행정실장 이* *예결산 편성 절차 및 회계연도 독럽 준수 원칙 소홀 주의
96 * * 유 치 원 원장 이 * 업무추진비 집행 대상 외 식사 제공 및 예산 집행 부적정 주의
97 * * 유 치 원행정실장 이* *업무추진비 집행 대상 외 식사 제공 및 예산 집행 부적정 주의
98 * * 유 치 원 원장 이 * 계약 업무 및 집행 소홀 주의
- 27 -
순 현 소속 직위(직급) 성  명 지적건명 조치
99 * * 유 치 원행정실장 이* *생활기록부 건강검진 작성 소홀 주의
100 * * *유 치 원 원장 박* *생활기록부 건강검진 작성 소홀 주의
101 * * *유 치 원 교사 김* *생활기록부 건강검진 작성 소홀 주의
102 * * *유 치 원 교사 이* *생활기록부 건강검진 작성 소홀 주의
103 * * *유 치 원 교사 기* *생활기록부 건강검진 작성 소홀 주의
104 * * *유 치 원 교사 이* *생활기록부 건강검진 작성 소홀 주의
105 * * *유 치 원 교사 황* *생활기록부 건강검진 작성 소홀 주의
106 * * *유 치 원 교사 이* *생활기록부 건강검진 작성 소홀 주의
107 * * *유 치 원 원장 박* *외부 특성화강사 및 운영위원 명절 설문 지급 부적정 주의
108 * * *유 치 원행정실장 이* *외부 특성화강사 및 운영위원 명절 설문 지급 부적정 주의
109 * * *유 치 원 원장 박* *계약 및 하자관리 업무 소홀 주의
110 * * *유 치 원행정실장 이* *계약 및 하자관리 업무 소홀 주의
111 * * 유 치 원 원장 정* *유치원 생활기록부 작성 및 관리 소홀 주의
112 * * 유 치 원 교사 김* *유치원 생활기록부 작성 및 관리 소홀 주의
113 * * 유 치 원 교사 소* *유치원 생활기록부 작성 및 관리 소홀 주의
114 * * 유 치 원 원장 정* *예결산 및 추가경정예산 편성 처리 절차 미준수 주의
115 * * 유 치 원행정실장 김* *예결산 및 추가경정예산 편성 처리 절차 미준수 주의
116 * * 유 치 원 원장 정* *편성 요건 미충족 재원의 성립전예산 편성 주의
117 * * 유 치 원행정실장 김* *편성 요건 미충족 재원의 성립전예산 편성 주의
118 * * 유 치 원 원장 정* *교직원 급식비 징수 누락 및 원아 급식비 대비 과소 수납 경고
119 * * 유 치 원행정실장 김* *교직원 급식비 징수 누락 및 원아 급식비 대비 과소 수납 경고
120 * * 유 치 원 원장 정* *용역 계약 및 세출 집행 소홀 주의
121 * * 유 치 원행정실장 김* *용역 계약 및 세출 집행 소홀 주의
122 * * 유 치 원행정실장 김* *근로소득 원천징수의무 이행 관련 주의
123 * * 유 치 원행정실장 김* *설립자 건강보험료 납부 관련 주의
- 28 -
 재정상 조치: 17,197,980원
(단위:원)
    
원명 환수액 사유
* * 유 740,000 ① 규정에 전혀 없는 호봉 승급을 반영하여 원장의 장기
근로수당을 지급
* * * 유 140,000 ① 2023~2025학년도 유치원 설날 세뱃돈 지급 행사 후 
잔액을 행사 지원 교직원에게 지급
* * 유 6,600,000 ① 복리비에서 원아 장학금을 행사비에서 유치원 소속이 
아닌 노동자 명절선물비 지급
* * * * *유 122,450 ① 2024년 퇴직 직원의 정산 보험료 개인부담금과 2023년 
토지분 재산세 미납 가산금을 유치원회계에서 납부
* * 유 2,799,920 ① 원장의 명절수당 지급 시 기준인 급여의 50%를 초과하여 
과다 지급
* * * 유 221,360 ① 유치원회계로 운영위원 선물과 재원생 학부모 방문기념 
선물 제공
* * 유 291,000 ① 유치원회계로 2023학년도 공사 인부, 2024~2026학년도 
현장체험학습 차량 기사 식사 제공 등
* * * 유 2,546,000 ① 소속 상근직원이 아닌 외부 특성화 강사들과 유치원
운영위원들에게 명절 선물 제공
* * 유 3,737,250 ① 2023~2025학년도 2월분 교직원 급식비 미징수, 2024
학년도 교직원 급식비 단가가 원아 급식비 단가보다 
300원 적게 책정되어 과소 수납(2,477,100원)
② 설립자의 2023.9.~2026.7. 건강보험 개인부담금 유치원
회계로 납부(1,260,150원)
합계 17,197,980"
종합감사결과공개.pdf,PDF,"전북제일고등학교 종합감사 결과 공개
2025. 9.
 (감 사 관)
전북제일고등학교 종합감사 결과 공개
 감사결과의 공개는 국민의 알권리 충족과 기관 운영의 투명성을 강화하기 위한 
공익적 조치입니다. 따라서 감사결과 실명이 공개된 모든 기관이 비리에 연관되어 
있는 것은 아님을 알려드립니다. 
□ 감사 개요
○ 감사 기간: 2025. 5. 21.∼5. 23.(3일)
○ 감사 인원: 6명 
○ 감사 범위
 - 교무·학사 2022. 3. 1.∼2025. 5. 20.(지난번 감사 이후부터 금번 감사 전일 까지)
 - 행정·회계 2021. 6. 14.∼2025. 5. 20.(지난번  감사 이 후부터  금번 감 사 전일  까지)
□ 감사 결과
 ○ 총괄
 
신분상(명) 행정상(건)
재정상
조치징계 경고 주의 계 기관
경고
기관
주의 시정 통보 개선 계
·
(0건)
8
(4건)
17
(6건)
25
(10건)
· · 3 2 · 5  ·회수(3건)
  - 13,838,420원   
 ※ ( )안은 신분상 조치 대상자에 대한 지적 건수 총 합계임.
 ○ 분야별 지적건수
 
유형별 교무·학사 인사 예산·회계 물품 시설 계
지적사항 4 1 3 1 1 10
- 3 -
○ 지적사항(총 10건)
연번 제   목 처분요구
   【교무·학사 분야】
1  학교생활기록부 ‘행동특성 및 종합의견’중복 기재  ▪ 경고(1명)
 ▪ 주의(4명)
2  학생 수상명 입력 부적정  ▪ 주의(1명)
 ▪ 시정
3  학업중단(자퇴) 학생 출결상황 처리 부적정  ▪ 주의(2명)
 ▪ 시정
4  교육활동 침해행위 예방 교육 부적정  ▪ 주의(2명)
   【인사 분야】
5  기간제 교원 호봉 획정 부적정  ▪ 주의(3명)
 ▪ 시정(회수) 4,303,230원
   【예산·회계 분야】
6  교비회계 예산 편성 부적정  ▪ 경고(1명)
7  업무추진비 집행 부적정
 ▪ 경고(4명)
 ▪ 시정(회수) 430,000원
 ▪ 통보
8  현금출납부 관리 부적정  ▪ 주의(3명)
 ▪ 통보
  【물품 분야】
9  물품 관리 부적정  ▪ 경고(2명)
 ▪ 시정
   【시설 분야】
10  시설공사 감독 및 준공정산 부적정  ▪ 주의(2명)
 ▪ 시정(회수) 9,105,190원
- 4 -
전북특별자치도교육청
경고 및 주의 요구
제        목     학교생활기록부 ‘행동특성 및 종합의견’ 중복 기재
소 관  기 관     전북제일고등학교
조 치  기 관     전북제일고등학교
내        용
1. 업무개요
  전북제일고등학교는 학교생활기록부가 학생의 학업성취도와 인성 등을 종합적으로 
관찰·평가하여 학생지도 및 상급학교의 학생 선발에 활용하는 자료가 될 수 있도록 
교육부의 “학교생활기록 작성 및 관리지침”에 따라 학교생활기록부를 작성·
관리하고 있다.
2. 관계법령 및 판단기준
  「초·중등교육법」 제25조(학교생활기록)에 따르면 학교의 장은 학생의 학업
성취도와 인성(人性) 등을 종합적으로 관찰·평가하여 학생 지도 및 상급학교의 
학생 선발에 활용할 수 있도록 하기 위하여 교육부령으로 정하는 기준에 따라 
학교생활기록을 작성·관리하여야 한다고 되어 있다.
일련번호 전북제일고등학교-1
- 5 -
  또한 교육부의 “20**학년도 학교생활기록 작성 및 관리지침(교육부훈령)” 제16조
(행동특성 및 종합의견)에 따르면 학생을 수시로 관찰하여 누가 기록된 행동특성을 
바탕으로 총체적으로 학생을 이해할 수 있는 종합의견을 담임교사가 문장으로 
입력하도록 되어 있고, “20**학년도 학교생활기록부 기재요령’01. 학교생활
기록부 작성 시 유의사항에 따르면 학교생활기록부에는 학교교육계획이나 학교
교육과정에 따라 학교에서 실시한 각종 교육활동의 이수상황(활동내용에 따른 
개별적 특성이 드러나는 사항 중심)을 기재하는 것이 원칙이라고 되어 있다.
3. 감사결과 확인된 문제점 
  그런데도 전북제일고등학교 교사 A은 20**학년도 *학년 *반 학생 ***과 ***의 
학교생활기록부 ‘행동특성 및 종합의견’ 항목에서 100% 동일한 내용을 
중복기재 하는 등 【표】“학교생활기록부 행동특성 및 종합의견 중복기재 현황”과 
같이 20**학년도 교사 5명이 학생 47명의 학교생활기록부 ‘행동특성 및 
종합의견’을 중복기재한 사실이 있다.
【표】 학교생활기록부 ‘행동특성 및 종합의견’ 중복기재 현황
연 번학 년 도담임교사명
(학급) 해당 학생 중복 비율 내용
1
20**
***
(*-*)
총 20명 중 2명 10% 동일한 내용을 각 2명, 4명씩 
총 6명의 학생에게 중복하여 
입력함총 20명 중 4명 20%
2 ***
(*-*) 총 20명 중 2명 10% 동일한 내용을 2명의 학생에게 
중복하여 입력함
3 ***
(*-*)
총 35명 중 2명
(9건, 18명) 5.7% 동일한 내용을 각 2명씩 9건 18명, 
3명씩 3건 9명, 8명 1건, 
총 35명의 학생에게 
중복하여 입력함
총 35명 중 3명
(3건, 9명) 8.6%
총 35명 중 8명
(1건, 8명) 22.9%
4 ***
(*-*) 총 29명 중 2명 6.9% 동일한 내용을 2명의 학생에게 
중복하여 입력함
5 ***
(*-*) 총 29명 중 2명 6.9% 동일한 내용을 2명의 학생에게 
중복하여 입력함
합계 47명
- 6 -
※ 학교생활기록부 ‘행동특성 및 종합의견 중복기재’ 상세 내용
<생략>
- 7 -
관계기관 의견
  전북제일고등학교는 감사 결과를 수용하면서 앞으로 관련 법령을 숙지하여 
학교생활기록부  관리를 철저히 수행하겠다는 의견을 제시하였다.
조치할 사항 
전북제일고등학교장은 
① 앞으로 관련 법령과 규정 등에 따라 학교생활기록부 행동특성 및 종합의견 
기재를 철저히 하여 주시기 바랍니다.
②〔경고〕 관련자에게 ‘경고’ 조치하시기 바랍니다. [경고 1명]
③〔주의〕 관련자에게 ‘주의’ 조치하시기 바랍니다. [주의 4명]
- 8 -
전북특별자치도교육청
주의 및 시정 요구
제        목     학생 수상명 입력 부적정
소 관  기 관     전북제일고등학교
조 치  기 관     전북제일고등학교
내        용
1. 업무개요
  전북제일고등학교는 학생 수상 관리의 적정을 기하기 위해 교육부의 “학교
생활기록부 기재요령”과 “전북제일고등학교 포상규정”에 따라 학생 
시상업무 및 수상경력 관리를 하고 있다.
2. 관계법령 및 판단기준
  교육부의 “학교생활기록부 기재요령”에 따르면 개근은 해당 학년 동안 
1회의 결석(또는 지각, 조퇴, 결과)도 없는 경우이며, 교내에서 개근상·
정근상 수상 여부의 판단은 학교별 방침에 따라 달리 적용할 수 있다고 
되어 있다.
일련번호 전북제일고등학교-2
- 9 -
  또한 전북제일고등학교의 “20**학년도 학교포상규정”에 따르면 1년 
개근상은 해당 학년 동안 결석, 지각, 조퇴, 결과가 전무한 자, 3년 개근상은 
3개년 동안 결석, 지각, 조퇴, 결과가 전무한 자, 3년 정근상은 3개년 동안 
결석일수가 2일(지각, 결과, 조퇴 8회) 이내인 자에게 수여한다고 되어 있다.
3. 감사결과 확인된 문제점 
  그런데도 전북제일고등학교 교사 B은 20**학년도 *학년 *반 *** 학생이 3년 정근상 
수여 대상자임에도 수상명을 3년 개근상으로 나이스 수상대장에 잘못 입력하는 등 
【표】“학생 수상명 입력 부적정 현황”과 같이 20**학년도 3년 정근상 수여 
대상자인 3학년 학생 25명의 수상명을 나이스 수상대장에 3년 개근상으로 잘못 입력
하여 학교생활기록부에 반영한 사실이 있다.
【표】 학생 수상명 입력 부적정 현황
연 번학 년 도학생명 수상명 수상
연월일
출결상황
부적정 내용
결 석지 각조 퇴결 과
1
20**
***
(*-*) 3년 개근상 20**. *. *. 1 · 1 · 3년 정근상 
수여 대상임
2 ***
(*-*) 3년 개근상 20**. *. *. · 7 · · 3년 정근상 
수여 대상임
3 ***
(*-*) 3년 개근상 20**. *. *. · · 1 2 3년 정근상 
수여 대상임
4 ***
(*-*) 3년 개근상 20**. *. *. 1 1 1 1 3년 정근상 
수여 대상임
5 ***
(*-*) 3년 개근상 20**. *. *. · · 3 1 3년 정근상 
수여 대상임
6 ***
(*-*) 3년 개근상 20**. *. *. 1 3 1 · 3년 정근상 
수여 대상임
7 ***
(*-*) 3년 개근상 20**. *. *. 2 1 · · 3년 정근상 
수여 대상임
8 ***
(*-*) 3년 개근상 20**. *. *. · 2 · 1 3년 정근상 
수여 대상임
9 ***
(*-*) 3년 개근상 20**. *. *. 1 · · · 3년 정근상 
수여 대상임
10 ***
(*-*) 3년 개근상 20**. *. *. 2 1 · · 3년 정근상 
수여 대상임
- 10 -
관계기관 의견
  전북제일고등학교는 감사 결과를 수용하면서 앞으로 관련 법령을 숙지하여 
나이스 수상대장 관리를 철저히 수행하겠다는 의견을 제시하였다.
연 번학 년 도학생명 수상명 수상
연월일
출결상황
부적정 내용
결 석지 각조 퇴결 과
11 ***
(*-*) 3년 개근상 20**. *. *. · 1 1 · 3년 정근상 
수여 대상임
12 ***
(*-*) 3년 개근상 20**. *. *. 1 1 · · 3년 정근상 
수여 대상임
13 ***
(*-*) 3년 개근상 20**. *. *. · 1 1 · 3년 정근상 
수여 대상임
14 ***
(*-*) 3년 개근상 20**. *. *. · · · 1 3년 정근상 
수여 대상임
15 ***
(*-*) 3년 개근상 20**. *. *. 1 4 1 · 3년 정근상 
수여 대상임
16 ***
(*-*) 3년 개근상 20**. *. *. · · 1 · 3년 정근상 
수여 대상임
17 ***
(*-*) 3년 개근상 20**. *. *. · 4 · · 3년 정근상 
수여 대상임
18 ***
(*-*) 3년 개근상 20**. *. *. · 4 1 · 3년 정근상 
수여 대상임
19 ***
(*-*) 3년 개근상 20**. *. *. 1 1 2 · 3년 정근상 
수여 대상임
20 ***
(*-*) 3년 개근상 20**. *. *. · 3 · · 3년 정근상 
수여 대상임
21 ***
(*-*) 3년 개근상 20**. *. *. 1 1 1 · 3년 정근상 
수여 대상임
22 ***
(*-*) 3년 개근상 20**. *. *. · 3 · · 3년 정근상 
수여 대상임
23 ***
(*-*) 3년 개근상 20**. *. *. 1 1 4 · 3년 정근상 
수여 대상임
24 ***
(*-*) 3년 개근상 20**. *. *. · · 2 · 3년 정근상 
수여 대상임
25 ***
(*-*) 3년 개근상 20**. *. *. 1 1 · · 3년 정근상 
수여 대상임
- 11 -
조치할 사항 
전북제일고등학교장은 
① 앞으로 관련 법령과 규정 등에 따라 학생 수상 관리 업무를 철저히 하여 
주시기 바랍니다.
②〔시정〕 20**학년도 3년 개근상 수상자로 잘못 입력된 학생 25명의 
학교생활기록부 수상경력을 3년 정근상으로 정정 처리하시기 
바랍니다.
③〔주의〕 관련자에게 ‘주의’ 조치하시기 바랍니다. [주의 1명]
- 12 -
전북특별자치도교육청
주의 및 시정 요구
제        목     학업중단(자퇴) 학생 출결상황 처리 부적정
소 관  기 관     전북제일고등학교
조 치  기 관     전북제일고등학교
내        용
1. 업무개요
  전북제일고등학교는 「초‧중등교육법」제25조(학교생활기록) 및 「학교생활기록 
작성 및 관리지침」(교육부훈령) 제8조(출결상황)에 따라 학생들의 결석, 지각, 
조퇴, 결과 등 출결에 관한 사항을 관리하고 있다.
2. 관계법령 및 판단기준
  교육부의 “20**~20**학년도 학교생활기록 작성 및 관리지침(교육부훈령)” 제8조 
별표 8(출결상황 관리 등)에 따르면 수업일수는 학교장이 정한 학년별 학생이 연간 
총 출석해야 할 일수를 말하고, 학적변동(면제·유예·휴학·제적·자퇴·퇴학·전출 등) 
당일까지를 수업일수에 산입한다고 되어 있다. 또한 교육부의“20**~20**학년도 
학교생활기록부 기재요령”에 따르면 학생이 전출·휴학·제적·자퇴·퇴학할 
경우에도 원적교에서는 해당 학생이 재학할 때까지의 각종 자료를 교육정보시스템등에 
입력하여 보관해야 한다고 되어 있고, ‘각종 자료’라 함은 학적 특기사항, 출결상황, 
일련번호 전북제일고등학교-3
- 13 -
창의적 체험활동상황 영역별 특기사항, 교과학습발달상황 세부능력 및 특기사항, 
행동특성 및 종합의견 등을 말한다고 되어 있다.
3. 감사결과 확인된 문제점 
  그런데도 전북제일고등학교는 20**. *. *. 건강상 사유로 자퇴를 한 *학년 *반 
*** 학생의 학적 변동사항을 반영하면서 20**. *. *. 기준으로 출결마감을 하여 
해당 학년도 학교생활기록부 수업일수를 실제 수업일수인 142일에서 40일 부족한 
102일로 기재하는 등 【표】“학업중단(자퇴) 학생 출결상황 처리 부적정 현황”과 
같이 20**~20**학년도 학업중단 학생 6명의 학교생활기록부 출결상황을 학적 
변동일 기준으로 처리하지 않은 사실이 있다.
【표】 학업중단(자퇴) 학생 출결상황 처리 부적정 현황
학년도 학 년반 번 호학생명
학적 변동일
(자퇴일)
학 교 생 활 기 록 부 
출결마감일
수업일수
(나이스)
수업일수
(학교생활
기록부)
오차
20**
* * * *** ****.*.*. ****.*.*. 142 102 40일
* * * *** ****.*.*. ****.*.*. 115 99 16일
* * * *** ****.*.*. ****.*.*. 147 91 56일
* * * *** ****.*.*. ****.*.*. 34 0 34일
* * * *** ****.*.*. ****.*.*. 144 125 19일
20** * * * *** ****.*.*. ****.*.*. 155 147 8일
- 14 -
※ 학업중단(자퇴) 학생 출결상황 불일치 세부 현황
학  년  도 학
년
반 번
호
학생명
나이스 출결상황 학교생활기록부 출결상황
결석 지각 조퇴 결석 지각 조퇴
질
병
미
인
정
질
병
미
인
정
질
병
미
인
정
질
병
미
인
정
질
병
미
인
정
질
병
미
인
정
20**
* * * *** 22 32 1 13 4 6 2 26 1 12 4 4
* * * *** 7 8 1 24 4 2 6 8 1 21 1 2
* * * *** 6 · 12 · 3 · 6 · 6 · 3 ·
* * * *** · · 3 · 2 1 · · · · · ·
* * * *** 15 72 · 12 · · 15 53 · 12 · ·
20** * * * *** 4 1 · · · · 4 · · · · ·
관계기관 의견
  전북제일고등학교는 감사 결과를 수용하면서 앞으로 관련 법령을 숙지하여 
학업중단(자퇴) 학생 출결상황 관리를 철저히 수행하겠다는 의견을 제시하였다.
조치할 사항 
전북제일고등학교장은 
① 앞으로 관련 법령과 규정 등에 따라 학업중단 학생 출결 관리 업무를 
철저히 하여 주시기 바랍니다.
②〔시정〕 20**~20**학년도 학업중단(자퇴) 학생 6명의 학교생활기록부 
출결상황을 정정 처리하시기 바랍니다.
③〔주의〕 관련자에게 ‘주의’ 조치하시기 바랍니다. [주의 2명]
- 15 -
전북특별자치도교육청
주의 요구
제        목     교육활동 침해행위 예방교육 부적정
소 관  기 관     전북제일고등학교
조 치  기 관     전북제일고등학교
내        용
1. 업무개요
  전북제일고등학교는 소속된 학생 또는 그 보호자 등이 교육활동 중인 교원에 
대하여 침해행위 하는 것을 예방하기 위하여 「교원의 지위 향상 및 교육활동 
보호를 위한 특별볍」 등 관련 법령에 따라 교육활동 침해행위 예방교육을 
실시하고 있다. 
2. 관계법령 및 판단기준
  「교원의 지위 향상 및 교육활동 보호를 위한 특별법」 제24조(교육활동 
침해행위 예방교육) 제1항에 따르면 고등학교 이하 각급학교의 장은 교직원·
학생·학생의 보호자를 대상으로 교육활동 침해행위 예방교육을 매년 1회 이상 
실시하여야 한다고 되어 있고,
일련번호 전북제일고등학교-4
- 16 -
  「전북특별자치도교육청 교권침해로부터 안전한 교육활동 보호 조례」 제15조
(교육활동침해 예방교육) 제2항에 따르면 교육감은 교직원과 학생, 보호자를 대상
으로 교육권의 조화로운 실현을 도모하기 위한 적절한 교육을 매년 1회 이상 
실시 하여야 한다고 되어 있다.
3. 감사결과 확인된 문제점 
  그런데도 전북제일고등학교는 20**학년도 교직원·학생·학생의 보호자를 
대상으로 교육활동 침해행위 예방교육을 실시하지 않은 등 【표】“교육활동 
침해행위 예방교육 부적정 현황”과 같이 20**학년도부터 20**. *. *. 감사일 
현재까지 교육활동 침해행위 예방교육을 실시하지 않은 사실이 있고, 
  특히, 202*. *. *., 202*. *. *. 학생에 의한 교원의 교육활동 침해 사안이 발생
하였음에도 학생을 대상으로 교육활동 침해 예방교육을 한번도 실시하지 않은 
사실이 있다.
【표】 교육활동 침해행위 예방교육 부적정 현황
학년도
대상별 예방교육 실시 여부
교직원 학생 학생의 보호자
20** 미실시 미실시 미실시
20** ○
(20**. *. *. 실시) 미실시 ○
(20**. *. *. 실시)
20** ○
(20**. *. *. 실시) 미실시 ○
(20**. *. *. 실시)
20**. *. *.
감사일 현재 미실시 미실시 ○
(20**. *. *. 실시)
- 17 -
관계기관 의견
  전북제일고등학교는 감사 결과를 수용하면서 앞으로 관련 법령을 숙지하여 
교육활동 침해행위 예방교육을 철저히 수행하겠다는 의견을 제시하였다.
조치할 사항 
전북제일고등학교장은 
① 앞으로 관련 법령과 규정 등에 따라 교육활동 침해행위 예방교육을 
철저히 하여 주시기 바랍니다.
②〔주의〕 관련자에게 ‘주의’ 조치하시기 바랍니다. [주의 2명]
- 18 -
전북특별자치도교육청
주의 및 시정(회수) 요구
제        목     기간제 교원 호봉 획정 부적정
소 관  기 관     전북제일고등학교
조 치  기 관     전북제일고등학교 외 1개 기관
내        용
1. 업무개요
  전북제일고등학교는 「교육공무원법」 및 학교법인 「이리학원 정관」에  따라 
기간제 교사 채용 업무를 수행하고 있다.
2. 관계법령 및 판단기준
   학교법인 「이리학원 정관」 제45조(보수)에 따라 준용되는 「공무원 
보수규정」제8조(초임호봉의 획정) 제2항에 따르면 공무원의 초임호봉은 
[별표15] 공무원의 초임 호봉표 등에 의하여 획정하도록 되어 있고, 「교육
공무원 호봉획정시 경력환산율표의 적용 등에 관한 예규(교육부예규)」 
[별표1] 교육공무원 등의 경력환산율표 적용 기준  3. 유사경력, 라. 그 밖의 
경력, 7) 공공기관 등 근무 경력에 따르면 「사립학교법」 제2조제1항 및 
제2호에 규정된 사립학교 또는 학교법인에서 행정․경영․연구․기술분야에서 
근무한 경력은 50%이내의 환산율을 적용한다고 되어 있다. 
일련번호 전북제일고등학교-5
- 19 -
3. 감사결과 확인된 문제점 
  그런데도 전북제일고등학교는 20**. *. *.자 신규 임용 기간제 교원 C의호봉을 
획정하면서 사립학교(○○대학교) 행정조교1) 경력(1년 8개월, 50% 인정 경력)을 
100%로 상향 인정하여 초임 호봉(13호봉)을 정당 호봉(12호봉)보다 1호봉 높게 
획정한 사실이 있고,
 이후 20**. *. *.자 및 20**. *. *.자 기간제 교원 C와 재계약하면서 정당
호봉보다 각각 1호봉을 높게 획정한 결과 【표】“기간제 교원 호봉 획정 잘못에 
따른 인건비 부적정 지급 현황”과 같이 20**~20**학년도 총 4,303,230원을 
부적정하게 지급한 사실이 있다.
【표】 기간제 교원 호봉 획정 잘못에 따른 인건비 부적정 지급 현황(요약)
(단위 : 원)
1) ‘◌◌대학교 전력조회 회신’(◌◌대학교 교수지원팀-****, 20**. *. **.): ◌◌대학교 ◌◌교육과 행정조교 20**. *. *.~20**. *. **.(8개월) 
(담당업무: 행정 및 수업지원), ◌◌대학교 ◌◌학과 행정조교 20**. *. *.~20**. *. **.(1년)(담당업무: 행정 및 수업지원)
직 성명
호봉 잘못 획정 내역 인건비 부적정 지급액
비고
학 년 도기 획 정
호봉
정당
호봉
기 지 급 액
(A)
정당
지급액
(B)
부적정 
지급액
(A-B)
기 간 제
교 원 C
20** 13 12 3 8 ,7 2 2 ,0 0 036,731,5901,990,410
최초 계약
(20**. *. *.~
20**. *. *.)
퇴직금 포함
20** 14 13 42,406,17040,429,6501,976,520
재계약
(20**. *. *.~
20**. *. *.)
퇴직금 포함
20** 15 14 8,376,000 8,039,700 336,300
재계약
(20**. *. *.~
20**. *. *.)
합계 89,504,17085,200,9404,303,230
행 정 조 교  경 력((정 당 
50% )을  100% 인정
하여 호봉 획정
- 20 -
※ 기간제 교원 호봉 획정 부적정에 따른 인건비 부적정 지급 세부 현황
(단위 : 원)
<생략>
- 21 -
관계기관 의견
  전북제일고등학교는 감사 결과를 수용하면서 앞으로 관련 법령을 숙지하여 
호봉획정 업무를 철저히 수행하겠다는 의견을 제시하였다.
조치할 사항 
전북제일고등학교장은 
①〔시정〕 잘못 획정된 기간제 교원의 호봉을 정정하시고, 부적정하게 지급된 
인건비 4,303,230원을 기간제 교원 C로부터 ‘회수’하여 교비회계로 
세입 조치하시기 바랍니다.
②〔주의〕 관련자에게 ‘주의’ 조치하시기 바랍니다. [주의 2명]
전북특별자치도교육감은 
①〔주의〕 관련자에게 ‘주의’ 조치하시기 바랍니다. [주의 1명]
- 22 -
전북특별자치도교육청
경고 요구
제        목     교비회계 예산 편성 부적정 
소 관  기 관     전북제일고등학교
조 치  기 관     전북제일고등학교
내        용
1. 업무 개요
  전북제일고등학교는 「사학기관 재무회계 규칙」 및 전북특별자치도교육청
(구, 전라북도교육청)의“사학기관 예산편성 및 운영지침(교비회계)”에 따라 교비
회계 예산을 편성 및 운영하고 있다.
2. 관계법령 및 판단기준  
  가. 교비회계 예산 편성 및 공개 부적정
  「사학기관 재무․회계 규칙」제16조(예산편성절차), 제18조(추가경정예산), 제24조
(예산과 결산의 제출), 「사립학교법 시행령」제14조(예산과 결산의 보고 및 공시) 및 
“사학기관 예산편성 및 운영지침(교비회계)”에 따르면 학교법인은 교비회계 
예산서를 매 회계연도 개시 5일 이전에 관계부속 서류를 첨부하여 관할청에 
일련번호 전북제일고등학교-6
- 23 -
보고하고 당해 학교의 인터넷 홈페이지에 게재하여 1년간 공개하여야 한다고 
되어 있다. 또한, 학교의 장은 예산 확정 후 생긴 사유로 인하여 이미 성립된 
예산에 변경을 가할 필요가 있는 때에는 「사학기관 재무․회계 규칙」제16조 
절차에 준하여 추가경정예산을 편성할 수 있고 추가경정예산은 예산이 확정된 
날로부터 15일 이내에 해당 예산을 관할청에 보고하여야 한다고 되어 있으며, 
학교장은 편성된 교비회계 예산안을 학교운영위원회의 심의를 거쳐 당해 학교 
법인의 이사장에게 제출하여야 하며, 이사장은 학교의 장으로부터 제출된 예산안을 
이사회의 의결을 받아 학교의 장에게 그 결과를 송부하도록 되어 있다.
  나. 간주처리 예산 편성 부적정
  전북특별자치도교육청(구, 전라북도교육청) “사학기관 예산편성 및 운영지침”에 
따르면 간주처리예산 편성은 회계연도 말 국가 또는 지방자치단체 등으로부터 
목적지정지원금이 교부되어, 일정상 현실적으로 학교운영위원회 및 이사회에서 
추가경정예산을 심의하기가 어려운 경우에 별도의 절차 없이 학교운영위원회 
자문 및 이사회 심의·의결을 받은 것으로 간주하고 학교장이 예산을 성립시키는 
것으로써 간주처리 대상은 목적이 지정된 전입금, 보조금, 지원금으로 한정한다고 
되어 있다. 또한, 교비회계 추가경정예산은 예산이 확정된 날로부터 15일 이내에 
관할청에 보고하여야 한다고 되어 있으며, 간주처리예산은 사전·사후 학교운영
위원회에 설명 및 소명 등을 하여야 한다고 되어 있다.
3. 감사결과 확인된 문제점 
  가. 교비회계 예산 편성 및 공개 부적정
  그런데도 전북제일고등학교는 2021. 6. 14.~6. 16., 6. 18.(4일) 실시한 재무감사 결과 
“교비회계 예산편성 및 공개 소홀”과 관련하여 “주의” 처분을 받고서도, 
- 24 -
2021. 9. 17. “2021회계연도 제2차 추가경정예산”을 관할청(전북특별자치도교육청)에 
정해진 기일보다 95일 지연하여 보고하는 등 【표】“교비회계 예산 편성 및 
공개 부적정 현황”과 같이 2021~2025회계연도 총 12건(2021회계연도 1건, 2022회
계연도 3건, 2023회계연도 4건, 2024회계연도 3건, 2025회계연도 1건)의 본예산 
및 추가경정예산에 대하여 이사회 의결 전 예산을 확정하였고, 관할청(전북특별
자치도교육청)에 최소 1일에서 최대 113일 지연 보고하였으며, 학교 홈페이지에 
최소 1일에서 최대 232일 지연 공개한 사실이 있다.
【표】 교비회계 예산 편성 및 공개 부적정 현황
연번 회계
연도 구 분
학교법인
이사회 
의결일
학교장
예산 확정일
관할청 보고일
(도교육청) 예산 공개일 부적정 내역
1 2021 2회 추경 2025. 9. 15. 2021. 9. 17. 2022. 1. 5.
(95일 지연)
2021. 10. 5.
(8일 지연)
- 관할청 지연 보고
- 지연 공개
2
2022
본예산 2022. 2. 14. 2022. 2. 14. 2022. 2. 23. 2022. 10. 12.
(232일 지연) - 지연 공개
3 1회 추경 2022. 4. 18. 2022. 4. 18. 2022. 9. 1.
(121일 지연)
2022. 10. 12.
(178일 지연)
- 관할청 지연 보고
- 지연 공개
4 2회 추경 2022. 8. 30. 2022. 8. 30. 2022. 9. 1. 2022. 10. 12.
(33일 지연) - 지연 공개
5
2023
본예산 2023. 2. 16. 2023. 2. 20. 2023. 2. 24.
(1일 지연)
2023. 2. 24.
(1일 지연)
- 관할청 지연 보고
- 지연 공개
6 1회 추경 2023. 4. 12. 2023. 4. 12. 2023. 5. 22.
(25일 지연)
2023. 5. 22.
(30일 지연)
- 관할청 지연 보고
- 지연 공개
7 3회 추경 2024. 1. 31. 2024. 2. 2.. 2024. 2. 23.
(6일 지연)
2024. 3. 4.
(22일 지연)
- 관할청 지연 보고
- 지연 공개
8 4회 추경 2024. 2. 27. 2024. 2. 27. 2024. 3. 20.
(6일 지연) 2024. 3. 4. - 관할청 지연 보고
9
2024
본예산 2024. 1. 31. 2024. 2. 2. 2024. 2. 23. 2024. 3. 20.
(26일 지연) - 지연 공개
10 1회 추경 2024. 4. 23. 2024. 4. 22.
(의결전 확정)
2024. 8. 28.
(113일 지연) 2024. 4. 24.
- 이사회 의결전 
예산확정
- 관할청 지연 보고
11 3회 추경 2025. 1. 22. 2025. 1. 22. 2025. 2. 14.
(8일 지연)
2025. 4. 24.
(83일 지연)
- 관할청 지연 보고
- 지연 공개
12 2025 본예산 2025. 1. 22. 2025. 1. 22. 2025. 2. 14. 2025. 4. 24.
(61일 지연) - 지연 공개
- 25 -
※ 본예산 
 - (절  차) 예산안확정→학운위심의→이사회심의․의결→예산확정→공개
 - (이사회) 회계연도 개시 10일 전까지 의결 
 - (관할청) 회계연도 개시 5일 전까지 보고 
 - (공  개) 회계연도 개시 5일 전까지 홈페이지에 1년간 공개 
※ 추가경정예산
 - (절  차) 본예산의 편성 절차에 준함(예산안확정→학운위심의→이사회심의․의결→예산확정→공개)
 - (관할청) 예산확정일(학교법인 의사회 의결 전 확정한 경우 의결일)로부터 15일 이내 보고
 - (공  개) 추가경정예산 확정 후 홈페이지에 1년간 공개
  나. 간주처리 예산 편성 등 부적정
  또한, 전북제일고등학교는 2022. 2. 27. “2021회계연도 5차 추가경정예산
(간주처리 예산)”을 편성하면서 간주처리 예산 편성 대상이 아닌 사업비를 감액
(특수교육 치료지원비, 금액 1,400,000원)하여 편성하는 등 【표】“교비회계 간주
처리 예산 편성 등 부적정 현황”과 같이 간주 처리 대상이 아닌 사업 총 2건,    
합계 2,440,000원을 감액하여 부적정하게 편성한 사실이 있고, 
  2021회계연도 5차 추가경정예산(간주처리 예산)을 관할청(전북특별자치도교육청)에 
보고하지 않았으며, 사전·사후 학교운영위원회에 설명 및 소명 등을 하지 않았고 
홈페이지에 공개하지 않은 사실이 있다.
【표】 교비회계 간주처리 예산 편성 등 부적정 현황
(단위: 원)
회계
연도 구 분 항 목 내역 예산액
간주처리
대상여부
(○,×)
부적정 내역
2021
5회 추경
(2022.2.27.
확정)
교 육 비 특 별 회 계
전 입 금 수 입
사 립 학 교
보 조 금 수 입
특수교육
치료지원비△1,440,000
×
(목적사업비 
감액)
- 학교운영위원회 
사 전․사 후  미 소 명
- 관할청 미보고
- 홈페이지 미공개
기타공공
이전수입
기타공공
지원금 교생실습비△1,000,000 ×
(지원금 감액)
합  계 △2,440,000
- 26 -
관계기관 의견
  전북제일고등학교는 감사 결과를 수용하면서 앞으로는 관련 법령을 숙지하여 
교비회계 예산 편성 업무를 철저히 수행하겠다는 의견을 제시하였다.
조치할 사항 
전북제일고등학교장은 
① 앞으로 관련 법령과 규정 등에 따라 교비회계 예산편성 업무를 철저히 하여 
주시기 바랍니다.
②〔경고〕 관련자에게 ‘경고’조치하시기 바랍니다. [경고 1명]
- 27 -
 전북특별자치도교육청
 경고 ․ 시정(회수) 요구 및 통보
제        목     업무추진비 집행 부적정 
소 관  기 관     전북제일고등학교
조 치  기 관     전북제일고등학교 외 1개 기관
내        용
1. 업무 개요
  전북제일고등학교는 「사학기관 재무회계 규칙」 및 전북특별자치도교육청
(구, 전라북도교육청)의“사학기관 예산편성 및 운영지침(교비회계)”등의 관계 법령에 
따라 교비회계 업무추진비를 집행하고 있다.
2. 관계법령 및 판단기준  
  가. 업무추진비 예산집행 과목 부적정
   「사학기관 재무·회계 규칙」제15조의2(예산과목의 구분) 제1항 및 전북
특별자치도교육청(구, 전라북도교육청)의“사학기관 예산편성 및 운영지침”에 
따르면 세출예산은 예산과목(원가통계비목)별로 적용범위가 구분되어 있으며, 
교육운영비(교육운영비, 학생복지비 등)는 학생 교과활동 지원을 위해 소요되는 각종 
경비이고, 일반운영비(일반수용비, 운영수당, 교직원복지비 등)는 학교 운영에 소요되는 
일반적인 경비라고 되어 있다. 
일련번호 전북제일고등학교-7
- 28 -
  또한, 일반업무추진비는 각급 학교의 운영 및 유관기관과의 업무 추진, 직책
수행 등의 직무수행에 소요되는 제반 경비, 학교 교육계획에 의한 주요행사 
및 각종 교육사업 등 원활한 사업추진을 위해 소요되는 경비로 교육활동을 위한 
워크숍 및 교직원 협의회 등 경비는 업무추진비로 편성하여 집행하여야 하며, 
목적사업업무추진비는 지방자치단체 및 교육청, 공공기관에서 지원한 사업비로 
특정 목적을 수행하기 위하여 추진하는 사업의 업무추진비라고 되어 있다.
  나. 업무추진비 상한액 초과 집행
  전북특별자치도교육청(구, 전 라 북 도 교 육 청)의 “사학기관 예산편성 및 운영지침”에 
따르면 간담회 등 접대비는 특별한 사유가 없는 한 1인 1회당 4만 원 이하 범위에서 
집행하고, 행사 성격 등 불가피한 경우에는 증빙서류 등에 사유를 명시하고 4만원을 
초과하여 집행할 수 있으며, 다만 ｢청탁금지법｣1) 적용대상인 경우에는 ｢청탁금지법｣을 
따르며 접대비는 낮은 금액 기준에 따른다고 되어 있다.
3. 감사결과 확인된 문제점 
  가. 업무추진비 집행 과목 부적정
  그런데도 전북제일고등학교는 20**. *. *.‘◌◌◌◌ 동아리 교사 협의회’지출 
건으로‘업무추진비’가 아닌 ‘교육운영비’에서 132,000원을 집행하는 등 
【표】“업무추진비 집행 과목 부적정 내역”과 같이 2021~2024회계연도 총 24건 
(2021회계연도 4건 1,077,700원, 2022회계연도 10건 1,399,900원, 2023회계연도 6건 
2,577,800원, 2024회계연도 4건 3,795,000원) 총 24건, 합계 8,850,400원에 대해 
예산과목을 준수하지 않고 업무추진비를 부적정하게 집행한 사실이 있다. 
1) 「부정청탁 및 금품 등 수수의 금지에 관한 시행령」(약칭: 청탁금지법)(2024. 8. 27.일부개정) 제17조제1항에 따르면 
법 제8조제3항제2호 본문에서 “대통령령으로 정하는 가액 범위”란 별표1*에 따른 금액을 말한다
  * 음식물 등의 가액 범위: (현행) 3만원 → (개정) 5만원 (2024. 8. 27.시행)
- 29 -
【표】 업무추진비 집행 과목 부적정 내역   
                                                                      
회계
연도 건 명 채주 금액(원)
집행과목
지출일자
실제 정당
2021
[***] 동아리 
교사협의회 *** 132,000 교육운영비 업 무 추 진 비2021. 12. 24.
*** 
협의회 *** 109,700 운영수당 업 무 추 진 비2021. 12. 24.
[***] 동아리 
교사협의회 *** 728,000 교육운영비 업 무 추 진 비2022. 1. 21.
*** 
운영협의회 *** 108,000 교육운영비 업 무 추 진 비2022. 1. 21.
2021회계연도 소계 ( 4건 ) 969700
2022
***  
협의회 *** 100,000 교육운영비 업 무 추 진 비2022. 5. 20.
***  협의회 *** 183,900 교육운영비 업 무 추 진 비2022. 5. 20.
***  교사협의회 *** 126,000 교육운영비 업 무 추 진 비2022. 6. 22.
[*** ] 학습공동체 협의회 *** 100,000 교육운영비 업 무 추 진 비2022. 7. 21.
[*** ] 수학교과 협의회 *** 146,000 교육운영비 업 무 추 진 비2022. 7. 21.
***  과목별 간담회 *** 73,000 교직원복지
비 업 무 추 진 비2022. 10. 21.
***  
협의회 *** 100,000 교육운영비 업 무 추 진 비2022. 10. 21.
[*** ] 교사 협의회 *** 100,000 교육운영비 업 무 추 진 비2022. 11. 11.
*** 교사 협의회 *** 143,000 교육운영비 업 무 추 진 비2023. 1. 20.
***  협의회 *** 328,000 교육운영비 업 무 추 진 비2023. 1. 20.
2022회계연도 소계 ( 10건 ) 2041600
2023
***  
협의회 *** 146,300 학생복지비 업 무 추 진 비2023. 5. 23.
[*** ] ***  협의회 *** 315,000 교육운영비 업 무 추 진 비2023. 6. 22.
*** 
협의회 *** 394,500 일반수용비 업 무 추 진 비2023. 7. 21.
교직원 전별행사 *** 220,000 일반수용비 업 무 추 진 비2023. 9. 22.
[*** ]*** ,
***  협의회 *** 529,000 교육운영비 업 무 추 진 비2024. 1. 23.
교직원 퇴임식 행사 *** 973,000 일반수용비 업 무 추 진 비2024. 2. 29.
2023회계연도 소계 ( 6건 ) 3646400
- 30 -
  
나. 업무추진비 1인당 집행상한액 초과 집행
  또한, 전북제일고등학교는 20**. *. *. ‘학교 ◌◌◌◌◌ 워크숍 식비’
건으로 교직원 50명의 식비 2,430,000원을 집행하면서 1인당 40,000원 이하 
범위 내에서 집행하지 아니하고 1인당 48,600원(8,600원 초과)을 집행하여 총 
430,000원을 초과하여 집행한 사실이 있다.
※ 업무추진비 집행상한액 초과 내역
(단위: 원)
회계
연도 건명 지출
금액
집행
일자
대상
인원
1인당
집행
금액
집행기준 초과내역
(1인당 4만원 상한)
부적정
사유1인당 
집행단가
초과분
총 
집행금액
초과분
2024 학교 ◌◌◌◌◌워크숍 
식비 2,430,000 2024. 
12. 13. 50명 48,600 8,600 430,000 - 집 행 상 한액 
초과
회계
연도 건 명 채주 금액(원)
집행과목
지출일자
실제 정당
2024
*** 
공동체 협의회 *** 150,000 학생복지비 업 무 추 진 비2024. 8. 26.
***  
협의회 *** 315,000 교육운영비 업 무 추 진 비2024. 10. 23.
*** 
워크숍 식비 *** 2,430,000 교 직 원 복 지 비업 무 추 진 비2025. 1. 23.
2025. 2월 퇴임식 행사 *** 900,000 일반수용비 업 무 추 진 비2025. 2. 28.
2024회계연도 소계 ( 4건 ) 465000
합  계 ( 24건 ) 8,850,400
- 31 -
관계기관 의견
  전북제일고등학교는 감사 결과를 수용하면서 앞으로 관련 법령을 숙지하여 
업무추진비 집행을 철저히 수행하겠다는 의견을 제시하였다.
조치할 사항 
전북제일고등학교장은 
①〔통보〕 앞으로 동일한 지적사례가 발생하지 않도록 소속 직원들에게 업무추진비 
집행 관련 교육을 실시하시기 바랍니다.
②〔시정〕 1인당 집행 상한액(40,000원)을 초과하여 집행한 업무추진비 
430,000원을‘회수’하여 교비회계에 세입 조치하시기 바랍니다.
③〔경고〕 관련자에게 ‘경고’ 조치하시기 바랍니다. [경고 1명]
전북특별자치도교육감은 
①〔경고〕 관련자에게 ‘경고’ 조치하시기 바랍니다. [경고 3명]
- 32 -
 전북특별자치도교육청
주의 요구 및 통보
제        목     현금출납부 관리 부적정
소 관  기 관     전북제일고등학교
조 치  기 관     전북제일고등학교
내        용
1. 업무개요
  전북제일고등학교는 「사학기관 재무·회계 규칙」 및 “사학기관 예산편성 
및 운영지침”에 따라 학교회계를 두고 현금의 출납사무 업무를 담당하고 있다.
2. 관계법령 및 판단기준
  「사학기관 재무·회계 규칙」제53조(학교에 비치할 장부와 서류)에 따르면 
학교에서는 금전출납부 및 수입·지출외 현금출납부를 비치 하도록 되어 있고, 
전북특별자치도교육청의 “사학기관 예산편성 및 운영지침”에 따르면 
학교에서는 매월 말일 기준으로 K-에듀파인 학교회계시스템의 현금출납부
(학교회계 및 세입세출외현금)를 출력하여 잔액증명서 또는 통장사본(인터넷뱅킹 
잔액조회결과)1)을 첨부하고 학교장의 결재를 받아 비치하여야 한다고 되어 있다.
1) 행정업무간소화를 위하여 학교회계 계좌의 금융거래내역을 종이통장 또는 금융기관에서 발급한 거래내역확인서
(인터넷뱅킹 포함) 중 학교 자율 선택 보관 [예산과-2732(2018.3.22.)]
일련번호 전북제일고등학교-8
- 33 -
3. 감사결과 확인된 문제점
  그런데도 전북제일고등학교는 2022. 2월말 기준 K-에듀파인 학교회계
시스템의 학교회계 현금출납부를 2022. 4. 4.자에 출력하여 잔액증명서 또는 
통장사본을 첨부하지 않은 채 학교장의 결재를 받아 비치하는 등 【표1】
“학교회계 현금출납부 관리 부적정 현황”과 같이 2022. 2. ~ 2025. 4. (총 39개월) 
학교회계 현금출납부에 대하여 매월 말일 기준 현금출납부를 확인하지 않고 
최소 1월~최대 1년 4월을 지연하여 일괄 출력하거나 잔액증명서 또는 통장
사본을 첨부하지 않고 학교장의 결재1)를 받아 비치한 사실이 있다.
【표1】 학교회계 현금출납부 관리 부적정 현황
  (금액단위: 원)
회계연도 기간
(월)
매월 말일 기준 현금출납부 관리 부직정 내역
잔액증명서
(통장사본)
첨부여부
학교장 
결재
여부
현금출납부
비치여부
(출력일자)
현금출납부 
결재
지연월수2)
(월말기준)
2021~ 2025　
2022. 2~
2025. 4
(총 39개월)
X O
(단, 지연결재)
O
(단, 지연출력)
최소 1월~
최대 1년 4월
※ 상세내역은 【붙임 1】 참고
  또한, 전북제일고등학교는 2021. 6월말 기준 K-에듀파인 세입세출외현금 
현금출납부를 비치하지 않고 학교장 결재를 받지 않는 등 【표2】“세입
세출외현금 현금출납부 관리 부적정 현황”과 같이 2021. 6월부터 2025. 4월까지 
총 47개월간의 세입세출외현금 현금출납부에 대하여 매월 말일 기준으로 잔액증명서 
또는 통장사본을 첨부한 현금출납부를 비치하지 않고 학교장의 결재도 받지 
않은 사실이 있다.
1) 결재라인: 담당자-행정부장-행정실장-교장
2) 현금출납부 결재 지연월수: 현금출납부 출력일자를 학교장 결재일로 간주하여 매월 말일 기준 1개월 이상 초과한 기간
(일 단위 절사)
- 34 -
【표2】 세입세출외현금 현금출납부 관리 부적정 현황
  (금액단위: 원)
회계연도 기간
(월)
매월 말일 기준 현금출납부 관리 부적정 내역
잔액증명서
(통장사본)
첨부여부
학교장 
결재여부
현금출납부
비치여부1)
2021~2025
2021. 6~
2024. 4
(총 47개월)
X X X
 ※ 상세내역은 【붙임 2】 참고
관계기관 의견
  전북제일고등학교는 감사 결과를 수용하면서 앞으로 관련 법령을 숙지하여 
현금출납부 관리를 철저히 수행하겠다는 의견을 제시하였다.
조치할 사항 
전북제일고등학교장은 
①〔통보〕 앞으로 동일한 지적사례가 발생하지 않도록 회계관련 소속 직원들에게 
현금출납부 관리에 관한 교육을 실시하시기 바랍니다.
②〔주의〕 관련자에게 ‘주의’ 조치하시기 바랍니다. [주의 3명]
1) 감사대상기간에 해당하는 현금출납부를 2025. 5. 20.자에 K-에듀파인시스템에서 일괄출력하여 보관
- 35 -
【붙임 1】 학교회계 현금출납부 관리 부적정 현황
  (금액단위: 원)
<생략>
- 36 -
【붙임 2】 세입세출외현금 현금출납부 관리 부적정 현황
  (금액단위: 원)
<생략>
- 37 -
 전북특별자치도교육청
경고 및 시정 요구
제        목     물품 관리 부적정
소 관  기 관     전북제일고등학교
조 치  기 관     전북제일고등학교
내        용
1. 업무개요
  전북제일고등학교는 기관 운영 및 환경개선 등을 위한 비품구입비를 예산에 
반영하고 「사학기관 재무·회계 규칙」에 따라 물품을 구입 및 관리하고 있다.
2. 관계법령 및 판단기준
  「사학기관 재무·회계 규칙」제49조(물품의 관리의무) 및 제50조(물품의 관리), 
제53조(학교에 비치할 장부와 서류)에 따르면 물품관리자·물품출납원 및 
물품사용자는 선량한 관리자로서의 주의와 의무를 다하여야 하고, 물품관리자는 
물품출납의 사유가 생겼을 때에는 물품출납원에게 그 출납을 명하여야 하고 
물품의 출납명령은 각 해당 수급부에 결재날인함으로써 행한다고 되어 있으며, 
학교에는 비품수급부를 비치하여야 한다고 되어 있다.
일련번호 전북제일고등학교-9
- 38 -
3. 감사결과 확인된 문제점   
  그런데도 전북제일고등학교는 2021. 6. 14.~6. 16., 6. 18.(4일) 실시한 재무
감사 결과 물품 미등재 사유로 ‘주의’처분을 받고서도, 2021. 7. 6.에 취득한 
학습용책상 4대 2,596,000원을 비품수급부에 등재하지 않는 등 【표】“물품 
미등재 현황”과 같이 2021~2025회계연도 총 240건(수량 2,346건, 합계 
1,461,972,750원)의 물품을 비품수급부에 등재하지 않은 사실이 있다.
【표】 물품 미등재 현황
회계연도 물품건수 수량 취득금액 합계 부적정 내역
2021~2025
학습용책상 외
239건
(총 240건)
2,346건 1,461,972,750원 물품 취득 후 
비품수급부에 미등재
 ※ 상세내역은 【붙임】 참고
관계기관 의견
  전북제일고등학교는 감사 결과를 수용하면서 앞으로 관련 법령을 숙지하여 
물품 관리를 철저히 수행하겠다는 의견을 제시하였다.
조치할 사항 
전북제일고등학교장은 
① 앞으로 관련 법령과 규정 등에 따라 물품 관리를 철저히 하여 주시기 
바랍니다.
②〔시정〕 미등재 된 물품 2,346건, 합계 1,461,972,750원에 대해 비품수급부에 
즉시 등재하시기 바랍니다.
③〔경고〕 관련자에게 ‘경고’ 조치하시기 바랍니다. [경고 2명]
- 39 -
【붙임】 물품 미등재 현황
<생략>
- 40 -
 전북특별자치도교육청
주의 및 시정(회수) 요구
제        목    시설공사 감독 및 준공정산 부적정
소 관  기 관     전북제일고등학교
조 치  기 관     전북제일고등학교
내        용
1. 업무개요
  전북제일고등학교는 쾌적하고 안전한 교육환경 조성을 위해 “교육환경개선사업, 
고교학점제 공간 조성 등을 위한 시설비를 집행하였다.
2. 관계법령 및 판단기준  
 「지방자치단체를 당사자로 하는 계약에 관한 법률」 제16조(감독) 및 제17조
(검사)에 따르면 계약담당자는 공사·물품·용역 등의 계약을 체결한 경우에 
그 계약을 적절하게 이행하도록 하기 위하여 필요하다고 인정하면 계약서·
설계서 및 그 밖의 관계 서류에 따라 감독하거나 소속 공무원 등에게 그 
사무를 위임하여 감독하게 하여야 하며, 계약상대자가 계약의 전부 또는 일부의 
이행을 끝내면 이를 확인하기 위하여 계약서·설계서 및 그 밖의 관계 서류에 
따라 이를 검사하거나 소속 공무원 등에게 위임하여 검사하게 하여야 한다고 
되어 있으며, 「지방자치단체를 당사자로 하는 계약에 관한 법률 시행령」 
일련번호 전북제일고등학교-10
- 41 -
제64조(검사)제5항에 따르면 검사를 함에 있어서 계약상대자의 계약이행 내용의 
전부 또는 일부가 계약에 위반되거나 부당함을 발견하였을 때에는 지체없이 
필요한 시정조치를 명하여야 한다고 되어 있다.
  또한 「건설기술 진흥법」제56조 및 같은 법 시행규칙 제53조 및 별표6에 
따르면 건설공사의 발주자는 건설공사 계약을 체결할 때 건설공사의 품질
관리에 필요한 비용(이하“품질관리비”라 한다)을 공사금액에 계상하여야 
하고, 품질관리비는 발주자가 확인한 시험성적서 등에 의한 품질관리 활동
실적에 따라 정산한다고 되어 있다.
3. 감사결과 확인된 문제점 
  그런데도 전북제일고등학교는 2024. 2. 28. (유)◎◎◎◎과 계약한(계 약 일 2 02 3 .1 1.30 .)
‘전북제일고 *** 수선 건축공사(계약금액 686,877천원)’를 준공 처리하면서 
화장실의 철제문이 중복계상되어 공사비가 과다하게 산출되었는데도 계약금액을 
조정하지 않고 2,607,190원을 과다 지급하는 등 【표1】“공사비 과다 지급 현황”과 
같이 총 3건에 대해 공사비 합계 9,105,190원을 과다 지급한 사실이 있다.
【표1】 공사비 과다 지급 현황
                                                         (단위: 원) 
순 공사명 계약금액
(천원) 계약자 계약
일자
준공 
일자
공사비 과다 지급내역
실제
지급액
(A)
정당
지급액
(B)
과다
지급액
(C=A-B)
비고
1
전북제일고 
*** 수선 
건축공사
686,877 ◎◎◎◎
D
2023. 
11. 30.
2024. 
2. 28. 2,607,190 0 2,607,190철제문 6개
미시공
2 전북제일고 
**** 공사 672,684 ◇◇◇◇ 
E
2023. 
12. 4.
2024. 
2. 28. 5,921,000 0 5,921,000
싱크대 외 
3건
미시공
3
전북제일고 
*** 수선 건축 
공사
         
  84,396 
◆◆◆◆
F
2024. 
1. 19.
2024. 
3. 18. 577,000 0 577,000 품질시험
미이행
합계 1,443,957 0 9,105,190
- 42 -
【표1-1】 공사비 과다 지급 세부 내역
▷공사명: 전북제일고 ***수선 건축공사                    
(단위: 원)
<생략>
※ 미시공 내역: 첼제문 설치 6개
- 43 -
【표1-2】 공사비 과다 지급 세부 내역
▷공사명: 전북제일고 **** 공사         
                   (단위: 원)
<생략>
※ 미시공 내역: 스터드칸막이설치, 벽체철거, 싱크대 설치
- 44 -
【표1-3】 공사비 과다 지급 세부 내역
▷공사명: 전북제일고 *** ***수선 건축공사    
                            (단위: 원)
<생략>
※ 품질시험 미이행(불필요): 플로어링보드(미사용 자재), 벽용 보드(KS제품 사용) 
관계기관 의견
  전북제일고등학교는 감사 결과를 수용하면서 앞으로 관련 법령을 숙지하여 
공사감독 및 준공검사를 철저히 수행하겠다는 의견을 제시하였다.
조치할 사항 
전북제일고등학교장은
① 앞으로 관련 법령과 규정 등에 따라 시설공사 감독 및 준공검사 업무를 철저히 
하여 주시기 바랍니다.
②〔시정〕 과다 지급된 공사비 9,105,190원을 관련 업체로부터‘회수’하여 
교비회계에 세입 조치하시기 바랍니다
③〔주의〕 관련자에게 ‘주의’ 조치하시기 바랍니다. [주의 2명]"
2.종합감사결과공개자료(탑재용)1부(전주기전여고).pdf,PDF,"전주기전여자고등학교 종합감사 결과 공개
2025. 11.
 (감 사 관)
전주기전여자고등학교 종합감사 결과 공개
 감사결과의 공개는 국민의 알권리 충족과 기관 운영의 투명성을 강화하기 위한 
공익적 조치입니다. 따라서 감사결과 실명이 공개된 모든 기관이 비리에 연관되어 
있는 것은 아님을 알려드립니다. 
□ 감사 개요
○ 감사 기간: 2025. 4. 2.∼4. 4.(3일)
○ 감사 인원: 6명 
○ 감사 범위
 - 교무·학사 2022. 3. 1.~2025. 4. 1.(지난번 감사 이후부터 금번 감사 전일 까지)
 - 행정·회계 2021. 4. 7.~2025. 4. 1.(지난번  감사 이 후부터  금번 감 사 전일  까지)
□ 감사 결과
 ○ 총괄
신분상(명) 행정상(건) 재정상
조치징계 경고 주의 계 기관
주의 시정 통보 개선 계
·
(0건)
12
(5건)
32
(12건)
44
(17건) · 2 2 · 4 ž 회수(3건)  4,540,360원
  합    계  4,540,360원
 ※ ( )안은 신분상 조치 대상자에 대한 지적 건수 총 합계로 중복 건수 존재
 ○ 분야별 지적건수
 
유형별 교무·학사 예산·회계 인사·기타 시설 계
지적사항 8 5 1 2 16
○ 지적사항(총 16건)
연번 제   목 처분요구
   【교무·학사 분야】
1 Ÿ 학업성적관리규정 학업성적관리위원회 미심의  ▪ 주의(3명)
2 Ÿ 학교생활기록부 행동특성 및 종합의견 중복 기재  ▪ 경고(1명) 
 ▪ 주의(2명)
3 Ÿ 학교생활기록부 출결상황 특기사항 개근 미입력  ▪ 주의(3명)
 ▪ 시정
4 Ÿ 결보강 처리 업무 부적정  ▪ 주의(3명)
 ▪ 시정
5 Ÿ 다면평가 및 성과상여금 업무 부적정  ▪ 경고(4명)
6 Ÿ 학교스포츠클럽 등 운영 부적정  ▪ 주의(4명)
7 Ÿ 학교운동부 운영 부적정  ▪ 경고(2명)
 ▪ 주의(2명)
8 Ÿ 교육활동 침해행위 예방교육 부적정  ▪ 주의(2명)
   【예산·회계 분야】
9 Ÿ 현장체험학습 및 교복 구매 계약 업무 부적정  ▪ 경고(3명)
10 Ÿ 물품구매 물품선정위원회 미선정  ▪ 경고(2명)
 ▪ 주의(2명)
11 Ÿ 출장여비 지급 부적정  ▪ 주의(4명)
 ▪ 시정(회수) 511,360원
12 Ÿ 교비회계 유휴자금 운용 부적정  ▪ 통보
13 Ÿ 학교발전기금 운용 부적정  ▪ 주의(3명)
- 4 -
연번 제   목 처분요구
   【인사·기타 분야】
14 Ÿ 사립학교 교원 비위사건 처리 부적정  ▪ 통보
   【시설 분야】
15 Ÿ 공사비 중복계상에 따른 과다 지급  ▪ 주의(2명)
 ▪ 시정(회수) 2,765,000원
16 Ÿ 시설공사 퇴직공제부담금 정산 소홀  ▪ 주의(4명)
 ▪ 시정(회수) 1,264,000원
- 1 -
일련번호 전주기전여자고등학교-1 
전북특별자치도교육청
주의 요구
제        목     학업성적관리규정 학업성적관리위원회 미심의
소 관  기 관     전주기전여자고등학교
조 치  기 관     전주기전여자고등학교
내        용
1. 업무개요
  전주기전여자고등학교는 학업성적 평가 및 관리의 적정을 기하기 위해 교육부의 
“학교생활기록 작성 및 관리지침”과 전북특별자치도교육청(구, 전라북도교육청)의 
“학업성적관리 시행지침 및 관리방안”에 따라 매년 학업성적관리규정을 제정· 
시행하고 있다.
2. 관계법령 및 판단기준  
  교육부의 “학교생활기록 작성 및 관리지침(교육부훈령)”제15조(교과학습
발달상황) 제1항에 따르면 교과학습발당상황의 평가는 별표 9 ‘교과학습
발달상황 평가 및 관리’에 따라 시행한다고 되어 있고, 별표 9의 ‘1. 평가의 
목표 및 방침’에 따르면 시·도교육청에서는 초·중·고등학교별 학업성적관리 
시행 지침을 수립하고, 각급 학교에서는 시·도교육청 학업성적관리 시행지침에 
따라 학교별 세부 학업성적관리규정을 제정하여 활용하도록 되어 있다.
- 2 -
  또한 전북특별자치도교육청(구, 전라북도교육청)의 “20**∼20**학년도 고등학교 
학업성적관리 시행지침 및 관리방안”과 “20**~20**학년도 전주기전여자고등학교 
학업성적관리규정”에 따르면 학업성적 및 평가관리, 학교생활기록부 제반 사항을 
심의하기 위하여 학업성적관리위원회의 기능과 역할을 강화하여 상시 운영한다고 
되어 있고, 학업성적관리규정 제·개정은 학업성적관리위원회 심의 사항으로 
되어 있다. 
3. 감사결과 확인된 문제점 
  그런데도 전주기전여자고등학교는 20**~20**학년도 학업성적관리규정을 
학업성적관리위원회의 심의를 받지 않고 학교장 결재만 받은 후 제·개정하여 
시행한 사실이 있다. 
관계기관 의견
  전주기전여자고등학교는 감사 결과를 받아들이면서 앞으로 관련 지침을 
숙지하여 규정과 절차에 맞게 학업성적 관리 업무를 처리하겠다는 의견을 
제시하였다.
조치할 사항 
전주기전여자고등학교장은 
① 앞으로 관련 규정과 지침에 따라 학업성적 관리 업무를 철저히 하여 주시고,
②〔주의〕 관련자에게 ‘주의’ 조치하시기 바랍니다. [주의 2명]
전북특별자치도교육감은
①〔주의〕 관련자에게 ‘주의’ 조치하시기 바랍니다. [주의 1명]
- 3 -
일련번호 전주기전여자고등학교-2 
전북특별자치도교육청
경고 및 주의 요구
제        목     학교생활기록부 행동특성 및 종합의견 중복 기재
소 관  기 관     전주기전여자고등학교
조 치  기 관     전주기전여자고등학교
내        용
1. 업무개요
  전주기전여자고등학교는 학교생활기록부가 학생의 학업성취도와 인성 등을 
종합적으로 관찰·평가하여 학생지도 및 상급학교의 학생 선발에 활용하는 자료가 
될 수 있도록 교육부의 “학교생활기록 작성 및 관리지침”에 따라 학교생활
기록부를 작성·관리하고 있다.
2. 관계법령 및 판단기준  
  「초·중등교육법」 제25조(학교생활기록)에 따르면 학교의 장은 학생의 학업
성취도와 인성(人性) 등을 종합적으로 관찰·평가하여 학생 지도 및 상급학교의 
학생 선발에 활용할 수 있도록 하기 위하여 교육부령으로 정하는 기준에 따라 
학교생활기록을 작성·관리하여야 한다고 되어 있다.
  또한 교육부의 “20**~20**학년도 학교생활기록 작성 및 관리지침(교육부
훈령)”제16조(행동특성 및 종합의견)에 따르면 학생을 수시로 관찰하여 누가 
- 4 -
기록된 행동특성을 바탕으로 총체적으로 학생을 이해할 수 있는 종합의견을 
담임교사가 문장으로 입력하도록 되어 있고, 교육부의“20**~20**학년도 학교
생활기록부 기재요령’01. 학교생활기록부 작성 시 유의사항에 따르면 학교생활
기록부에는 학교교육계획이나 학교교육과정에 따라 학교에서 실시한 각종 
교육활동의 이수상황(활동내용에 따른 개별적 특성이 드러나는 사항 중심)을 
기재하는 것이 원칙이라고 되어 있으며, 04. 처리요령의 유의사항에 따르면 
서술형 문장은 명사형 어미로 종결한다고 되어 있다.
3. 감사결과 확인된 문제점 
  그런데도 전주기전여자고등학교는 20**학년도 *학년 *반 학생 ***과 ***의 
학교생활기록부 ‘행동특성 및 종합의견’ 항목에서 100% 동일한 내용을 중복 기재 
하는 등 【표】“학교생활기록부 행동특성 및 종합의견 중복 기재 현황”과 같이 교사 
*** 외 2명이 20**학년도 1학년 1개반 4명, 3학년 1개반 18명, 20**학년도 
2학년 1개반 4명, 합계 26명의 학생들에게 학교생활기록부 ‘행동특성 및 
종합의견’을 중복 기재한 사실이 있다.
【표】 학교생활기록부 행동특성 및 종합의견 중복 기재 현황
“기 재 생 략”
※ 학교생활기록부 ‘행동특성 및 종합의견 중복 기재’ 상세 내용
“기 재 생 략”
- 5 -
관계기관 의견
  전주기전여자고등학교는 감사 결과를 받아들이면서 앞으로 관련 지침을 
숙지하여 규정과 지침에 맞게 학교생활기록부 기재 업무를 처리하겠다는 
의견을 제시하였다.
조치할 사항 
전주기전여자고등학교장은 
① 앞으로 관련 규정과 지침에 따라 학교생활기록부 행동특성 및 종합의견 기재를 
철저히 하여 주시고,
②〔경고〕 관련자에게 ‘경고’ 조치하시기 바랍니다. [경고 1명]
③〔주의〕 관련자에게 ‘주의’ 조치하시기 바랍니다. [주의 2명]
- 6 -
일련번호 전주기전여자고등학교-3 
전북특별자치도교육청
주의 및 시정 요구
제        목    학교생활기록부 출결상황 특기사항 개근 미입력
소 관  기 관     전주기전여자고등학교
조 치  기 관     전주기전여자고등학교
내        용
1. 업무개요
  전주기전여자고등학교는 학교생활기록부가 학생의 학업성취도와 인성 등을 
종합적으로 관찰·평가하여 학생지도 및 상급학교의 학생 선발에 활용하는 자료가 
될 수 있도록 교육부의 “학교생활기록 작성 및 관리지침”에 따라 학교생활
기록부를 작성·관리하고 있다.
2. 관계법령 및 판단기준  
  「초·중등교육법」제25조(학교생활기록)에 따르면 학교의 장은 학생의 학업
성취도와 인성(人性) 등을 종합적으로 관찰ㆍ평가하여 학생지도 및 상급학교의 
학생 선발에 활용할 수 있도록 하기 위하여 학교생활기록을 작성·관리
하도록 되어 있고, 교육부의 “20**~20** 학교생활기록 작성 및 관리지침” 
제8조(출결상황)에 따르면 ‘특기사항’란에 결석사유 또는 개근 등 교육부
장관이 별도로 정하는 내용을 학급 담임교사가 입력한다고 되어 있다.
- 7 -
  또한 교육부의 “학교생활기록부 기재요령”에 따르면 출석인정 결석은 
출석으로 처리하며 해당 학년 동안 1회의 결석·지각·조퇴·결과도 없는 경우 
출결상황 ‘특기사항’에 ‘개근’으로 입력한다고 되어 있다. 
3. 감사결과 확인된 문제점 
  그런데도 전주기전여자고등학교는 20**학년도 *학년 *반 *번 ** 학생의 출결
상황 특기사항에 개근 입력을 누락하는 등 【표】“학교생활기록부 출결상황 
특기사항 개근 미입력 현황”과 같이 20**~20**학년도 교사 *** 외 2명이 학생 7명의 
출결상황 특기사항에 개근 입력을 하지 않은 사실이 있다.
【표】 학교생활기록부 출결상황 특기사항 개근 미입력 현황
“기 재 생 략”
관계기관 의견
  전주기전여자고등학교는 감사 결과를 받아들이면서 앞으로 관련 지침을 
숙지하여 규정과 절차에 맞게 학교생활기록부 작성 업무를 처리하겠다는 
의견을 제시하였다.
조치할 사항 
전주기전여자고등학교장은 
① 앞으로 관련 규정과 지침에 따라 학교생활기록부 출결상황 기재 업무를 철저히 
하여 주시고,
②〔시정〕 20**~20**학년도 학생 7명의 학교생활기록부 출결상황 특기사항에 
개근을 입력하시기 바랍니다.
③〔주의〕 관련자에게 ‘주의’ 조치하시기 바랍니다. [주의 3명]
- 8 -
일련번호 전주기전여자고등학교-4
전북특별자치도교육청
주의 및 시정 요구
제        목     결보강 처리 업무 부적정
소 관  기 관     전주기전여자고등학교
조 치  기 관     전주기전여자고등학교
내        용
1. 업무개요
  전주기전여자고등학교는 학생들의 학습권을 보장할 목적으로 「초·중등
교육법」 및 전북특별자치도교육청(구, 전라북도교육청)의 “교무학사 길라잡이”에 
따라 결보강 업무를 처리하고 있다.
2. 관계법령 및 판단기준  
 「초·중등교육법」제20조(교직원의 임무)에 따르면 교사는 법령에서 정하는 
바에 따라 학생을 교육한다고 되어 있다. 
  또한 전북특별자치도교육청(구, 전라북도교육청)의“교무학사 길라잡이”1-3 
결보강 계획에 따르면 결강에 대한 합리적인 보강을 통해 교육과정에 따른 연간 
시수 확보를 하여 학생들의 학습권을 보장할 목적으로 결보강 처리에 관한 
규정을 제정하여 결강에 따른 교환(교체) 수업을 하도록 되어 있고, 결보강 
처리에 관한 규정을 제정할 때는 교직원협의회를 통해 의견을 수렴하여 
교사들의 불만과 갈등을 최소화할 수 있는 방안을 모색하도록 되어 있다.
- 9 -
3. 감사결과 확인된 문제점 
  그런데도 전주기전여자고등학교는 20**. 3. 1.(화)~20**. 4. 2.(수) 감사일 현재 
결보강 처리에 관한 규정을 제정하지 아니하고 결보강 처리 사안이 발생했을 
경우 해당 교사가 개별 건별로 결보강 계획서를 작성하고 교감의 결재를 받은 
후 수업 실시 및 나이스 입력 업무를 처리한 사실이 있다.
관계기관 의견
  전주기전여자고등학교는 감사 결과 법령 적용 등에 대해 이견이 없으며, 
앞으로 관련 법령을 숙지하여 관련 절차가 누락되는 일이 없도록 하겠다는 
의견을 제시하였다.
조치할 사항 
전주기전여자고등학교장은 
① 앞으로 관련 규정과 지침에 따라 결보강 업무를 처리하여 주시고,
②〔시정〕 결보강 처리에 관한 규정을 제정하여 시행하시기 바랍니다.
③〔주의〕 관련자에게 ‘주의’ 조치하시기 바랍니다. [주의 3명]
- 10 -
일련번호 전주기전여자고등학교-5
전북특별자치도교육청
경고 요구
제        목     다면평가 및 성과상여금 업무 부적정
소 관  기 관     전주기전여자고등학교
조 치  기 관     전주기전여자고등학교 외 1개 기관
내        용
1. 업무개요
  전주기전여자고등학교는 교직 사회의 사기진작 도모 및 다면평가의 신뢰성 
확보를 위해 전북특별자치도교육청(구, 전라북도교육청)의 “교육공무원 성과
상여금 지급지침”과 “중등교원 인사업무 처리요령”에 따라 다면평가 및 
성과상여금 지급 업무를 처리하고 있다.
2. 관계법령 및 판단기준  
  전북특별자치도교육청(구, 전라북도교육청)의 “20**~20**년 교육공무원 
성과상여금 지급지침”에 따르면 공·사립학교 및 공립유치원 교원, 교육
전문직원은 개인성과급으로 일원화하여 지급하고, 사립학교 교사는 공립학교 
평가방법을 준용하여 성과(다면)평가를 철저히 진행하도록 되어 있으며, 다면평가 
결과(정량평가, 정성평가)를 교사 성과상여금 평가에 활용하되, 단위학교별 정성
평가의 반영 비율은 0~20% 내에서 자율적으로 결정하도록 되어 있다. 또한 
다면평가 평가지표는 전체교원 의견 수렴과정을 거쳐 다면평가관리위원회에서 
심의하고 정성평가는 선정된 다면평가자가 실시하도록 되어 있으며, 정량평가와 
- 11 -
정성평가 모두 평가요소 및 요소당 평가배점은 변경 불가하나 다만 정량평가 
평가내용 및 정성평가 학습지도 평가지표는 단위학교에서 자율적으로 수정, 
추가 및 삭제할 수 있고, 단위기관의 장은 심사 결과 통보 후 성과상여금 지급 
전에 7일 이상의 기간을 정하여 이의 제기 기간을 운영하여야 한다고 되어 있다. 
  
3. 감사결과 확인된 문제점 
  그런데도 전주기전여자고등학교는 20**~20**년 교원 다면평가를 운영하면서 
교육공무원 승진규정 별지 제4호의 2 서식에 따른 정량평가 및 정성평가의 평가
요소와 평가배점을 준용하지 않고 임의로 변경한 ‘성과상여금 차등지급 성과
심사표’라는 양식의 단일 평가표를 사용하여 다면평가를 실시하는 등
【표】“다면평가 운영 부적정 현황”과 같이 다면평가를 부적정하게 운영한
사실이 있다.
【표】 다면평가 운영 부적정 현황
“기 재 생 략”
관계기관 의견
  전주기전여자고등학교는 감사 결과를 받아들이면서 앞으로 관련 지침을 
숙지하여 규정과 절차에 맞게 성과상여금 지급 업무를 처리하겠다는 의견을 
제시하였다.
조치할 사항 
전주기전여자고등학교장은 
① 앞으로 관련 규정과 지침에 따라 성과상여금 지급 업무를 철저히 하여 주시고,
②〔경고〕 관련자에게 ‘경고’ 조치하시기 바랍니다. [경고 3명]
전북특별자치도교육감은
①〔경고〕 관련자에게 ‘경고’ 조치하시기 바랍니다. [경고 1명]
- 12 -
일련번호 전주기전여자고등학교-6
전북특별자치도교육청
주의 요구
제        목     학교스포츠클럽 등 운영 부적정
소 관  기 관     전주기전여자고등학교
조 치  기 관     전주기전여자고등학교 외 1개 기관
내        용
1. 업무개요
  전주기전여자고등학교는 「학교체육 진흥법」에 따라 학생들의 신체적 
건강 증진과 바른 인성 함양 함양을 위해 다양한 스포츠 활동 참여 기회를 
제공하고자 노력하고 있다. 
2. 관계법령 및 판단기준  
  「학교체육 진흥법」 제10조(학교스포츠클럽 운영) 제1항에 따르면 학교의 
장은 학생들이 신체활동 프로그램에 참여할 수 있도록 학교스포츠클럽을 
운영하여 학생들의 체육활동 참여기회를 확대하여야 한다고 되어 있다. 
  또한, 전북특별자치도교육청(구, 전라북도교육청)의 “20**~20**학년도 
학교스포츠클럽 운영 매뉴얼”에 따르면 학교스포츠클럽을 활성화하기 위하여 
학교체육소위원회를 구성(필수)하고, 학생 의견 수렴 및 모집, 전체 및 클럽별 
연간 운영계획 수립, 학교체육소위원회 심의 및 학교장 승인, NEIS 학생 
- 13 -
등록, 클럽별 활동 전개, 활동내역 NEIS 입력, 만족도 조사 및 평가, 평가 
결과 반영 등의 운영 절차를 거쳐 업무처리 하도록 되어 있다. 
  또한, 「학교체육진흥법」제8조(학생건강체력평가 실시계획의 수립 및 
실시) 및 제9조(건강체력교실 등 운영), 같은 법 시행규칙 제5조(건강체력
교실의 설치 및 운영, 1∼3항)에 따르면 학교의 장은 학생의 건강체력 상태를 
측정하기 위해 매년 3월 말까지 실시 계획을 수립하여 학생건강체력평가
(PAPS)를 실시하여야 하고 학생건강체력평가에서 저체력 또는 비만 판정을 
받은 학생을 대상으로 건강체력증진을 위하여 정규 또는 비정규 프로그램
(건강체력교실)을 운영하여야 한다고 되어 있다.
3. 감사결과 확인된 문제점 
  그런데도 전주기전여자고등학교는 20**학년도 배드민턴 외 4개 종목의 
학교스포츠클럽을 운영하면서 학교체육소위원회의 심의 및 학교장 승인 
없이 NEIS 시스템에 스포츠클럽 학생을 등록하는 등 【표1】“학교스포츠
클럽 운영 절차 미준수 현황”과 같이 20**~20**학년도 학교스포츠클럽 
운영 절차를 준수하지 않은 사실이 있다.
【표1】 학교스포츠클럽 운영 절차 미준수 현황
“기 재 생 략”
   또한, 20**학년도 학생건강체력평가(PAPS) 결과 저체력 학생(4·5등급) 
140명 또는 비만판정 학생 25명을 대상으로 건강체력교실을 운영하지 않는 등 
[표2]“건강체력교실 미운영 현황”과 같이 20**~20**학년도 총 504명
(20**학년도 165명, 20**학년도 218명, 20**학년도 121명)을 대상으로 건강
체력교실을 운영하지 않은 사실이 있다.
- 14 -
【표2】 건강체력교실 미운영 현황
“기 재 생 략”
관계기관 의견
  전주기전여자고등학교는 감사 결과를 수용하면서 앞으로 관련 법령을 숙지하여 
학교스포츠클럽 및 건강체력교실 운영을 철저히 하겠다는 의견을 제시하였다. 
조치할 사항 
전주기전여자고등학교는 
① 앞으로 관련 규정과 지침에 따라 학교스포츠클럽 등 운영을 철저히 하여 주시고
② 〔주의〕 관련자에게 ‘주의’ 조치하시기 바랍니다. [주의 3명]
전북특별자치도교육감은
① 〔주의〕 관련자에게 ‘주의’ 조치하시기 바랍니다. [주의 1명]
- 15 -
일련번호 전주기전여자고등학교-7
전북특별자치도교육청
경고 및 주의 요구
제        목     학교운동부 운영 부적정
소 관  기 관     전주기전여자고등학교
조 치  기 관     전주기전여자고등학교 외 1개 기관
내        용
1. 업무개요
  전주기전여자고등학교는 학생들의 체력 증진과 스포츠 역량 강화를 목표로 
전문적인 훈련과 체계적인 지원을 제공하여 건강한 학교 스포츠 문화를 
조성하기 위해 노력하고 있다. 
2. 관계법령 및 판단기준  
  「초·중등교육법」제2절(학교운영위원회) 제32조(기능) 및 「학교체육진흥법」
제11조(학교운동부운영등) 제1항에 따르면 학교운동부 구성·운영에 관하여 
학교운영위원회 자문(심의)를 거치도록 되어 있고, 학교의 장은 학생선수가 
일정 수준의 학력기준에 도달하지 못한 경우에는 교육부령으로 정하는 경기
대회의 참가를 허용하여서는 아니된다고 되어 있으며, 전북특별자치도교육청
(구, 전라북도교육청)의 “20**~20** 학교체육 주요업무 계획”에 따르면 
학교운동부 관련 단위학교 준수사항으로 관련 법령에 명시된 사항(최저학력
- 16 -
보장 노력, 기초학력 보장 프로그램 운영, 경기대회 출전 제한, 상시 합숙훈련
근절,기숙사운영,후원금학교회계편입,학교운동부운영경비지원,학생선수
(성)폭력및안전예방교육)을 학교운동부 운영계획 수립에 반영하여 학년 초 
학교운영위원회 심의를 거쳐 운영(의무사항)하도록 되어 있고, 고등학교에서는 
학년 초 최저학력제 적용과목을 선정(교무회의,내부결재,학교교육계획서반영등)
하고 이를 학생선수에게 안내하도록 되어 있으며, 학교장은 학기별 기말
고사(지필고사+수행평가) 성적이 산출되면 학생선수의 최저학력 도달 여부를 
파악하고, 미도달 학생선수에게는 과목별 기초학력보장 프로그램 운영 후 
관련 사항을 내부결재 처리하도록 되어 있다.
3. 감사결과 확인된 문제점 
  그런데도 전주기전여자고등학교는 20**학년도 학교운동부로 농구 종목을 
운영하면서 학교운동부(농구) 운영계획을 수립하지 않는 등 【표】“학교
운동부 운영 부적정 현황”과 같이 20**학년도 및 20**학년도 감사일 현재
(20**. 4. 4.)까지 학교운동부 운영을 부적정하게 한 사실이 있다.
【표】학교운동부 운영 부적정 현황
“기 재 생 략”
- 17 -
관계기관 의견
  전주기전여자고등학교는 감사 결과를 수용하면서 앞으로 관련 법령을 
숙지하여 학교운동부 운영을 철저히 하겠다는 의견을 제시하였다. 
조치할 사항 
전주기전여자고등학교는 
① 앞으로 관련 규정과 지침에 따라 학교운동부 운영을 철저히 하여 주시고
② 〔경고〕 관련자에게 ‘경고’ 조치하시기 바랍니다. [경고 1명]
③ 〔주의〕 관련자에게 ‘주의’ 조치하시기 바랍니다. [주의 2명]
전북특별자치도교육감은
① 〔경고〕 관련자에게 ‘경고’ 조치하시기 바랍니다. [경고 1명]
- 18 -
일련번호 전주기전여자고등학교-8
전북특별자치도교육청
주의 요구
제        목     교육활동 침해행위 예방교육 부적정
소 관  기 관     전주기전여자고등학교
조 치  기 관     전주기전여자고등학교 
내        용
1. 업무개요
  전주기전여자고등학교는 「교원의 지위 향상 및 교육활동 보호를 위한 
특별법」 및 「전북특별자치도교육청 교권침해로부터 안전한 교육활동 보호 
조례」등의 관계 법령에 따라 교육활동 침해행위 예방을 위해 노력하고 있다. 
2. 관계법령 및 판단기준  
  「교원의 지위 향상 및 교육활동 보호를 위한 특별법」 제24조(교육활동 
침해행위 예방교육) 제1항 및 같은 법 시행령 제21조(교육활동 침해행위 
예방교육)에 따르면 고등학교 이하 각급학교의 장은 교직원·학생·학생의 
보호자를 대상으로 교육활동 침해행위 예방교육을 매년 1회 이상 실시
하여야 한다고 되어 있다. 또한 「전북특별자치도교육청 교권침해로부터 
안전한 교육활동 보호 조례」제15조(교육활동침해 예방교육) 제2항에 따르면 
교육감은 교직원과 학생, 보호자를 대상으로 교육권의 조화로운 실현을 
도모하기 위한 적절한 교육을 매년 1회 이상 실시 하여야 한다고 되어 있다. 
- 19 -
  또한 전북특별자치도교육청(구, 전라북도교육청)에서는 교원의 교육활동 
보호와 인권우호적인 학교문화 조성을 위해 교육활동 침해행위 예방교육에 
대한 사항을 매년 공문으로 안내하고 교육활동 침해 현황에 대한 실태조사를 
실시하고 있다.1)
3. 감사결과 확인된 문제점 
  그런데도 전주기전여자고등학교는 20**학년도 학생·학생의 보호자를 
대상으로 교육활동 침해행위 예방교육을 실시하지 않는 등 【표】“교육
활동 침해행위 예방교육 소홀 현황”과 같이 20**~20**학년도 교육활동 
침해행위 예방교육을 실시하지 않아 교육활동 침해행위 예방 노력을 소홀히 
한 사실이 있다.
【표】 교육활동 침해행위 예방교육 소홀 현황
“기 재 생 략”
관계기관 의견
  전주기전여자고등학교는 감사 결과를 수용하면서 앞으로 관련 법령을 
숙지하여 교육활동 침해행위 예방교육을 철저히 하겠다는 의견을 제시하였다. 
조치할 사항 
전주기전여자고등학교는 
① 앞으로 관련 규정과 지침에 따라 교육활동 침해행위 예방교육을 실시하시기 
바라며
② 〔주의〕 관련자에게 ‘주의’ 조치하시기 바랍니다. [주의 2명]
1) [안내] ‘20** 교육활동 보호 및 교원치유지원 계획’과 학교교권보호위원회 구성 및 규칙 제정(교원인사과-7125, 20**. 3. 28.) 
:「교원지위법」제16조의3 및 「교원지위법 시행령」제9조의3에 따라 고등학교 이하 각급학교의 장은 매년 1회 이상 교직원·
학생·학생의 보호자를 대상으로 교육활동 침해행위 예방교육을 실시함
- 20 -
일련번호 전주기전여자고등학교-9
  
전북특별자치도교육청
경고 요구
제        목     현장체험학습 및 교복 구매 계약 업무 부적정
소 관  기 관     전주기전여자고등학교
조 치  기 관     전주기전여자고등학교
내        용
1. 업무 개요
  전주기전여자고등학교는 체험중심의 다양한 활동과 균등한 교육여건 
실현을 위하여 매년‘테마식 현장체험학습 위탁용역’ 및 ‘교복 구매’계약을 
「지방자치단체를 당사자로 하는 계약에 관한 법률 시행령」 제18조(2단계 
입찰)에 따라 공고하고 있다.
2. 관계법령 및 판단기준  
  「지방자치단체를 당사자로 하는 계약에 관한 법률 시행령」제35조
(입찰공고의 시기)에 따르면 같은 법 시행령 제18조(2단계 입찰) 계약의 
경우에는 제안서 제출 마감일의 전날부터 기산하여 추정가격이 1억원 
미만인 경우 10일, 추정가격이 1억원 이상 10억원 미만인 경우 20일 
전에 공고하여야 한다고 되어 있다.
그리고 전북특별자치도교육청(구, 전라북도교육청)의‘20**년도 감사결과 
주요업무 개선방안(현장체험학습 및 교복 공동구매 분야, 민주시민교육과
- 21 -
-1370, 20**. 2. 4.)에 따르면 2단계 입찰 제안서 평가 시 정량적 평가는 
구체적 수치에 근거하여 계약담당자가 평가하며, 정성적 평가는 객관성과 
공정성 확보를 위해 평가위원들에게 평가 서류 및 업체명이 공개되지 
않도록 블라인드 평가를 실시해야 한다고 되어 있다. 
  또한 교복 공동구매시 교복을 납품 받고 목적물을 인수한 날부터 설정하여 
하자보증이행증권을 받아야 한다고 되어 있다.
3. 감사결과 확인된 문제점 
  그런데도 전주기전여자고등학교는 20**. 5. 25. ‘20**학년도 1~2학년 
테마식 현장체험학습(추정가격 299,217,491원)’입찰공고(규격·가격 동시 입찰)를 
하면서 공고기일을 8일 부족한 12일(20**. 5. 25.~6. 7.)만 공고하는 등 
【표1】‘테마식 현장체험학습 입찰공고 미준수 현황’과 같이 20**~20**
학년도 테마식 현장체험학습 위탁용역 계약 총 3건의 입찰공고 기간을 짧게는 
5일, 길게는 9일 부족하게 한 사실이 있다.
또한, 20**. 10. 26. ‘20**학년도 전주기전여고 교복 학교주관 구매(추정가격 
55,120,000원)’규격·가격 동시 입찰공고를 하면서 2일 부족한 8일(20**. 
10. 26.~11. 4.)만 공고하는 등 【표2】‘교복 구매 2단계 입찰 부적정 내역’과 
같이 20**학년도 및 20**학년도 교복 구매 입찰공고 계약 총 2건(추정가격 
162,760,000원)의 입찰공고 기간을 짧게는 2일, 길게는 9일 부족하게 하였고, 
하자보수이행기간도 물품인수일부터 설정하지 않았으며, 제안서평가항목도 정성적
(교복 제조장 및 판매장 보유현황 등) 평가 항목으로 잘못 적용하는 등 계약 
업무를 부적정하게 한 사실이 있다.
- 22 -
【표1 】 테마식 현장체험학습 입찰공고 미준수 현황
□ 현장체험학습
  
“기 재 생 략”
【표2 】 교복 구매 2단계 입찰 부적정 내역
□ 교복 구매
      
“기 재 생 략”
관계기관 의견
  전주기전여자고등학교는 감사 결과를 수용하면서 감사 결과 법령 
적용 등에 대한 이견이 없으며 앞으로 관련 법령을 숙지하여 관련 
절차가 누락되는 일이 없도록 하겠다는 의견을 제시하였다.
조치할 사항 
전주기전여자고등학교장은 
① 앞으로 관련 규정과 지침에 따라 계약 업무를 철저히 하여 주시고
②〔경고〕 관련자에게 ‘경고’ 조치하시기 바랍니다. [경고 3명]
- 23 -
일련번호 전주기전여자고등학교-10
전북특별자치도교육청
경고·주의 요구
제        목     물품구매 물품선정위원회 미선정
소 관  기 관     전주기전여자고등학교
조 치  기 관     전주기전여자고등학교
내        용
1. 업무 개요
  전주기전여자고등학교는 물품구매와 관련하여 예산의 효율적 사용과 
최적의 물품을 선정하기 위해 물품선정위원회를 구성하여 운영하고 있다.
2. 관계법령 및 판단기준  
  전북특별자치도교육청(구, 전라북도교육청)의 “각급학교 물품선정위원회 
구성·운영 방안 개선 알림, 재무과-17961(2017.8.30.)”, “물품선정위원회 
운영 기준 개정 안내, 재무과-15988(2023.7.14.)”에 따르면 제품단가 
5백만원 이상 또는 제품별 구매총액이 추정각격 1천만원 이상 물품구매 
계약시 물품선정위원회 구성․운영하고(물품·교구·기자재 선정위원회 통합·
운영 권장, 학교장은 배제), 물품선정위원회 회의록을 지출결의서에 첨부
하도록 되어 있으며, 조달청 제3자단가계약 등록물품 구매시에도 동일하게 
운영하도록 되어 있다.
- 24 -
3. 감사결과 확인된 문제점 
  그런데도 전주기전여자고등학교는 20**. 11. 30.‘급식소 식기세척기 
외 1종(계약금액: 19,957천원)’을 물품선정위원회에서 선정하지 아니하고 
구매하는 등 【표】‘물품구매 물품선정위원회 미선정 현황’과 같이 
20**~20**회계연도 총 16건의 추정가격 1천만원 이상 물품을 구매하면서 
물품선정위원회에서 선정하지 않고 구매한 사실이 있다.
【표】 물품구매 물품선정위원회 미선정 현황
“기 재 생 략”
관계기관 의견
  전주기전여자고등학교는 감사 결과를 수용하면서 감사 결과 법령 
적용 등에 대한 이견이 없으며 앞으로 관련 법령을 숙지하여 관련 
절차가 누락되는 일이 없도록 하겠다는 의견을 제시하였다.
조치할 사항 
전주기전여자고등학교장은 
① 앞으로 관련 규정과 지침에 따라 물품 선정위원회 업무를 철저히 
하여 주시고
②〔경고〕 관련자에게 ‘경고’ 조치하시기 바랍니다. [경고 2명]
③〔주의〕 관련자에게 ‘주의’ 조치하시기 바랍니다. [주의 2명]
- 25 -
일련번호 전주기전여자고등학교-11
전북특별자치도교육청
주의 및 시정 요구
제        목   출장여비 지급 부적정
소 관  기 관   전주기전여자고등학교
조 치  기 관   전주기전여자고등학교
내        용
  1. 업무개요
  전주기전여자고등학교는 소속 직원이 공무(公務)로 여행을 하는 경우에 공무의 
원활한 수행을 위하여 공무원 여비 규정 등 관련 법령에 따라 출장 여비를 
지급하고 있다. 
 2. 관계법령 및 판단기준
 전북특별자치도교육청(구, 전라북도교육청)의 “사학기관 예산편성 및 운영
지침(교비회계)”에 따르면 여비에 관한 사항은 「공무원여비규정(대통령령)」,
「공무원보수 등의 업무지침(인사혁신처 예규)」에 따라 예산의 범위 내에서 
지급하도록 되어 있다. 
 「공무원보수 등의 업무지」 제9장 공무원여비업무 처리기준 Ⅱ. 여비의 종류 
․ 계산방법 및 정산, 4. 국내여비의 결제와 정산, 나. 여비의 정산에 따르면 정산
- 26 -
대상은 국내여행자의 운임과 숙박비라고 되어 있고, 정산방법으로 운임 또는 
숙박비를 정부구매카드로 결제하지 않은 경우에는 운임 및 숙박비 세부사용
내역을 확인할 수 있는 증거서류를 갖추어 회계관계공무원에게 제출하여야 하고, 
회계관계공무원은 정산신청내역과 출장자가 제출한 증거서류를 비교하여 
관련규정에 따른 적정한 정산신청이 이루어졌는지 여부를 확인하여야 한다고 
되어 있다. 
  또한 Ⅳ. 근무지외 국내출장시의 여비, 2. 운임, 라. 국내자동차운임 지급
기준에 따르면 국내자동차운임 중 버스운임은 별표 2에 따라 국토교통부장관 
또는 특별시장･광역시장･특별자치시장･도지사 또는 특별자치도지사가 정하는 
기준 및 요율의 범위 안에서 정하여진 버스요금을 기준으로 실비로 지급하되 
할인이 되는 경우에는 할인된 금액을 지급하고, 자가용을 이용하여 공무로 여행
하는 경우의 운임은 여행구간 등급별 철도 또는 버스운임(통상 이용되는 대중
교통요금)으로 하며 다만, 출장자는 고속도로 통행영수증, 출장지에 소재한 
주유소에서 결제한 신용카드 매출전표, 주차영수증 등 자가용을 이용하여 출장을 
이행한 사실을 확인할 수 있는 증거서류를 갖추어 제출해야 한다고 되어 있다.
 3. 감사결과 확인된 문제점
  그런데도 전주기전여자고등학교는 20**. 7. 30. ***에게 20**년 ****자격연수 
대상자 선발을 위한 면접고사 참석으로 전북교육연수원 출장여비를 지급하면서 
운임 관련 증거서류를 제출하지 않았는데도 운임 4,800원을 지급하는 등 【붙임】
“출장여비 중 운임 과다 지급 내역”과 같이 20**~ 20**년 총 61건, 합계 
511,360원의 여비를 과다 지급한 사실이 있다.
- 27 -
관계기관 의견 및 검토 결과
  전주기전여자고등학교는 전북특별자치도 내 출장 시 도내 대중교통 요금으로 
지급하고 운임 관련 증빙서류를 일부 미징구하였지만, 교직원들의 출장여비 
산정 시 식비 전액을 지급하지 않고 감액하여 1식 단가로 지급한 점을 참작하여 
주기 바란다며, 앞으로 관련 법령에 따라 증빙서류가 미비되는 일이 없도록 
하겠다는 의견을 제시하였다. 
  그러나, 출장여비 중 식비는 정액지급 항목으로 정해진 금액을 기준으로 지급
되고 운임은 실비정산 항목으로 실제 지출금액에 대한 증빙을 요건으로 하여 
지급되는 여비로, 각각의 성격과 지급 기준이 다르기 때문에 상호 간 상계 처리
하거나 식비 항목의 감액을 운임 항목의 미징구에 대한 보완 사유로 인정하기는 
어렵다.
조치할 사항 
전주기전여자고등학교장은
① 앞으로 관련 규정과 지침에 따라 여비 지급이 이루어질 수 있도록 해주시고
②〔시정〕 과다 지급된 여비 511,360원을 출장자(*** 외 33명)로부터‘회수’하여 
교비회계로 세입 조치하시기 바랍니다. 
③〔주의〕 관련자에게‘주의’ 조치 하시기 바랍니다. [주의 3명]
전북특별자치도전주교육지원청교육장은
①〔주의〕 관련자에게‘주의’ 조치 하시기 바랍니다. [주의 1명]
【붙임】 출장여비 중 운임 과다 지급 내역
“기 재 생 략”
- 28 -
일련번호 전주기전여자고등학교-12
전북특별자치도교육청
통보 
제        목   교비회계 유휴자금 운용 부적정
소 관  기 관   전주기전여자고등학교
조 치  기 관   전주기전여자고등학교
내       용
 1. 업무개요
  전주기전여자고등학교는 학교교육계획과 연계한 교비회계 예산편성 및 
집행으로 원활한 교육과정 운영을 위해 노력하고 있다. 
 2. 관계법령 및 판단기준
 「사학기관 재무 ‧회계규칙」제7조(자금의 관리) 제1항에 따르면 법인과 
학교는 자금집행계획을 수립하고 그 수입된 세입금을 수개로 분할하여 
사업의 진도에 따르는 자금집행시기에 만기가 되도록 법률에 따라 금융을 
업으로 하는 은행 등 또는「한국교직원공제회법」에 따른 한국교직원공제회에 
예치해야 한다고 되어 있고, 전북특별자치도교육청(구, 전라북도교육청)의 
“사학기관 예산편성 및 운영지침(교비회계)”에 따르면 사립학교에서는 시설
사용료 및 예금이자 등 학교회계 자체수입 증대를 위한 다양한 방안을 마련
하도록 되어 있으며, 학교회계운영에 지장이 없는 범위 내에서 유휴자금을 동 
- 29 -
지정 금융기관이나 타 금융기관에 이율이 높은 예금으로 예치할 수 있다고 
되어 있다.
  
 3. 감사결과 확인된 문제점
  그런데도 전주기전여자고등학교는 교비회계 세출예산을 운용하면서 2021회계
연도 교비회계 평균잔액이 872,197천원으로, 정기예탁을 통해 얻을 수 있는 최저
예상 이자액이 보통예금에 예치하여 얻은 이자수입보다 363천원 높은 금액으로 
예상되는 등 【표】“교비회계 예금이자 수입 예상 현황”과 같이 최저 363천원에서 
최고 10,319천원까지 이자수입이 예상됨에도 유휴자금을 보통예금에 보관하는 
등 2021~2024회계연도 교비회계 유휴자금 관리를 소홀히 한 사실이 있다.
【표】 교비회계 예금이자 수입 예상 현황 
 (단위: 천원)
1) 기간은 회계연도 기준이며, 2021년의 경우 4. 7.부터 해당
2) 현금출납부 상의 지출잔액 평균액임
3) 주거래은행의 매년 3.1. 기준 정기예탁 금리
4) 교비회계 평균잔액의 50%를 정기예탁 시 세후(15.4%) 이자 예상액
관계기관 의견
  전주기전여자고등학교는 감사결과를 받아들이면서 감사 결과 법령 적용 등에 
대한 이견이 없으며 앞으로 관련 법령을 숙지하여 관련 절차가 누락되는 일이 
없도록 하겠다는 의견을 제시하였다.
회계
연도 수입액1) 교비회계
평균잔액2)
기 
예금이자
수입액(A)
3개월 6개월 12개월 최저
이 자 수 익
(B-A)이자율3)
(%)
예상
이자액4)
(B)
이자율
(%)
예상
이자액
이자율
(%)
예상
이자액
2021 6,635,625 872,197 744 0.30 1,107 0.35 1,291 0.50 1,845 363
2022 9,163,015 1,293,701 1,019 0.95 5,199 1.10 6,020 1.25 6,840 4,180
2023 8,360,380 1,011,199 1,230 2.70 11,549 2.85 12,191 3.00 12,832 10,319
2024 9,836,445 948,261 833 2.70 10,830 2.85 11,432 3.00 12,033 9,997
합계 24,159,020 2,993 28,685 30,934 33,550 24,859
- 30 -
조치할 사항 
전주기전여자고등학교장은
① 앞으로 관련 규정과 지침에 따라 교비회계 유휴자금 관리를 철저히 하여 
주시고,
②〔통보〕교비회계 자체수입을 증대하기 위한 방안을 마련하고 관련 규정과 
지침에 따라 적정한 조치를 하시기 바랍니다.
- 31 -
일련번호 전주기전여자고등학교-13
전북특별자치도교육청
주의 요구
제        목   학교발전기금 운용 부적정
소 관  기 관   전주기전여자고등학교
조 치  기 관   전주기전여자고등학교
내       용
 1. 업무개요
  전주기전여자고등학교는 매년 학교발전기금 운용계획을 수립하여 장학금 및 
선교활동비 등 학생복지 및 학생자치활동 지원사업을 위한 목적으로 발전기금을 
조성·운용하고 있다. 
 2. 관계법령 및 판단기준
 전북특별자치도교육청(구, 전라북도교육청)의 “학교발전기금의 조성·운용 
및 회계관리요령”에 따르면 학교운영위원회 위원장은 학교발전기금 운용계획을 
수립하여 회계연도 개시 전에 예결산소위원회의 사전검토를 거쳐 학교운영
위원회 심의․의결로 확정하고 계획서의 내용에는 사업목적 및 기금 조성방법, 
수입 및 지출계획, 기타 기금의 운용 및 관리에 관하여 필요한 사항을 포함
하여야 한다고 되어 있다. 
  또한 발전기금 운용계획에 변동사항이 발생하거나 변동이 예상되는 경우 
- 32 -
예결산소위원회 사전검토 후 학교운영위원회의 심의․의결을 거쳐 운용 계획을 
변경하여야 한다고 되어 있고, 학교발전기금회계 출납명령기관인 학교운영
위원장이 교체되었을 때는 교체 후 14일 이내에 예금잔액 증명서를 첨부한 
현금 및 예금현재액조서, 사업별 수입 및 지급 현황, 기타 학교발전기금회계 
관련 장부 및 서류에 대하여 인계인수하여야 한다고 되어 있다.
  
 3. 감사결과 확인된 문제점
  그런데도 전주기전여자고등학교는 20**회계연도 학교발전기금의 당초 수입 
및 지출 운용계획은 15,728천원으로 수립되어 학교운영위원회의 심의 ․의결을 
받았으나, 실제 결산액은 15,936천원으로 당초 계획을 초과하였음에도 계획
변경에 대한 추가 심의 ․의결을 거치지 않는 등 【표1】“학교발전기금 운용
계획 및 변경 내역”과 같이 20**~20**회계연도 학교발전기금 변경사항에 대해 
학교운영위원회의 심의․의결을 받지 않은 사실이 있고, 
  20**. 4. 1. 학교발전기금회계 출납명령기관인 학교운영위원회 위원장이 교체
되었음에도 학교발전기금회계 사무에 대한 인계·인수서를 작성하지 않는 등 
【표2】“학교발전기금회계 인계·인수 미실시 현황”과 같이 총 2회 학교발전
기금회계 출납명령기관에 대한 인계·인수서를 작성하지 않은 사실이 있다. 
【표 1】 학교발전기금 운용계획 및 변경 내역
“기 재 생 략”
【표2】 학교발전기금회계 인계‧인수 미실시 현황
“기 재 생 략”
- 33 -
관계기관 의견
  전주기전여자고등학교는 감사결과를 받아들이면서 감사 결과 법령 적용 등에 
대한 이견이 없으며 앞으로 관련 법령을 숙지하여 관련 절차가 누락되는 일이 
없도록 하겠다는 의견을 제시하였다.
조치할 사항 
전주기전여자고등학교장은
① 앞으로 관련 규정과 지침에 따라 학교발전기금 업무를 철저히 하여 주시고,
②〔주의〕 관련자에게‘주의’ 조치 하시기 바랍니다. [주의 3명]
- 34 -
일련번호 전주기전여자고등학교-14
전북특별자치도교육청
통보
제        목     사립학교 교원 비위사건 처리 부적정
소 관  기 관     전주기전여자고등학교
조 치  기 관     전주기전여자고등학교 외 2개 기관
내        용
1. 업무 개요
  전주기전여자고등학교는 ‘공무원 비위사건 처리기준’을 준용하여 
소속 교직원에 대한 비위사건을 처리하고 있다.
2. 관계법령 및 판단기준  
  전북특별자치도교육청(구, 전라북도교육청)의 ‘공무원 비위사건 처리기준’ 
(2019. 8. 9. 개정)에 따르면 수사기관이 통보한 공무원 범죄사건 처리기준이 
기소유예, 공소제기 결정 및 기타인 경우 [별표1]부터 [별표 6]을 적용하도록 
되어 있고, 단순 교통사고(8주이상 상해 제외)로 수사기관에서 “공소권 
없음”으로 통보된 경우에는 내부종결(불문)로 처리하고 학교장이 “자체 교육”을 
실시하며, [별표 6] 공무원범죄 유형별 처리기준의 교통사고 “기소유예”인 
경우 경징계 의결요구하도록 되어 있고, 전북특별자치도교육청 소속 사립
학교 교직원도 ‘공무원 비위사건 처리기준’을 준용하도록 되어 있다.
- 35 -
3. 감사결과 확인된 문제점 
  그런데도, 전주기전여자고등학교는 20**. 5. 27. 전주지방검찰청에서 
“사립학교 교원 처분 피의사건 처분결과” 교사 ***에 대하여 교통사고로 
인한 자동차손해배상보장법위반으로 “기소유예”처분을 하였음에도 징계의결 
요구하지 않고 20**. 6. 9. 학교장이 관련자에게 ‘주의’조치를 한 사실이 
있다.
관계기관 의견
  전주기전여자고등학교는 교원 비위사건 대상자 교사 ***은 차량 운행 중 
경미한 접촉사고 처리 과정에서 자동차 보험이 1일간 가입 누락된 사실
을 인지하였고, 이와 관련하여 도로교통법 위반은 ‘공소권 없음’, 자
동차손해배상보장법 위반은 ‘기소유예’ 처분을 받았다고 하였다.
해당 교원은 고의성이 없었으며 즉시 보험에 가입하고 깊이 반성하는 
태도를 보였고, 과거 비위 전력이 없으며 교직 수행에도 문제가 없다는 점 
등을 종합적으로 고려하여 변호사 자문을 받은 후 학교 자체 판단으로 
‘주의’ 처분을 하였다고 설명하였다.
또한, 본 사안에 대한 징계의결 요구를 의도적으로 누락하거나 은폐하려는 
목적은 없었으며, 향후 유사 사례 발생 시 관련 법령을 철저히 준수하고 
이행하겠다는 의견을 제시하였다.
- 36 -
조치할 사항 
전주기전여자고등학교장은 
① 〔통보〕 사립학교 교원 비위사건 발생시 관련 법령에 따라 징계의결 
요구 절차를 이행하고, 징계위원회의 객관적인 판단에 따라 
결정될 수 있도록 조치하시기 바라고, 향후 유사 사례 발생시, 
징계의결 요구 및 징계위원히 심의 절차를 반드시 준수
하시기 바랍니다.
- 37 -
일련번호 전주기전여자고등학교-15
전북특별자치도교육청
주의 및 시정 요구
제        목     공사비 중복계상에 따른 과다 지급
소 관  기 관     전주기전여자고등학교
조 치  기 관     전주기전여자고등학교
내        용
1. 업무 개요
  전주기전여자고등학교는 20**회계연도에‘인공지증(AI) 융합교육실 전기
공사’외 1건의 시설공사를 시행하였으며, 이에 대한 공사감독과 준공검사 
등의 업무를 추진하였다.
2. 관계법령 및 판단기준
  「지방자치단체를 당사자로 하는 계약에 관한 법률」1) 제16조(감독) 및 
제17조(검사)에 따르면 계약담당자는 공사·물품·용역 등의 계약을 체결한 
경우에 그 계약을 적절하게 이행하도록 하기 위하여 필요하다고 인정하면 
계약서·설계서 및 그 밖의 관계 서류에 따라 감독하거나 소속 공무원 
등에게 그 사무를 위임하여 감독하게 하여야 하며, 계약상대자가 계약의 
전부 또는 일부의 이행을 끝내면 이를 확인하기 위하여 계약서·설계서 
1) 학교에서 지방자치단체를 당사자로 하는 계약에 관한 법률을 준용하여 계약 함
- 38 -
및 그 밖의 관계 서류에 따라 이를 검사하거나 소속 공무원 등에게 위임
하여 검사하게 하여야 한다고 되어 있으며, 「지방자치단체를 당사자로 
하는 계약에 관한 법률 시행령」 제64조(검사) 제5항에 따르면 검사를 함에 
있어서 계약상대자의 계약이행 내용의 전부 또는 일부가 계약에 위반
되거나 부당함을 발견하였을 때에는 지체없이 필요한 시정조치를 명하여야 
한다고 되어 있다.
3. 감사결과 확인된 문제점
  그런데도 전주기전여자고등학교는 20**. 8. 17. ㈜*****와 계약한(2023. 
8. 3.)인공지능(AI) 융합교육실 전기공사(계약금액 12,314천원)를 준공 
처리하면서, 건축공사에 등기구 설치가 중복계상 되어 공사비가 과다하게 
산출되었는데도 이를 확인하거나 계약금액을 정산하지 않고 1,073,000원을 과
다 지급하는 등 【표1】“공사비 중복계상에 따른 과다 지급 현황”과 같이 
20**회계연도 총 2건의 공사에 대해 공사비 합계 2,765,000원을 과다 지급한 
사실이 있다.
【표1】 공사비 중복계상에 따른 과다 지급 현황
                                                         (단위: 원) 
순 공사명 계약금액
(천원) 계약자 계약
일자
준공 
일자
과다 지급내역
실제
지급액
(A)
정당
지급액
(B)
과다
지급액
(C=A-B)
비고
1
인공지능 ( A I ) 
융합교육실 전
기공사
12,314 ㈜*****
대표: ***
20**.
8.3.
20**.
8.17. 12,314,000 11,241,000 1,073,000
2
고교학점제 환
경조성 건축공
사
752,385 (유)****
대표: ***
20**.
1.20.
20**.
3.20. 752,385,000 750,693,000 1,692,000
합 계 764,699,000 761,934,000 2,765,000
- 39 -
【표2】 공사비 중복계상에 따른 과다 지급 세부 내역
▷ 공사명: 인공지능(AI) 융합교육실 전기공사                               (단위: 원)
품명 및 규격 재료비 노무비 경비 비고
전등설비
공사
LED조명등,
조명등레일
실제 666,000 265,406 0
건축공사에
중복 계상정당 0 0 0
과다지급 666,000 265,406 0
【표2-1】 원가계산서
▷ 공사명: 인공지능(AI) 융합교육실 전기공사                               (단위: 원)
                     구 분
 비 목
요율
(%)
실제 지급액
(A)
정당 지급액
(B)
과다 지급액
(C=A-B)
순
공
사
원
가
재
료
비
직접재료비 4,030,843 3,364,843 666,000
간접재료비
계 4,030,843 3,364,843 666,000
노
무
비
직접노무비 6,369,744 6,104,338 265,406
간접노무비 직접노무비×12.5%
계 6,369,744 6,104,338 265,406
경
비
산재보험료 노무비×3.7% 235,680 225,860 9,820
고용보험료 노무비×1.01% 64,334 61,653 2,681
계 300,014 287,513 12,501
계 재료비+노무비+경비 10,700,601 9,756,694 943,907
일 반 관 리 비 (재 료 비+노 무 비+경 비)×2.0% 214,012 195,133 18,879
이          윤 (노 무 비+경 비+일 반 관 리 비)× 4 .0 7 %280,169 268,090 12,079
공  급  가  액 계+일반관리비+이윤 11,194,782 10,219,917 974,865
부 가 가 치 세 공급가액×10.0% 1,119,478 1,021,991 97,487
총 계(계수정리) 공급가액+부가가치세 12,314,000 11,241,000 1,073,000
- 40 -
【표3】 공사비 중복계상에 따른 과다 지급 세부 내역
▷ 공사명: 고교학점제 환경조성 건축공사                                 (단위: 원)
품명 및 규격 재료비 노무비 경비 비고
제작가구
공사
바테이블1
바테이블2
실제 13,090,000 0 0
바테이블(16EA)→
USB/콘센트 포함
(전기공사중복)
정당 11,682,000 0 0
과다지급 1,408,000 0 0
【표3-1】 원가계산서
▷ 공사명: 고교학점제 환경조성 건축공사                                 (단위: 원)
                     구 분
 비 목
요율
(%)
실제 지급액
(A)
정당 지급액
(B)
과다 지급액
(C=A-B)
순
공
사
원
가
재
료
비
직접재료비 386,044,835 384,636,835 1,408,000
간접재료비
계 386,044,835 384,636,835 1,408,000
노
무
비
직접노무비 180,992,913 180,992,913
간접노무비 직접노무비×12.5% 22,624,114 22,624,114
계 203,617,027 203,617,027
경
비
기계경비 2,217,195 2,217,195
산재보험료 노무비×3.7% 7,533,829 7,533,829
고용보험료 노무비×1.01% 2,056,531 2,056,531
건강보험료 직접노무비×3.495% 6,325,702 6,325,702
연금보험료 직접노무비×4.5% 8,144,681 8,144,681
노인장기보험료 건강보험료×12.27% 776,163 776,163
산업안전관리비 (재료비+직노)×1.86% 15,895,902 15,869,713 26,189
환경보전비 (재료비+직노+경비)×0.3% 1,707,764 1,707,764
하도급보증수수료 (재 료 비+직 노+기 경)×0.081% 461,096 461,096
(재료비+직노+기경)×0.07% 398,478 397,492 986건설기계보증수수료
기타경비 (재료비+노무비)×7.153% 42,181,461 42,080,740 100,721
계 87,698,802 87,570,906 127,896
계 재료비+노무비+경비 677,360,664 675,824,768 1,535,896
일 반 관 리 비 (재 료 비+노 무 비+경 비)×0.1% 677,360 675,824 1,536
이          윤 (노 무 비+경 비+일 반 관 리 비)× 0.1% 291,993 291,863 130
폐기물 처리비 5,656,508 5,656,508
공  급  가  액 계+일관+이윤+폐기물 683,986,525 682,448,963 1,537,562
부 가 가 치 세 공급가액×10.0% 68,398,652 68,244,896 153,756
총 계(계수정리) 공급가액+부가가치세 752,385,000 750,693,000 1,692,000
- 41 -
관계기관 의견
  전주기전여자고등학교는 감사결과 법령 적용 등에 대해 이견이 없으며, 
앞으로 관련 법령을 숙지하여 관련 절차가 누락되는 일이 없도록 하겠다는 
의견을 제시하였다.
조치할 사항 
전주기전여자고등학교장은
① 앞으로 관련 규정과 지침에 따라 공사감독과 준공검사를 철저히 하여 주시고,
②〔시정〕 과다 지급된 공사비 2,765,000원을 관련 업체[(주)*****, (유)****]로
부터‘회수’하여 교비회계로 세입 조치하시기 바랍니다.
③〔주의〕 관련자에게 ‘주의’ 조치하시기 바랍니다. [주의 2명]
- 42 -
일련번호 전주기전여자고등학교-16
  
전북특별자치도교육청
주의 및 시정 요구
제        목     시설공사 퇴직공제부담금 정산 소홀
소 관  기 관     전주기전여자고등학교
조 치  기 관     전주기전여자고등학교
내        용
1. 업무 개요
  전주기전여자고등학교는 20**회계연도에‘기숙사 샤워실 및 화장실 
환경개선공사 기계’를 시행하였으며, 이에 대한 공사감독과 준공검사 
등의 업무를 추진하였다.
2. 관계법령 및 판단기준
  「건설산업기본법」 제87조(건설근로자 퇴직공제제도의 시행) 제1항 및 
제2항에 따르면 대통령령으로 정하는 건설공사를 하는 건설사업자는 「건설
근로자의 고용개선 등에 관한 법률」에 따른 건설근로자 퇴직공제제도에 
가입하여야 하며, 건설근로자 퇴직공제제도에 가입하여야 하는 건설공사 
도급계약의 당사자는 대통령령으로 정하는 바에 따라 그 건설공사의 도급
금액 산출명세서에 건설근로자 퇴직공제제도의 가입에 드는 금액을 분명
하게 적어야 한다고 되어 있다.
- 43 -
  또한, 같은 법 시행령 제83조(건설근로자퇴직공제 가입대상공사) 제5항 및 
제6항에 따르면 발주자등은 제4항에 따른 확인을 위하여 필요하다고 인정
하는 경우에는 해당 건설사업자에게 건설근로자공제회에 공제부금을 납부한 
확인서의 제출을 요구할 수 있다. 다만, 발주자등이 건설산업종합정보망을 
통하여 공제부금을 납부한 확인서의 확인이 가능한 경우에는 그 확인으로 
대신할 수 있고, 발주자등은 건설사업자의 공제부금납부내역을 확인하여 
건설공사의 도급금액 산출내역서에 명시된 금액이 건설사업자가 납부한 
공제부금을 초과하는 경우에는 그 초과하는 금액을 정산해야 한다고 되어 있다.
3. 감사결과 확인된 문제점
  그런데도 전주기전여자고등학교는 20**. 8. 17. 유한회사 **과 계약한
(20**. 7. 19.)기숙사 샤워실 및 화장실 환경개선공사 기계(계약금액 
112,739천원)를 준공 처리하면서, 도급업체가 퇴직공제부금비를 납부하지 
않았는데도 이를 확인하거나 계약금액을 정산하지 않고 공사비 1,264,000원을 
과다 지급한 사실이 있다.
【표】 퇴직공제부금비 과다 지급 현황
(단위: 원)
공사명 계약금액
(천원) 계약자 계약
일자
준공 
일자
과다 지급내역
실제
지급액
(A)
정당
지급액
(B)
과다
지급액
(C=A-B)
비고
기숙사 샤워실 
및 화장실 환경
개선공사 기계
112,739 (유)**
대표: ***
20**.
7.19.
20**.
8.17. 112,739,000 111,475,000 1,264,000
- 44 -
【표-1】 퇴직공제부금비 과다 지급 세부 내역
                                                                              (단위: 원)
                   구분
 비목
요율
(%)
실제 지급액
(A)
정당 지급액
(B)
과다 지급액
(C=A-B)
경
비
퇴직공제부금비 1,109,916 0 1,109,916
계 1,109,916 0 1,109,916
계 재료비+노무비+경비 1,109,916 0 1,109,916
일 반 관 리 비 계×1.0% 11,099 0 11,099
이          윤 (노무비+경비+일반관리비)
×2.57482% 28,864 0 28,864
공  급  가  액 계+일반관리비+이윤 1,149,879 0 1,149,879
부 가 가 치 세 공급가액×10.0% 114,988 0 114,988
총 계(계수정리) 공급가액+부가가치세 1,264,000 0 1,264,000
관계기관 의견
  전주기전여자고등학교는 감사결과 법령 적용 등에 대해 이견이 없으며, 
앞으로 관련 법령을 숙지하여 관련 절차가 누락되는 일이 없도록 하겠다는 
의견을 제시하였다.
조치할 사항 
전주기전여자고등학교장은
① 앞으로 관련 규정과 지침에 따라 퇴직공제부금비 정산을 철저히 하여 주시고,
②〔시정〕 과다 지급된 공사비 1,264,000원을 관련 업체[(유)**]로부터
‘회수’하여 교비회계로 세입 조치하시기 바랍니다.
③〔주의〕 관련자에게 ‘주의’ 조치하시기 바랍니다. [주의 2명]"
2026년 7월 종합감사 결과 보고서(공개용).pdf,PDF,"2026년 7월 종합감사 결과 보고서
- 산동초 - 
2026. 8.
  【 행 정 지 원 과】
- 1 -
Ⅰ. 감사 개요
1. 감사배경 및 목적
□ 『2026년 7월 종합감사 실시계획』에 의거 종합감사 실시
□ 학교 업무 전반의 예산 운용 실태 및 회계 처리의 적법성ㆍ타당성 등을 
점검함으로써 예산 편성ㆍ집행의 투명성 및 공정성을 도모하고자 함
2. 감사대상 및 범위
학교명 감사종류 감사 실시 기간 감사 대상 기간 범위
산동초 종합감사 2026. 7. 21. ~ 7. 23. 교 무·학 사   2023  3. 1. ~ 2026. 7. 20.
행 정·회 계   2023  4. 25. ~ 2026. 7. 20. 학 교  업 무  전 반
3. 감사인원: 감사반장 등 5명
4. 감사중점사항
 □ 학사관리: 교육과정 운영에 관한 사항 
   - 교육과정·평가, 교원인사관리·교육활동보호, 학생생활교육, 과학·
보건 교육, 독서교육·학교도서관, 특수교육, 방과후학교
 □ 재정ㆍ회계 관리에 관한 사항
   - 예ㆍ결산관리: 예산편성, 이ㆍ전용, 성립전 사용, 이월, 불용액 등
   - 세입관리: 징수결정, 수납, 과오납금처리, 불납결손 등
   - 세출관리: 지출원인행위 및 세출의 적정성, 계약업무의 적정 처리 여부 등
   - 발전기금 및 세입세출외현금 관리
 □ 공유재산, 물품 관리 및 시설물 관리에 관한 사항
   - 공유재산 임대 및 관리 등
   - 물품관리: 물품구입, 정수물품 관리, 불용결정ㆍ폐기, 장부기록관리 등
   - 시설물 관리: 시설사업의 적정 추진 및 관리
 □ 보수지급: 시간외 수당 및 가족수당, 연가보상비, 공무원 수당 등
- 2 -
Ⅱ. 감사결과
1. 분야별 지적건수
학교명 유형별 학사·평가 예산․회계 인건비·복무계약·시설물품·기타 계
산동초
지적사항 · · · · · 0
현지시정 3 · 1 1 2 7
합계 3 0 1 1 2 7
2. 현지 조치사항
지적건명 지적내용 처분
 m 산동초등학교
【학사․평가】 
1. 학교체육위원회 
심의 소홀
❍ 2023학년도에 학교스포츠클럽을 운영함에 있어 
학교체육소위원회를 구성하지 않고 학교스포츠
클럽 운영에 관한 사항을 심의 하지 않는 등 학교
스포츠클럽 운영 절차 미준수
【학교체육진흥법 제10조, 
2023학년도 학교스포츠클럽 운영 매뉴얼 
[전북특별자치도교육청(구, 전라북도교육청)]】
❍ 시정
2. 개인정보 파기 
절차 수립 및 
파기 관리대장 
작성 소홀
❍ 2023~2025학년도 개인정보(파일) 파기 절차 수립 
및 파기 관리대장 미작성
【개인정보 보호법 제21조, 개인정보 보호법 시행령 
제16조, 표준 개인정보 보호지침 제10조,】
❍ 시정
3. 숙박형 
현장체험학습 
만족도 조사 
결과 공개 절차 
❍ 2023~2025학년도 현장체험학습(숙박형) 종료 후 
참여 학생·교사 대상 만족도 조사 실시 내부결재
(증빙자료) 미흡, 도교육청 홈페이지 공개방에 14일 
이내에 미탑재
❍ 시정
- 3 -
지적건명 지적내용 처분
준수 미흡
【현장체험학습 운영 매뉴얼
 [전북특별자치도교육청(구, 전라북도교육청)]】
【인건비․기타】 
4. 졸업앨범 
개인정보처리 
업무 소홀
❍ 2024학년도 졸업앨범 제작 시 교직원 및 학생의 
성명, 사진 등 개인정보를 수탁업체에 위탁하면서 
표준 개인정보처리 위탁계약서를 계약 문서로 작
성하지 않았으며, 개인정보 업무를 위탁하는 경우 
준수해야 할 수탁자 관리·감독 및 위탁 업무 종료 
후 수탁자에게 개인정보 파기 확인서 징구 등을 
이행하지 않아 개인정보 업무위탁에 관한 사항을 
소홀히함
【개인정보 보호법 제26조, 업무 위탁에 따른 
개인정보의 처리제한 준수 철저
 [전북특별자치도교육청(구, 전라북도교육청)]】
❍ 시정
5. 물품 관리 소홀❍ 2023~2024년도에 취득한 자전거 외 5종을 소모품 
처리하여 물품관리대장에 등재하지 않음
【공유재산 및 물품 관리법 제65조, 전북특별자치도 
교육비특별회계 소관 물품 관리 조례 제5조】
❍ 시정
6. 시간 외 
근무수당(정액
분) 지급 소홀
❍ 방학중 시간외 근무수당 지급을 위한 근무일수 
산정 시 방학중 근무일이 8일 임에도 4일로 산정
하여 시간외근무수당 정액분(35,560원)을 과소지
급함
【공무원 보수 등의 업무지침】
❍ 시정(추급)
   (35,560원)
7. 신용카드 사용 
인센티브(포인
트 등) 세입 
미조치
❍ 2023~2025년도에 신용카드 사용 인센티브(포인트, 
마일리지, 적립금 등) 세입조치를 하지 않음
【학교회계 예산편성 및 운영지침
 [전북특별자치도교육청(구, 전라북도교육청)]】
❍ 시정"
감사결과 보고서(청웅중).pdf,PDF,"1  청웅중학교 종합감사결과 및 처분내용
 감사개요
❍ 감사기간: 2026. 7. 20. ~ 7. 22.(3일간)
❍ 감사인원: 총 5명
 감사결과 지적사항
1. 분야별 지적건수(총 6건)
학교명 유형별 학사․평가 인건비·복무예산·회계·기타 계약․시설 계
청웅중
지적사항 1 0 0 0 1
현지시정 1 0 1 1 3
합계 2 0 1 1 4
2. 지적사항 총괄 
학교명
신분상(명) 행정상(건)
재정상
조치징계 경고 주의 계 기관
주의 통보 시정 개선 계
청웅중 - - 2
(1건)
2
(1건) - - - - - -
 ※ ( )안은 신분상 조치 대상자에 대한 지적 건수 총 합계임.
3. 세부 지적내용 및 처분
4. 현지 조치사항
지적건명 지적내용 처분
【교무학사】
1. 과학실험실 
안전점검 및 
비치장부 보관 
부적정
❍ 2023~2024학년도 과학실험실 안전점검표와 실험
폐수처리 자체점검표 및 실험폐수·폐시약 관리
대장을 작성, 보관하지 않음
【전북특별자치도교육청과학교육원‘과학실험실 안전관리 
기본 계획’, 전북특별자치도교육청 ‘교무학사 업무 
길라잡이 및 각급학교 위원회 및 비치장부 활용 안내’】
❍ 주의(2명) 
지적건명 지적내용 처분
【회계】
1. 법인카드 관리 
소홀
❍ 2025.7.1.자 외 2건 법인카드 보관담당 공무원이 
교체되었으나 신용카드 사용내역을 서면으로 인계
인수 미처리, 2025년 이후 감사일까지 법인카드 
사용으로 발생한 사용 적립 포인트를 세입 미처리
【전북특별자치도교육청 학교회계예산편성 및 운영지침】
❍ 시정
【계약】 
2. 시설공사 계약 
소홀
❍ 계약 기간이 1개월 미만인 공사에 대해 계약상대자와 
노무비 구분관리에 대한 제외 승인절차 미이행, 노무비 
구분관리제 적용제외 확인서 및 노무비 지급내역서를 
미확인하고 노무비 지급
【지방자치단체 입찰 및 계약집행기준 제9장 제9절, 
공사근로자 노무비 구분관리 및 지급확인제 실무요령】
❍ 시정
  
 
 
【교무학사】 
3. 현장체험학습 
사전업무 처리 
소홀
❍ 2024, 2026학년도 현장체험학습을 운영하면서 미참가 
학생에 대해 지도계획을 수립하지 않음
【현장체험학습 운영 매뉴얼】
❍ 시정"
상하초감사결과공개.hwp,HWP,
(공개용)_2026년 5~6월 종합감사 결과(2026.6월 처분심의회 실시)_전주교육지원청.pdf,PDF,"- 1 -
20262026202620262026202620262026202620262026202620262026202620262026202620262026202620262026년 년 년 년 년 년 년 년 년 년 년 년 년 년 년 년 년 년 년 년 년 년 년 5~65~65~65~65~65~65~65~65~65~65~65~65~65~65~65~65~65~65~65~65~65~65~6월 월 월 월 월 월 월 월 월 월 월 월 월 월 월 월 월 월 월 월 월 월 월 종합감사 종합감사 종합감사 종합감사 종합감사 종합감사 종합감사 종합감사 종합감사 종합감사 종합감사 종합감사 종합감사 종합감사 종합감사 종합감사 종합감사 종합감사 종합감사 종합감사 종합감사 종합감사 종합감사 결과 결과 결과 결과 결과 결과 결과 결과 결과 결과 결과 결과 결과 결과 결과 결과 결과 결과 결과 결과 결과 결과 결과 공개공개공개공개공개공개공개공개공개공개공개공개공개공개공개공개공개공개공개공개공개공개공개2026년 5~6월 종합감사 결과 공개
- 2026년 6월 처분심의회 결과-
전주교육지원청
Ⅰ  감사개요
  1. 감사목적
 ○ 예산 운용 실태 및 회계 처리의 적정성 여부
 ○ 예산편성·집행의 투명성 및 공정성 확보
  2. 대상기관: 전주00초등학교 등 총 7교
  3. 심의 방향 및 처분기준
 ○ 종합감사결과 처분요구에 대한 처분 양정 및 처분 여부 등
 - 기처분된 유사한 사항과의 형평성 유지
 - 처분요구사항에 대한 객관성 및 합리적 판단 확보
 - 위법․부당사항에 대한 고의 및 과실 정도의 적합성 확보
  4. 감사기간 및 인원
 ○ 감사 실시기간: 2026. 5. 13.~ 2026. 6. 17.
 ○ 감사인원: 16명
  5. 지적사항 총괄
(단위: 명, 금액단위: 천 원)
합   계
변상
(금액)
징계
(인원)
시정(금액)
경고
(인원)
주의
(인원)
기관
주의 통보
총 
건수
신분상
조치
(인원)
재정상
조치
(금액)
소계 환수 추급
35 77 18,304 - - 18,304 17,198 1,106 1 76 1 -
- 2 -
 ○ 조치 유형별
계
(건/명)
신분상 조치(건/명) 재정상 조치(건/원)
모범
사례계 경고 주의
통보
/기관
주의
계 변상 환수 추급
35/77 35/77 1/1 33/76 0/1 17 /
18,304,480 - 15 /
17,198,650
2/
1,105,830 -
 
 ○ 업무 분야별
구분
(단위) 계 학사‧‧평가 계약‧시설‧물품 예산‧회계‧
학운위 인사‧복무 인건비
건수
(건) 35 1 6 17 2 9
인원
(명) 77 8 11 40 3 15
금액
(원)
추급
1,105,830원
환수
17,198,650원
- 환수
634,860원
환수
896,610원
환수
131,180원
추급 
1,105,830원
환수
15,536,000원
Ⅱ  감사결과 분야별 지적사항 및 처분
  [ 학사‧평가[ 학사‧평가 분야  분야 ]]
  가. 유치원 원아 출결·학적 및 생활기록부 작성 소홀
    □ 병설유치원에서는 교외 체험학습 미결재 5건, 교외 체험학습 신청서 제출 유아의 
출석부 미표기 2건, 교외 체험학습 보고서 누락 2건, 출결 증빙서류 누락 2건, 
증빙서류에 따른 출결 미표기 3건 등 교외 체험학습 및 출결 관리를 부적정하게 
운영함
    ○ 조치의견: 관련자에게 “주의” 처분
 
- 3 -
  
  [ 계약․시설․물품[ 계약․시설․물품 분야  분야 ]]
  가. 물품 관리 소홀 
    □ 칠판 19대(취득일: 2020.12.29. 6대, 취득일: 2021.2.24. 10대, 취득일: 2021.3.15. 
3대)를 적절한 불용절차 없이 폐기하였고, 폐기 후 물품 대장의 운용 부서에 
‘현품존재X’로 기재하여, 물품 대장상 수량과 현품 수량이 일치하지 아니한 
상태로 관리함
    ○ 조치의견: 관련자에게 “주의” 처분 
  나. 계약 업무 소홀<학교별 지적사례>
    □ 공사예정가격 작성 확인 소홀 등
     - 특별한 사정없이 동일한 공사 내역에 대하여 객관적인 원가 검토 없이 업체로부터 
내역서를 견적서 2건 및 원가계산서 1건으로 나누어 제출받아 계약을 체결함
     -‘노무비 지급확인제’적용 대상 시설공사에서 노무비 지급내역을 확인할 수 있
는 증빙서류를 징구하여야 함에도 감사일까지 제출하지 않음
     - 계약 시 안전보건관리계획서를 제출받지 아니하였고, 이로 인해 착공 전 반드시 
수행되어야 할 위험성평가가 이루어지지 않은 채 계약을 체결함
     - 준공 검사를 완료하였으면서도 준공일자 기준이 아닌 2026. 4. 28.자 발급한 고용·
산재보험료 완납증명서가 지출 증빙서에 첨부함
     - 원가계산서에 기타경비를 반영하였음에도 수도광열비 징수 없이 대금을 지급함
    ○ 조치의견: 관련자에게 “주의 및 시정” 처분
    □ 산업안전 관련 계약 소홀 등
     -‘2022학년도 특별실(교무실, 과학실, 영어체험실) 환경개선 공사’의 경우 공사
기간 1개월 이상(2023.1.9.~2023.2.15.)으로 ‘노무비 구분관리제 및 지급확인제’
적용 대상이고, ‘2022학년도 1학년 교실개선 구축 설비 공사’ 및 ‘2023학년도 
미래형 정보교실 환경개선 시설 공사’의 경우 공사 기간이 1개월 미만이고 
공사 인원이 모두 상용근로자로만 구성된 공사에 해당하지 않아‘노무비 구분
- 4 -
관리제’는 제외되나‘노무비 지급확인제’적용 되는 공사임에도 노무비 지급
내역을 확인할 수 있는 증빙서류를 징구하지 않아‘공사근로자 노무비 구분관리 
및 지급확인제’업무를 소홀히 함
     - 2022학년도 1학년 교실개선 구축 전기공사 외 3건의 계약 시 안전보건관리계획서를 
제출받지 아니하였고, 이로 인해 착공 전 반드시 수행되어야 할 안전보건수준 
평가가 이루어지지 않은 채 계약을 체결
     - 2022학년도 1학년 교실개선 구축 전기공사 외 3건의 공사 완료 후 하자보수를 
보증하기 위한 하자보수보증금(보증서 또는 지급각서)을 징구하여 하자담보책임
기간 내에 발생하는 하자를 시공사에서 하자보수를 실시하여야 함에도, 하자담
보책임기간을 설정하지 않고 관련서류(하자보수보증서 또는 지급각서)를 미징구
함에 따라 사후 하자에 대한 담보를 확보하지 못함
     - 2022학년도 1학년 교실개선 구축 설비 공사)를 준공·정산하면서 공사 원가계산서의 
폐기물처리비(120,000원)에 대하여 폐기물처리확인서 등 증빙서류를 제출하지 
않았는데도 이를 확인하지 않고 공사대금을 전액 지급함
     - 2022학년도 1학년 교실개선 구축 설비 공사 외 2건에서 원가계산서에 기타경비를 
반영하였음에도 수도광열비(총 147,400원)를 징수 없이 대금을 지급함
     ○ 조치의견: 관련자에게 “주의 및 시정” 처분
    □ 노무비 구분관리제 및 지급확인 업무 소홀 등
     - 보건실 현대화사업 환경개선공사(금 14,500,000원)’외 5건의 공사를 집행하면서, 
공사기간이 1개월 미만으로 노무비 구분관리제는 적용 대상이 아니나 노무비 
지급확인제는 적용 대상임에도 이를 적용하지 아니하였으며, 노무비 지급 여부를 
확인할 수 있는 관련 증빙서류를 징구하지 않는 등 노무비 지급확인 업무를 
소홀히 함
     ○ 조치의견: 관련자에게 “주의” 처분
    □ 공사 서류 미징구 등
     - 2023년 6학년 교실 스마트칠판 설치를 위한 칠판장 제작공사(금 7,000천원) 외 
2건에서는 착공계, 준공계 등을 받지 아니하고 집행함
     - 2022년 학교시설 환경개선공사 외 3건의 계약 시 안전보건관리계획서를 제출받지 
아니하였고, 이로 인해 착공 전 반드시 수행되어야 할 안전보건수준 평가가 이루어
- 5 -
지지 않은 채 계약을 체결함
     - 통로지붕 교체 및 부대공사’외 7건의 시설 공사에 대하여 감사일(2026. 6월) 
현재까지 정기하자 검사를 20회 이상 실시하지 않았고, 하자보수관리부에 기록
하지 않았으며‘학교시설 환경개선공사’등 2건에 대해서는 계약금액이 3천만원을 
초과하는데도 하자검사조서를 작성하지 않는 등 시설공사 하자관리 업무를 
소홀히 함
    ○ 조치의견: 관련자에게 “주의” 처분
    □ 시설 공사 준공 시 정산(폐기물처리비) 소홀 등
     - 2022학년도 운동장 체육기구 철거 및 설치 공사 외 3건의 경우 공사기간 1개월 
미만이고 공사 인원이 모두 상용근로자로만 구성된 공사에 해당하지 않아‘노무비 
구분관리제’는 제외되나‘노무비 지급확인제’적용 되는 공사임에도 노무비 
지급내역을 확인할 수 있는 증빙서류를 징구하지 않아‘공사근로자 노무비 구분
관리 및 지급확인제’업무를 소홀히 함.
     - 2023학년도 예술놀이터 방음설비 및 기타 공사를 준공·정산하면서 공사 원가
계산서의 폐기물처리비에 대하여 폐기물처리확인서 등 증빙서류를 제출하지 않
았는데도 이를 확인하지 않고 공사대금을 전액 지급한 사실이 있다.
     - 2022학년도 운동장 체육기구 철거 및 설치 공사 외 1건에서 원가계산서에 기타 
경비를 반영하였음에도 수도광열비 징수 없이 대금을 지급함
     ○ 조치의견: 관련자에게 “주의 및 시정” 처분 
  [ 예산․회계․학운위 분야][ 예산․회계․학운위 분야]
  가. 출장 여비 지급 소홀 
    □ 근무지 외 출장여비를 지급하면서 식사를 제공받았음에도 교사 4명에게 근무지
외 출장 여비(식비)를 감액하지 않고 과다 지급함
    □ 공용차량 또는 공용차량에 준하는 별도의 차량을 이용하거나 차량을 임차하여 
사용하는 교직원에게 여비 지급시 1만원을 감액하지 않고 과다 지급함
    □ 2023~2026학년도에 여비를 지급하면서 근무지 내 출장의 거리가 왕복 2km 이내의 
- 6 -
근거리 출장에 대해 실비 지급을 위한 정산 절차 없이 출장 여비를 지급하고, 
차량을 임차하여 사용한 교직원의 출장 여비를 감액하지 아니하고 지급하는 등 
여비 총 754,580원을 과다 지급함
   ○ 조치의견: 관련자에게 “주의 및 시정” 처분
  나. 학교발전기금 및 발전기금 운영 소홀<학교별 지적사례>
    □ 학교운영위위원회 회의록 서명 누락 등
     - 2022학년도 제4회 학교운영위원회 회의록’외 2건의 회의록에 학교장의 서명을 
받지 않음
     - 2022회계년도 학교발전기금 2차 변경 운용계획서 및 2023회계년도 1차 변경 운
용계획서는 학교운영위원회 심의를 받은 후, ‘에듀파인-학교회계-발전기금’에 
운용계획을 반영하지 아니한 채로 운용하였고, 2023학년도 학교발전기금 운용
계획서는 학교운영위원회 심의 없이‘에듀파인-학교회계-발전기금’에 임의로 
운용계획을 세워 운용하였으며, 또한, 2022회계연도 학교발전기금은 당초 운용
계획과 다르게 운용되었음에도, 운용계획서를 실제 운용내역에 맞게 변경하여 
수립·심의하지 아니하였고, 2022회계년도 1차 변경 운용계획서 외 3건의 운용
계획서는 학교 홈페이지에 공개하지 않음
     - 2022.11.28.자 수입일계표(학생장학금 13,000,000원) 외 3건의 수입일계표 및 접수
대장에 출납명령기관 및 출납원의 결재를 받지 않았고, 2023.1.10.자 지출결의서
(졸업예정자 장학금 7,350,000원) 1건에 대하여 출납명령기관(위원장)의 결재를 
받지 않고 집행하였으며, 2022학년도 4분기와 2023학년도 1분기의 발전기금 접수 
및 집행 내역을 학교 홈페이지 등을 통해 공개하지 않음
    □ 학교발전기금 회계장부와 예금잔액 불일치 등
     - 2025~2026회계연도 학교발전기금 운용계획에 대하여 학교운영위원회 심의를 받
은 후에 운용계획을 학교 홈페이지 등을 통하여 공개하지 아니함
     - 2025회계연도 1~4분기 발전기금 접수내역 및 집행내역을 학교 누리집 등을 통
하여 공개하지 않음
     - 2025회계연도 학교발전기금 집행잔액 460원이 발생하였음에도 이를 2026회계연
도에 전년도이월금으로 세입 조치하지 않고 관리해오다, 감사 당일인 2026. 5. 
28.에야 2026. 3. 1.자로 소급하여 세입 조치하여, 감사 당일까지 학교발전기금 
- 7 -
회계장부와 예금잔액이 일치하지 않는 등 학교발전기금 회계 관리를 소홀히 함
     - 2025~2026회계연도에 학교발전기금을 운용하면서도 출납명령기관인 학교운영위
원장에 대하여 재정보증(보증보험)을 1천만원 이상 설정하지 않음
    □ 학교발전기금 운영 계획 미수립 등
     - 2022학년도 학교발전기금 운용계획을 수립하여 회계연도 개시 전 학교운영위원회 
심의․의결을 거쳐 확정하여야 함에도 학교발전기금 운용계획을 수립하지 않음
     - 발전기금 접수 및 집행내역(집행일자, 세부내역, 금액) 등 발전기금 조성·운용 
전반에 관한 사항은 분기별 종료 후 1개월 이내에 학교 홈페이지 등을 통하여 
공개하지 않음(조성접수 14건, 집행 13건)
     - 2024.4.1.(기준일) 발전기금회계 출납명령기관인 학교운영위원장이 교체되었으나, 
사무인계‧인수 절차를 이행하지 않아 학교발전기금 업무를 소홀히 함
    □ 학교운영위원회 사무인계인수 미이행 등
     - 2024.4.1.에 학교발전기금회계 출납명령기관인 운영위원회 위원장이 교체되었으나, 
사무인계인수 절차를 이행하지 않는 등 학교발전기금 업무를 소홀
     - 2023.12.28.자 수입일계표(학생장학금, 700,000원)’외 10건의 수입일계표, 접수
대장 및 지출결의서에 대하여 출납명령기관인 학교운영위원회 위원장 및 출납원의 
결재를 받지 아니하였고, ‘2022.2.3.자 수입일계표(학생장학금, 100,000원)’외 
3건의 수입일계표는 보존기간이 경과하지 않았음에도 보존하지 않음 
     - 2022회계연도‘학교발전기금운용(변경)계획서(2023.2.13.심의)’외 5건의 운용계획
서와 2022회계연도‘4분기 접수 및 집행내역’외 3건의 접수 및 집행 내역을 
학교 홈페이지에 공개하지 않음
    ○ 조치의견: 관련자에게 “주의” 처분
  다. 학교회계 예산편성 업무 소홀
    □ 2023학년도 계약제교원(방과후 시간제기간제) 인건비 외 4건, 2023학년도 교직원 
급식비 계수조정을 위한 감액 1건, 2024학년도 방과후과정 유아학비 외 5건의 
목적사업비를 집행 후 잔액이 발생하자, 잔액 반납 후 예산액 감액 등을 위해 
2023학년도 2,158천원, 2024학년도 3,545천원, 총 5,703천원을 간주처리예산으로 
편성하였고, 2023학년도 4차 간주처리예산(2024.2.28.), 2024학년도 4차 간주처리
예산(2025.2.24.)편성 후, 사전·사후에 학교운영위원회에 설명 및 소명 등을 하지 
- 8 -
않아 예산편성 업무를 소홀히 함 
    □ 2023학년도 육성종목 운영학교 훈련비 외 1건, 27,000천원, 2024학년도 초등 기
본운영비 1건, 600천원, 초등돌봄교실 간식비 외 16건, 49,314천원, 2025학년도 
1학기 돌봄프로그램 간식비 외 6건, 18,431천원을 학교기본운영비 세입액 감액 
후 세출 예산액 편성, 목적사업비 집행 잔액 반납 후 예산액 조정, 수익자부담경비 
계수조정을 위하여 간주처리 예산을 편성하여 예산 편성 업무를 소홀히 함
       또한 2023학년도 예결산 공개일 10일 초과 2건, 미공개 3건, 2024학년도 예결산 
공개일 10일 초과 5건, 미공개 2건, 2024학년도 예결산 공개일 10일 초과 3건으로 
학교회계 예결산 운영 업무를 소홀히 함
    □ 2022학년도 5차 간주처리에 대한 사후 보고를 2023.4.14.(학교운영위원회 168회)에 
하지 않았고 2025학년도에는 2024학년도 4차 간주처리 사후 보고를 2025.4.14.
(학교운영위원회 177회)에 하지 않음 
       또한 2024학년도에는 간주처리 요건에 해당하지 않는 유치원 통학차량 운영비
(-8,453천원), 특수교육지도사 대체인건비(-487천원)에 대해 목적사업비 집행잔액 
반납 후 예산액 조정을 위하여 간주처리 예산을 편성하여 업무를 소홀히 함
       또한 2023학년도 예결산 공개일 10일 초과(1건), 2024학년도 예결산 공개일 10일 
초과(3건), 2025학년도 예결산 공개일 10일 초과(1건)으로 학교회계 예결산 운영 
업무를 소홀히 함
    ○ 조치의견: 관련자에게 “주의” 처분
  라. 수익자부담경비 정산 및 공개 업무 소홀
    □ 2022학년도 재무감사 당시 수익자부담경비(2019~2021학년도 돌봄교실 간식비, 
방과후학교 운영비) 정산 결과 공개 소홀로 시정 조치를 받은 바 있음에도 불구
하고 2022학년도 교직원급식비 외 2건, 2023~2025학년도 교직원급식비 외 1건의 
수익자부담경비에 대하여 사업 종료 후 10일 이내에 정산하지 아니하고, 소요
예산, 항목별 비용, 수행업체 및 선정방식 등 세부사항을 포함한 수입 및 지출 
내역을 학교 학교홈페이지 게시 및 가정통신문 발송 등을 통하여 학부모에게 
공개하지 않음
    ○ 조치의견: 관련자에게 “기관 주의” 처분
- 9 -
    □ 2024학년도 학교급식 운영계획(안)을 심의받으며, 우유급식비의 집행잔액이 소액
으로 발생시 불우이웃돕기 성금으로 집행한다고 계획하였고, 2024학년도 현장
체험학습 계획(안)에서는 1인당 집행 잔액이 1,000원 미만인 경우 불우이웃돕기 
성금으로 집행한다고 계획한 바가 있으나, 사업완료 후 2024년초에 심의받은 
계획(불우이웃돕기 성금)대로 처리하지 않고, 집행 잔액을 재학생에 대한 장학금 
지급 규정 없이 교육복지위원회 회의(2회 '24.11.19., '25.1.3.)를 거쳐 2024학년도 
우유급식비 잔액(46,880원), 2024학년도 현장체험학습비 잔액(48,730원), 총 95,610원을 
심의 내용과는 다르게 장학금(6학년 김** 외 1명)으로 지급하고, 학교홈페이지에는 
수익자부담수입 정산 결과 집행잔액에 대해 불우이웃돕기 성금으로 집행함
    □ 수익자부담경비(우유급식비, 졸업앨범비, 방과후활동비, 돌봄간식비, 수련활동비, 
스포츠클럽활동비, 아람단활동비) 정산 결과 공개 소홀로 시정 조치를 받은 바 
있음에도 불구하고, 2022학년도 교직원급식비 외 34건, 2023학년도 교직원급식비 
외 27건, 2024학년도 방과후학교운영 외 20건, 2025학년도 방과후학교운영 외 
18건 의 수익자부담경비에 대하여 사업 종료 후 10일 이내에 정산하지 아니하고, 
소요예산, 항목별 비용, 수행업체 및 선정방식 등 세부사항을 포함한 수입 및 
지출 내역을 학교 누리집 게시 및 가정통신문 발송 등을 통하여 학부모에게 공개
하지 않음
   □ 2022학년도 제4회 학교운영위원회 회의록 등 총 14건의 회의록을 학교홈페이지 
등에 공개하지 아니하였고, 2024~2026회계연도에는 학교발전기금 이월금(잔액)이 
있음에도 불구하고, 회계연도 개시 전에 학교발전기금 운용계획을 수립하여 학교
운영위원회 심의를 받지 않거나, 회계연도 개시 후에 학교발전기금 운용계획서가 
아닌 ‘이월금 사용 계획’으로 결산서 심의 시에 학교운영위원회 심의를 받지 
않음
  .   또한, 2023~2026회계연도 학교발전기금 운용계획서를 학교 홈페이지에 공개하지 
아니하였고, ‘2022학년도 졸업앨범비’외 3건의 졸업앨범비에 대하여 소요예산, 
항목별 비용, 수행업체 및 선정방식 등 세부사항을 포함한 수입 및 지출 내역을 
학교 누리집 게시 및 가정통신문 발송 등을 통하여 학부모에게 공개하지 않음
   □ 2022학년도 수익자부담경비인 방과후학교 독서논술부 수강료 외 6건 (575,320원), 
2023학년도 방과후학교 독서논술부 수강료 외 17건 (3,149,370원)의 미납액이 회계
연도 종료시까지 수납되지 않았음에도 납부 독촉을 위한 기안문을 작성하고 납
- 10 -
부 독촉 가정통신문을 발송하는 등의 채권 확보를 위한 적정한 조치를 취하지 
아니하고 다음 회계연도로 이월 처리함
   ○ 조치의견: 관련자에게 “주의” 처분
 마.  목적사업비 집행 잔액처리 소홀
   □ 2023학년도 급식재료구입비 외 5건, 4,980,600원, 2024학년도 급식운영비 외 5건, 
5,155,890원, 2025학년도 유아학비 방과후과정 외 1건, 856,460원의 목적사업비 
총 13건, 10,992,950원에 대하여 집행 잔액이 10만 원을 초과하였음에도 정산하여 
반납 조치하지 않고 학교회계 불용액으로 처리함
   □ 2023학년도 방과후학교운영 교과프로그램 외 3건(1,610,470원), 2024학년도 돌봄
교실운영 외 1건(1,424,070원)의 목적사업비에 대하여 총 6건(3,034,540원)의 집
행 잔액이 10만 원을 초과하였음에도 정산하여 반납 조치하지 않고 학교회계 불
용액으로 처리함
   
  [ 인건비 분야 ][ 인건비 분야 ]
  가. 급여 지급 업무 소홀
    □ 교원연구비 지급에 관한 사항
     - 학습연구년 특별연수(4호파견)중인 교사에게 교원연구비 총 720,000원을 과다 지급
     - 불임·난임 휴직으로 학교에 근무하지 않은 교사에게 2026년 3월 급여 지급시 
교원연구비 42,000원 과다 지급
     - 질병휴직으로 학교에 근무하지 않은 교사에게 교원연구비 합계 294,770원을 과다 
지급함
     - 불임·난임, 질병 휴직으로 학교에 근무하지 않은 교사 2명에게 교원연구비 
합계 966,000원을 과다 지급함  
    □ 계약제교원 보수 지급에 관한 사항
     - 시간외수당(정액분)의 단가를 착오하여 잘못 지급하거나, 지급 금액의 근거가 
되는 근무 일수 확인을 소홀히 하여 계약제교원 4명에게 904,420원을 과다 지급
- 11 -
     - 환산총경력년수 1년 미만인 계약제교원 2명에게 정근수당 182,000원을 과다 지급
     - 기본급 단가를 착오하여 계약제교원 2명의 기본급 162,180원을 과소 지급
     - 2023.9.1.~2025.2.28.까지 근무한 기간제 영양교사에게 교직수당가산금 총 560,000원을 
미지급
     - 기간제 영양교사가 2023년 9월부터 2025년 2월까지 기간의 단절 없이 계속 근무하고 
있음에도 정근수당 지급 대상 기간 확인을 소홀히 하여 2024년 7월 정근수당 
207,740원, 2025년 1월 정근수당 267,990원, 합계 475,730원을 과소 지급함
    □ 월 중도 휴직자 급여 지급 계상 착오
     - 월 중도에 복직한 교사(육아휴직(첫째자녀) 기간:2020.11.7.~2023.8.19., 복직일:2023.8.20.)
에게 합계 1,384,230원을 과소 지급
     - 유급 육아휴직 기간(1년)이 종료된 교사(육아휴직(둘째자녀) 기간 :2023.11.20.~2026.2.28., 
유급 육아휴직 기간:2023.11.20.~2024.11.19.)에게 2025년 1월과 2월에 육아휴직
수당 합계 3,200,000원을 과다 지급
     - 육아휴직을 실시한 교사의 보수를 지급하면서 교직수당 가산금을 휴직일인 17일
부터 일할계산하여 환수하여야 했으나, 신임 담임교사 임명일로부터 일할계산
하여 교직수당 가산금 21,670원이 과다 지급되었으며 2023년 10월에는 육아휴직 
복직합산금(6.17.~6.30., 14일분) 105,000원이 과소 지급함
     - 병설유치원 교사가 종전 난임휴직, 육아휴직, 출산휴가 등을 기간의 단절 없이 
연속 사용하여 정상적인 근무가 상당기간 지속된 경우에 해당하지 아니하므로, 
난임휴직(기간: 2025.3.1. ~2025.8.31., 2025.9.1.~2026.2.28.(연장))을 새로운 휴직으로 
볼 수 없고, 종전 난임휴직에 이어지는 것으로 보아 누계 1년을 초과하는 기간에 
대하여 봉급의 50퍼센트를 지급하여야 함에도 봉급의 70퍼센트를 지급하여 합계 
2,613,960원을 과다 지급함
     - 2025.9.1.부터 2026.2.28.까지(6개월) 불임·난임휴직으로 학교에 근무하지 않은 
병설유치원 교사에게 2025년 9월부터 2026년 2월까지 교원연구비 6개월분 합계 
252,000원을 과다 지급함
    □ 육아휴직 복직합산금 지급 소홀
     - 교사가 2023년 3월 1일부터 육아휴직을 실시하였고, 2023년 3월 23일 부부동시 
육아휴직 대상임을 확인할 수 있는 근거자료를 제출하였음에도 해당 사실이 반영
되지 않아 2023년 3월분 육아휴직수당 및 육아휴직복직합산금 총 955,000원이 
- 12 -
과소 지급함
     - 육아휴직 후 복직하여 6개월 이상 계속하여 근무한 교사(첫째자녀 휴직기간 
202111.22.~2023.12.31., 복직일 2024.1.1., 둘째자녀 휴직기간 2024.4.1.~2025.2.28., 
복직일 2025.3.1.)에게 2025년 9월에 육아휴직수당 복직합산금을 지급하면서 
67,500원을 과소 지급함
    ○ 조치의견: 관련자에게“주의 및 시정” 처분
 나. 가족수당 지급에 관한 사항
   □ 교사 1명은 배우자가 지방자치단체에서 공무직으로 근무하면서 가족수당을 지급받고 
있음에도 2024년 3월부터 2026년 4월까지 총 4,120,000원의 가족수당을 수령함
   ○ 조치의견: 관련자에게“경고 및 시정” 처분
   □ 교사 1명과 기간제교사 1명은 각자 배우자가 지방자치단체에서 공무직, 사립유
치원 교사로 근무하면서 가족수당을 지급받고 있음에도 총 1,410,000원의 가족
수당을 수령함 
   ○ 조치의견: 관련자에게“주의 및 시정” 처분  
  
  [ 인사·복무 분야 ][ 인사·복무 분야 ]
 가. 휴가(병가) 사용 관리 소홀
   □ 교사 2명이 병가를 사용하면서 연간 6일이 초과하였으나, 진단서를 첨부하지 않아 
인건비가 과지급 되는 등 복무 관리를 소홀히 함
   □ 교사가 물리치료 등을 사유로 연간 누계 6일을 초과하여 병가를 사용하면서 
2024. 9. 24.자 교통사고로 인한 2주간의 안정가료를 요하는 진단서를 제출하였으나, 
진단기간이 경과한 이후에도 2024년 12월 말까지 동일한 사유로 병가를 사용하면서 
추가 진단서 또는 통원치료 사실을 확인할 수 있는 증빙서류를 제출하지 아니함
 ○ 조치의견: 관련자에게“주의” 처분"
2026년 5월 학교자율형 종합감사 결과보고서(공개용)_운봉초.pdf,PDF,"2026년 5월 학교자율형 종합감사 결과 보고서
- 운봉초 - 
2026. 6.
  【 행 정 지 원 과】

Ⅰ. 감사 개요
1. 감사배경 및 목적
□ 『2026년 남원교육지원청 자체감사 운영계획』에 의거 종합감사 실시
□ 학교 업무 전반의 예산 운용 실태 및 회계 처리의 적법성ㆍ타당성 등을 
점검함으로써 예산 편성ㆍ집행의 투명성 및 공정성을 도모하고자 함
2. 감사대상 및 범위
학교명 감사종류 감사 실시 기간 감사 대상 기간 범위
운봉초등학교학교자율형
종합감사 2026. 5. 11. ~ 5. 12. 교무·학사: 2023.3.1.~2026.4.5.
행정·회계: 2023.4.11.~2026.4.5. 학교 업무 전반
3. 감사인원: 감사반장 등 5명
4. 감사중점사항
 □ 학사관리: 교육과정 운영에 관한 사항 
   - 교육과정·평가, 교원인사관리·교육활동보호, 학생생활교육, 과학·
보건 교육, 독서교육·학교도서관, 특수교육, 방과후학교
 □ 재정ㆍ회계 관리에 관한 사항
   - 예ㆍ결산관리: 예산편성, 이ㆍ전용, 성립전 사용, 이월, 불용액 등
   - 세입관리: 징수결정, 수납, 과오납금처리, 불납결손 등
   - 세출관리: 지출원인행위 및 세출의 적정성, 계약업무의 적정 처리 여부 등
   - 발전기금 및 세입세출외현금 관리
 □ 공유재산, 물품 관리 및 시설물 관리에 관한 사항
   - 공유재산 임대 및 관리 등
   - 물품관리: 물품구입, 정수물품 관리, 불용결정ㆍ폐기, 장부기록관리 등
   - 시설물 관리: 시설사업의 적정 추진 및 관리
 □ 보수지급: 시간외 수당 및 가족수당, 연가보상비, 공무원 수당 등
Ⅱ. 감사결과 
1. 분야별 지적건수
학교명 유형별 학사·평가 예산․회계 인건비·복무계약·시설물품·기타 계
운봉초
지적사항 3 1 2 1 · 7
현지시정 4 1 1 1 1 8
합계 7 2 3 2 1 15
2. 세부 지적내용 및 처분
지적건명 지적내용 처분
 m 운봉초등학교
【학사·평가】 
1. 출결업무 처리 
소홀
❍ 학생의 3일 이상 질병 결석을 처리하는 과정에서 
의사의 진단서 또는 의견서 등의 관련 증빙서류를 
누락하는 등 2023~2024학년도 교사 2명이 학생 3명의 
출결 관련 증빙서류 누락
【초·중등교육법 제25조, 
학교생활기록기재요령(교육부훈령) 제8조】
❍ 통보
2. 현장체험학습 
운영 부적정
❍ 2024학년도 6학년 테마식 현장체험학습 실시 후 
만족도 조사를 실시하지 않고, 현장체험학습 공개방에 
공개자료 미탑재
【현장체험학습 운영 매뉴얼
[전북특별자치도교육청(구, 전라북도교육청)]】
❍ 통보
3. 학년별 
평가계획 
학업성적관리위
원회 심의 소홀
❍ 2023~2025학년도에 학업성적관리위원회 심의 및 
정당한 근거 없이 학년별(학급별) 교과 평가 계획을 
수립하고 평가 실시
❍ 통보
지적건명 지적내용 처분
【전북특별자치도 초등학교 학업성적관리 시행지침
[전북특별자치도교육청(구, 전라북도교육청)]】
【예산·회계】 
4. 지도수당 수령 
부적정
❍ 2023학년도 4월 기초학력보장(배움다지기교실) 수업을 
지도하면서 2023. 4. 25.에 근무상황(출장) 처리로 
실제 수업을 하지 않고서도 수업을 한 것으로 해당일 
지도일지를 작성하여 강사수당 30,000원을 지급
받는 등 2023~2024회계연도 2명의 교사가 합계 
60,000원의 지도수당을 부적정하게 지급받음
【전북방과후학교 운영 길라잡이
[전북특별자치도교육청(구, 전라북도교육청)]】
❍ 통보 및 시정
 (60,000원 회수)
【인건비·복무】 
5. 공가 사용 
부적정
❍ 2023. 11. 3. 건강검진을 사유로 공가를 허가받고서도 
건강검진을 받지 않고, 2023. 8. 23.에 실제 건강검진을 
받는 등 2023~2024년도 총 3명이 공가를 부적정하게 
사용하여 총 2명의 연차유급휴가 미사용수당 합계 
143.650원을 과다 지급
【국가공무원 복무규정 제19조, 
교원휴가에 관한 예규 제7조, 
전라북도교육감 소속 교육공무직 관리 규정 제47조
[전북특별자치도교육청(구, 전라북도교육청)]】
❍ 통보 및 시정
 (143,650원 회수)
6. 인건비 지급 
소홀
❍ 2024학년도 교육공무직원 연차유급휴가 미사용수당을 
지급하면서 근무연수가 21년이고 310일 미만인 
조리실무사의 연차일수를 22일이 아닌 25일로 산정
하여 연차유급휴가 미사용수당을 지급하는 등 
310일 미만 방학 중 비상시 근무자인 조리실무사 
2명의 연차유급휴가 미사용수당 합계 756,060원 
과다 지급
【전북특별자치도교육감 소속 교육공무직원 관리규정 제43조
[전북특별자치도교육청(구, 전라북도교육청)]】
❍ 통보 및 시정
 (756,060원 회수
 231,320원 추급)
3. 현지 조치사항
지적건명 지적내용 처분
❍ 2025년도 연가보상비를 지급하면서 유사 경력이 
인정되는 지방공무원의 연가 보상일수 산정 시 3일의 
연가일수 가산을 하지 않고 연가보상비를 지급하여 
연가보상비 231,320원 과소 지급
【지방공무원 수당 등에 관한 규정 제18조의5, 
지방공무원 보수업무 등 처리지침, 
지방공무원 복무규정 제7조, 
전북특별자치도교육감 소속 지방공무원 복무 조례 제13조
[전북특별자치도교육청(구, 전라북도교육청)]】
【계약·시설】 
7. 시설공사 
분할계약 
부적정
❍ 2023. 8. 31. 유한회사 위드디자인컴퍼니와 계약한
‘유아놀이중심 공간조성 공사(계약금액 20,294천원)와 
2023. 10. 6. (유)본건축디자인과 계약한‘예술놀이터 
조성 공사(계약금액 43,880천원)’를 지정정보처리
장치를 이용한 2인 이상 견적 제출로 통합 발주
하여야 하나 분할하여 1인 견적 수의계약 체결
【지방자치단체를 당사자로 하는 계약에 관한 법률 시행령 제77조, 
지방자치단체를 당사자로 하는 계약에 관한 법률 시행령 제30조, 
1인 견적서 제출 가능 수의계약 금액 기준 연장 알림
[전북특별자치도교육청(구, 전라북도교육청)]】
❍ 주의(1명)
지적건명 지적내용 처분
 m 운봉초등학교
【학사․평가】
1. 학생생활규정 
개정 절차 
미준수
❍ 2023학년도 학생생활규정을 개정함에 있어 학생
생활규정 미공포
【초ㆍ중등교육법 제32조,
초ㆍ중등교육법 시행령 제9조】
❍ 시정
지적건명 지적내용 처분
2. 학업중단숙려제 
운영 계획 
미수립
❍ 2024~2025학년도 학업중단숙려제 계획 미수립
【초·중등교육법 제28조,
초·중등교육법 시행령 제54조, 
학업중단숙려제 운영 계획
[전북특별자치도교육청(구, 전라북도교육청)]】
❍ 시정
3. 학교스포츠클럽 
운영 절차 
미준수
❍ 2023~2025학년도 학교스포츠클럽을 운영함에 있어 
학교체육소위원회 심의를 받지 않고 운영
【학교체육진흥법 제10조, 
2023~2025학년도 학교스포츠클럽 운영 매뉴얼
[전북특별자치도교육청(구, 전 라 북 도 교 육 청)]】
❍ 시정
4. 학교도서관운영
  위원회 심의 
소홀 
❍ 2025학년도 학교도서관 운영계획에 대한 학교도서관
운영위원회 심의를 받지 않았고, 상반기 도서 구입시 
학교도서관운영위원회 심의 없이 도서 구입
【학교도서관진흥법 제10조, 
학교도서관진흥법 시행령 제8조
전북특별자치도교육청 학교도서관 진흥에 관한 조례
[전북특별자치도교육청(구, 전 라 북 도 교 육 청)]】
❍ 시정
【인건비·기타】 
5. 교육공무직원 
인건비 지급 
소홀
❍ 2026년 1월분 교육공무직원 인건비를 지급하면서 
2026년 신정(2026.1.1.)을 유급휴일로 산정하여 방학 중 
비상시 근무자인 교육공무직원 8명의 인건비 합계 
459,230원 과다 지급
【전북특별자치도교육감 소속 교육공무직원 관리규정 제41조】
❍ 시정(회수)
   (459,230원)
6. 산업안전보건교육 
실시 부적정
❍ 2023학년도 현업업무종사자를 대상으로 안전보건
교육을 실시하여야 하나, 산업안전보건교육을 실시
하지 않았고 교육 증빙자료를 보관하지 않음
【산업안전보건법 제29조, 
산업안전보건법 시행규칙 제26조, 
2023년도 산업안전보건교육 실시 안내
[전북특별자치도교육청(구, 전라북도교육청)]】
❍ 시정
지적건명 지적내용 처분
7. 교육훈련여비 
지급 부적정
❍ “국가유산교육의 현재와 미래 직무연수” 교육
훈련(2025. 1. 22.~2025. 1. 24.) 여비를 지급하면서 
출장자가 연수기간동안 합숙하였음에도 등록일
(입교일), 수료일을 제외한 기타일의 일비를 전액 
지급하는 등 2024~2025회계연도 교직원 2명에게 총 4건, 
합계 75,000원의 교육훈련여비(일비)를 과다 지급
【공무원 여비 규정 제8조의2,
공무원 인재개발법 시행령 제13조, 
운봉초등학교 여비규정[운봉초등학교]】
❍ 시정(회수)
   (75,000원)
8. 졸업앨범 
개인정보처리 
업무 소홀
❍ 2024학년도 113회 졸업앨범 구매 계약’에 대하여 
교직원 및 학생의 성명, 사진 등 개인정보를 수탁
업체에 위탁하면서 개인정보 파기 확인서 미징구
【개인정보보호법 제26조, 
업무위탁에 따른 개인정보의 처리제한 준수 철저, 
학교 졸업앨범 제작 시 교직원 동의 절차 준수
[전북특별자치도교육청(구, 전라북도교육청)]】
❍ 시정"
2.종합감사결과공개(탑재용)1부(군산영광여고).pdf,PDF,"군산영광여자고등학교 종합감사 결과 공개
2025. 11.
 (감 사 관)
군산영광여고(영광학원) 종합감사 결과 공개
 감사결과의 공개는 국민의 알권리 충족과 기관 운영의 투명성을 강화하기 위한 
공익적 조치입니다. 따라서 감사결과 실명이 공개된 모든 기관이 비리에 연관되어 
있는 것은 아님을 알려드립니다. 
□ 감사 개요
○ 감사 기간: 2025. 4. 16.∼4. 18.(3일)
○ 감사 인원: 6명 
○ 감사 범위
 - 교무·학사 2022. 3. 1.~2025. 4. 15.(지난번 감사 이후부터 금번 감사 전일 까지)
 - 행정·회계 2021. 5. 3.~2025. 4. 15.(지난 번 감사  이후부 터 금번  감사 전 일 까지)
□ 감사 결과
 ○ 총괄
신분상(명) 행정상(건) 재정상
조치징계 경고 주의 계 기관
주의 시정 통보 개선 계
·
(0건)
8
(2건)
40
(9건)
48
(11건) 1 5 1 · 7 ž 회수(2건)  1,403,570원
  합    계  1,403,570원
 ※ ( )안은 신분상 조치 대상자에 대한 지적 건수 총 합계로 중복 건수 존재
 ○ 분야별 지적건수
 
유형별 법인 교무·
학사 계약·회계 시설 기타 계
지적사항 1 4 3 2 1 10
○ 지적사항(총 11건)
연번 분야별 지적건명 처분요구
1 학교법인Ÿ 사무직원 학교법인 겸임 부적정 ▪ 주의(2명)
▪ 시정
2
교무․학사
Ÿ 학생 수상 관리 부적정 ▪ 주의(3명)
▪ 시정
3 Ÿ 학교생활기록부 행동특성 및 종합의견 
  중복 기재
▪ 경고(1명)
▪ 주의(5명)
4 Ÿ 학교생활기록부 기타결석 사유 미입력 ▪ 주의(9명)
▪ 시정
5 Ÿ 계약제교원 채용절차 부적정 ▪ 경고(7명)
6
계약․회계
Ÿ 신규교사 공개전형부담금 집행 부적정 ▪ 주의(3명)
▪ 시정
7 Ÿ 현장체험학습 용역 일상감사 미이행
  및 성범죄·아동학대 전력조회 미실시 ▪ 주의(2명)
8 Ÿ 업무추진비 집행 부적정 ▪ 주의(10명)
▪ 시정(회수)
9
시설․급여
Ÿ 시설공사 하자관리 부적정 ▪ 주의(4명) 
▪ 시정
10 Ÿ 시설공사 품질관리비 정산 부적정 ▪ 주의(2명)
▪ 시정(회수)
11 기타 Ÿ 기록물 관리 부적정 ▪ 기관주의
▪ 통보
- 1 -
일련번호 학교법인 영광학원-1   
전북특별자치도교육청
주의 및 시정 요구
제        목     사무직원 학교법인 겸임 부적정
소 관  기 관     학교법인 영광학원
조 치  기 관     학교법인 영광학원 외 2개 기관
내        용
1. 업무개요
  학교법인 영광학원 및 군산영광여자고등학교는 행정실장에 대해서는 학교
법인 과장으로 정식 겸임 발령을 실시하였으나, 사무직원에 대해서는“학교
법인영광학원 사무직원 인사규칙”에 따라 업무분장만으로 법인업무를 수행
하고 있다.
2. 관계법령 및 판단기준  
  「사립학교법」제70조의2 제2항에 따르면 각급 학교 소속 사무직원은 학교의 
장의 제청으로 학교법인 또는 사립학교경영자가 임용하고, 같은 법 제2조에 
따라 ‘임용’에는 ‘신규채용’뿐만 아니라 ‘겸임’도 포함되며 학교 소속 
사무직원이 학교의 행정사무 외에 겸임을 하는 경우에는 학교의 장이 학교
법인에 겸임 제청을 하고, 학교법인이 이를 승인하는 절차를 거쳐야 한다.
- 2 -
3. 감사결과 확인된 문제점 
  그런데도 학교법인 영광학원은 20**. 1. 16. 군산영광여자고등학교 사무직원 
행정*급 ***를 겸임 발령 없이 학교법인 사무를 처리하게 하는 등 【표】‘사무
직원 학교법인 겸임 미발령 내역’과 같이 20**~20**년도 사무직원 2명을 겸임 
발령 없이 학교법인 사무를 처리하게 한 사실이 있다.
 【표】 사무직원 학교법인 겸임 미발령 내역
“기 재 생 략”
관계기관 의견 및 검토결과
   군산영광여자고등학교는 “학교법인 영광학원 정관”에 따라 법인국장을 
보하고, “학교법인영광학원 사무직원인사규칙”제11조, 제12조에 근거하여 
법인국장과 행정실장을 겸임 발령하고 소속직원을 법인업무에 겸임시킬 수 
있으며, 법인국장에 겸임발령된 행정실장이 각급학교 행정실 사무직원의 
직위 및 보직을 부여하고 있으며, 근거 및 일련의 절차에 따라 사무직원의 
법인사무는 행정실장의 업무분장 명령에 따라 이를 정하고 있다고 하였다.
  그러나 「사립학교법」 제70조의2(사무기구 및 직원) 제2항 및 제2조(정의) 
4호에 따르면 “각급학교에 소속되는 사무직원은 학교의 장의 제청으로 
학교법인 또는 사립학교경영자가 임용한다”라고 되어 있고, ‘임용'1)은 법적
으로 신규채용, 보직, 전보, 겸임 등 직무상의 변동을 수반하는 모든 인사
행위를 포함한다.
1) 사립학교법 제2조(정의) 4호에 “임용”이란 신규채용, 승진, 전보, 겸임, 파견, 강임, 휴직, 직위해제, 정직, 강
등, 복직, 면직, 해임 및 파면을 말한다.
- 3 -
  따라서 사무직원이 학교 외의 법인사무를 수행하는 것은 “겸임”이라는 
인사행위에 해당하며, 이는 반드시 학교장의 제청과 이사장의 발령이라는 
정식 절차를 거쳐야 하는 것으로 관계기관의 의견을 받아들이기 어렵다.
조치할 사항 
학교법인 영광학원이사장은 
① 앞으로 사무직원이 학교법인과 학교 간 겸임 발령이 필요한 경우, 반드시 
이사장 명의의 겸임 발령을 명확히 하고, 겸임이 본직의 직무수행에 지장이 
없도록 인사운영을 철저히 하여 주시고,
②〔시정〕사무직원 2명(***, ***)에 대하여 겸임 발령 후 법인사무를 처리
하도록 하시기 바랍니다.
군산영광여자고등학교장은 
① 앞으로 사무직원이 학교법인과 학교 업무를 겸임하는 경우, 관련 법령 및 
정관, 인사규칙에 따라 겸임발령이 선행되도록 관리하고, 겸임에 따른 업무
분장 및 보직 관리가 적정하게 이루어질 수 있도록 행정처리를 철저히 
하여 주시고, 
②〔주의〕 관련자에게 ‘주의’ 조치하시기 바랍니다. [주의 1명]
전북특별자치도교육감은 
①〔주의〕 관련자에게 ‘주의’ 조치하시기 바랍니다. [주의 1명] 
- 4 -
일련번호 군산영광여자고등학교-1
전북특별자치도교육청
주의 및 시정 요구
제        목    학생 수상 관리 부적정
소 관  기 관     군산영광여자고등학교
조 치  기 관     군산영광여자고등학교
내        용
1. 업무개요
  군산영광여자고등학교는 학생 수상 관리의 적정을 기하기 위해 교육부의 
“학교생활기록부 기재요령”과 군산영광여자고등학교의 “학업성적관리
규정”에 따라 학생 시상 및 수상경력 관리를 하고 있다.
2. 관계법령 및 판단기준  
  교육부의 “학교생활기록부 기재요령”에 따르면 개근은 해당 학년 동안 
1회의 결석(또는 지각, 조퇴, 결과)도 없는 경우이며, 교내에서 개근상·
정근상 수상 여부의 판단은 학교별 방침에 따라 달리 적용할 수 있다고 
되어 있다.
  또한 군산영광여자고등학교의 “20**~20**학년도 학업성적관리규정”에 
따르면 1개년 개근상은 해당 학년 동안 1회의 지각이나 조퇴 또는 결과도 
없는 자, 3개년 개근상은 3개년 동안 1회의 지각이나 조퇴 또는 결과도 없는 자, 
- 5 -
3개년 정근상은 3개년 동안 지각이나 조퇴 또는 결과가 1회~8회인 경우와   
최대 결석 2일과 지각이나 조퇴 또는 결과가 2회까지 초과하지 않는 자를 대상
으로 한다고 되어 있다. 
3. 감사결과 확인된 문제점 
  그런데도 군산영광여자고등학교는 질병 결석 1일을 한 20**학년도 *학년 *반 
*** 학생에게 1년 개근상을 수여하는 등 【표】“학생 수상 관리 부적정 현황”과 같이 
20**~20**학년도 교사 *** 외 2명이 출결 관련 수상자에 해당하지 않는 학생 
4명에게 1년 개근상 또는 3년 정근상을 수여한 사실이 있다.
【표】 학생 수상 관리 부적정 현황
“기 재 생 략”
관계기관 의견
  군산영광여자고등학교는 감사 결과를 받아들이면서 앞으로 연수를 강화해서 
동일사례가 재발하지 않도록 업무를 개선하겠다는 의견을 제시하였다.
조치할 사항 
군산영광여자고등학교장은 
① 앞으로 관련 규정과 지침에 따라 학생 수상 관리 업무를 철저히 하여 주시고,
②〔시정〕 20**~20**학년도 출결 관련 수상 대상자가 아닌 학생 4명의 학교
생활기록부 수상경력을 정정 처리하시기 바라며,
③〔주의〕 관련자에게 ‘주의’ 조치하시기 바랍니다. [주의 3명]
- 6 -
일련번호 군산영광여자고등학교-2
전북특별자치도교육청
경고 및 주의 요구
제        목    학교생활기록부 행동특성 및 종합의견 중복 기재 
소 관  기 관     군산영광여자고등학교
조 치  기 관     군산영광여자고등학교 외 2개 기관
내        용
1. 업무개요
  군산영광여자고등학교는 학교생활기록부가 학생의 학업성취도와 인성 등을 
종합적으로 관찰·평가하여 학생지도 및 상급학교의 학생 선발에 활용하는 자료가 
될 수 있도록 교육부의 “학교생활기록 작성 및 관리지침”에 따라 학교생활
기록부를 작성·관리하고 있다.
2. 관계법령 및 판단기준  
  「초·중등교육법」 제25조(학교생활기록)에 따르면 학교의 장은 학생의 학업
성취도와 인성(人性) 등을 종합적으로 관찰·평가하여 학생 지도 및 상급학교의 
학생 선발에 활용할 수 있도록 하기 위하여 교육부령으로 정하는 기준에 따라 
학교생활기록을 작성·관리하여야 한다고 되어 있다.
  또한 “20**~20**학년도 학교생활기록 작성 및 관리지침(교육부훈령)” 제16조
(행동특성 및 종합의견)에 따르면 학생을 수시로 관찰하여 누가 기록된 행동특성을 
- 7 -
바탕으로 총체적으로 학생을 이해할 수 있는 종합의견을 담임교사가 문장으로 
입력하도록 되어 있고, “20**~20**학년도 학교생활기록부 기재요령’01. 학교
생활기록부 작성 시 유의사항에 따르면 학교생활기록부에는 학교교육계획이나 
학교교육과정에 따라 학교에서 실시한 각종 교육활동의 이수상황(활동내용에 
따른 개별적 특성이 드러나는 사항 중심)을 기재하는 것이 원칙이라고 되어 있다.
3. 감사결과 확인된 문제점 
  그런데도 군산영광여자고등학교는 20**학년도 *학년 *반 ***, *** 학생에게 
학교생활기록부 ‘행동특성 및 종합의견’ 항목에서 100% 동일한 내용을 
중복 기재 하는 등 【표】“학교생활기록부 행동특성 및 종합의견 중복기재 현황”
과 같이 20**~20**학년도 교사 윤영석 외 5명이 총 26명의 학생들에게 학교
생활기록부 ‘행동특성 및 종합의견’을 중복 기재한 사실이 있다.
【표】 학교생활기록부 행동특성 및 종합의견 중복 기재 현황
“기 재 생 략”
※ 학교생활기록부 ‘행동특성 및 종합의견 중복 기재’ 상세 내용
“기 재 생 략”
관계기관 의견
  군산영광여자고등학교는 감사 결과를 받아들이면서 앞으로 더욱 점검을 
강화해서 차후에 학교생활기록부 행동특성 및 종합의견 중복기재가 재발하지 
않도록 업무를 개선하겠다는 의견을 제시하였다.
- 8 -
조치할 사항 
군산영광여자고등학교장은 
① 앞으로 관련 규정과 지침에 따라 학교생활기록부 행동특성 및 종합의견 기재를 
철저히 하여 주시고,
②〔경고〕 관련자에게 ‘경고’ 조치하시기 바랍니다. [경고 1명]
③〔주의〕 관련자에게 ‘주의’ 조치하시기 바랍니다.  [주의 3명]
전주중앙여자고등학교장은
①〔주의〕 관련자에게 ‘주의’ 조치하시기 바랍니다.  [주의 1명]
백산고등학교장은
①〔주의〕 관련자에게 ‘주의’ 조치하시기 바랍니다.  [주의 1명]
- 9 -
일련번호 군산영광여자고등학교-3
전북특별자치도교육청
주의 및 시정 요구
제        목    학교생활기록부 기타결석 사유 미입력
소 관  기 관     군산영광여자고등학교
조 치  기 관     군산영광여자고등학교 외 2개 기관
내        용
1. 업무개요
  군산영광여자고등학교는 학교생활기록부가 학생의 학업성취도와 인성 등을 
종합적으로 관찰·평가하여 학생지도 및 상급학교의 학생 선발에 활용하는 자료가 
될 수 있도록 교육부의 “학교생활기록 작성 및 관리지침”에 따라 학교생활
기록부를 작성·관리하고 있다.
2. 관계법령 및 판단기준  
  「초·중등교육법」제25조(학교생활기록)에 따르면 학교의 장은 학생의 학업
성취도와 인성(人性) 등을 종합적으로 관찰ㆍ평가하여 학생지도 및 상급학교의 
학생 선발에 활용할 수 있도록 하기 위하여 학교생활기록을 작성·관리
하도록 되어 있다. 
  또한 교육부의 “20**~20**학년도 학교생활기록 작성 및 관리지침” 제 8조
(출결상황)에 따르면 ‘특기사항’란에 결석사유 또는 개근 등 교육부장관이 별도로 
- 10 -
정하는 내용을 학급 담임교사가 입력한다고 되어 있고, “20**~20**학년도 학교
생활기록부 기재요령”에 따르면 ‘특기사항’란에는 질병·미인정 등으로 인한 
장기결석, 기타결석의 사유 등을 입력한다고 되어 있으며, 기타결석은 1일이라도 
사유를 입력한다고 되어 있다.
3. 감사결과 확인된 문제점 
  그런데도 군산영광여자고등학교는 20**. *. *. 할아버지 병간호를 사유로 
기타결석을 한 *학년 *반 *** 학생의 학교생활기록부 출결상황 특기사항에 사유를 
입력하지 않는 등 【표】“기타결석 사유 미입력 현황”과 같이 20**~20**학년도 
교사 총 8명이 학생 11명의 기타결석 사유 13건을 학교생활기록부 출결상황 
특기사항에 입력하지 않은 사실이 있다.
【표】 기타결석 사유 미입력 현황
“기 재 생 략”
관계기관 의견
  군산영광여자고등학교는 감사 결과를 받아들이면서 앞으로 규정과 절차에 
맞게 학교생활기록부 출결상황 기재 업무를 처리하겠다는 의견을 제시하였다.
조치할 사항 
군산영광여자고등학교장은 
① 앞으로 관련 규정과 지침에 따라 학교생활기록부 기재를 철저히 하여 주시고,
②〔시정〕 20**~20**학년도 기타결석 사유 입력이 누락된 학생 11명의 학교
생활기록부 출결상황 특기사항에 기타결석 사유를 입력하시기 
바랍니다. 
- 11 -
③〔주의〕 관련자에게 ‘주의’ 조치하시기 바랍니다. [주의 7명]
남원국악예술고등학교장은
①〔주의〕 관련자에게 ‘주의’ 조치하시기 바랍니다.  [주의 1명]
전일고등학교장은
①〔주의〕 관련자에게 ‘주의’ 조치하시기 바랍니다.  [주의 1명]
- 12 -
일련번호 군산영광여자고등학교-4   
전북특별자치도교육청
경고 요구 
제        목     계약제교원 채용 절차 부적정
소 관  기 관     군산영광여자고등학교
조 치  기 관     군산영광여자고등학교 외 2개 기관
내        용
1. 업무 개요
 군산영광여자고등학교는 원활한 교육과정 운영을 위해 전북특별자치도
교육청(구, 전라북도교육청)의 “계약제교원 운영 지침”에 따라 계약제
교원을 채용하여 운영하고 있다.
2. 관계법령 및 판단기준  
  전북특별자치도교육청(구, 전라북도교육청)의 “20**~20**년 계약제
교원 운영 지침(교원인사과)”에 따르면, 교원의 결원 발생 등으로 대체
교사를 채용하는 경우 교육과정 운영의 안전성 확보와 원활한 운영을 
위해 공고기간 일정, 심사방법, 응시자격 등 전반적인 내용과 일정을 고려
하여 구제적으로 채용계획을 수립하고, 채용방법 결정 및 수업실연, 
면접심사 등을 위한 채용심사위원회를 구성하여야 하는데 학교장을 제외한 
교감, (채용교과)교사 등 4~51)명으로 구성하여야 한다고 되어 있다. 
1) 20**~20**년 계약제교원 운영 지침 ‘4~5명’, 20**년 계약제교원 운영 지침 ‘3~5명’
- 13 -
   또한 「아동·청소년의 성보호에 관한 법률」제57조(성범죄의 경력자 점검·
확인)에 따라 동일교에서 연장임용을 하더라도 전력조회 후 1년이 경과
했다면 새로 조회를 하여야 한다고 되어 있다. 
3. 감사결과 확인된 문제점 
  그런데도 군산영광여자고등학교는 20**. 3. 1.자 국어 외 5개 과목의 기간제교원
(7명, 1년)을 채용하기 위해 채용심사위원회 구성을 기준(4~5명)에 1명 부족한 
3명으로 구성하였고, 특히 심사위원으로 포함할 수 없는 학교장을 포함하여 심사
하는 등 【표1】“기간제교원 채용 업무 부적정 내역”과 같이 20**~20**학년도 
총 29명의 기간제교원을 채용하면서 심사를 부적정하게 한 사실이 있다. 
【표1】 기간제교원 채용 업무 부적정 내역
“기 재 생 략”
   또한 군산영광여자고등학교는 20**. 3. 1.자 기간제교원 ***을 채용(20**. 3. 1. 
~ 20**. 2. 28., 1년) 하면서 성범죄 및 아동학대 관련 범죄전력 조회를 실시하지 
않는 등 【표2】“기간제교원 결격사유 조회 부적정 내역”과 같이 20**학년도 
총 10명의 기간제교원의 성범죄 및 아동학대 관련 범죄 전력 조회를 실시하지 않고 
채용한 사실이 있다. 
【표2】 기간제교원 결격사유 조회 부적정 내역
“기 재 생 략”
- 14 -
관계기관 의견 및 검토결과
  군산영광여자고등학교는 감사 결과에 대해 계약제교원채용심사위원회 구성과 
관련하여 이견이 없다는 의견을 제시하였고, 성범죄 등 전력조회에 관하여는 
감사 직후 바로 전력조회를 실시하여 ‘이상없음’을 회신받아 처리하였다는 
의견을 제시하였다.
조치할 사항 
군산영광여자고등학교장은 
① 앞으로 관련 규정과 지침에 따라 기간제교원 채용업무를 철저히 하여 주시고,
②〔경고〕 관련자에게 ‘경고’ 조치하시기 바랍니다. [경고 5명]
전북특별자치도군산교육지원청교육장은 
①〔경고〕 관련자에게 ‘경고’ 조치하시기 바랍니다. [경고 1명]
전북특별자치도교육감은 
①〔경고〕 관련자에게 ‘경고’ 조치하시기 바랍니다. [경고 1명]
- 15 -
일련번호 군산영광여자고등학교-5   
전북특별자치도교육청
주의 및 시정 요구
제        목     신규교사 공개전형부담금 집행 부적정
소 관  기 관     군산영광여자고등학교
조 치  기 관     군산영광여자고등학교 외 3개 기관
내        용
1. 업무개요
  군산영광여자고등학교는 학교에 속하는 회계와 법인의 업무에 속하는 회계로 
구분하여 운영하고 있다.
2. 관계법령 및 판단기준  
  「사립학교법」제29조(회계의 구분 등) 제1항 및 제6항에 따르면 학교법인
의 회계는 그가 설치 ․ 경영하는 학교에 속하는 회계와 법인의 업무에 속하는 
회계로 구분하고, 교비회계에 속하는 수입이나 재산은 다른 회계로 전출(轉出)
ㆍ대여하거나 목적 외로 부정하게 사용할 수 없다라고 되어 있고, 
 같은 법 제16조(이사회의 기능) 및 제53조의2(학교장이 아닌 교원의 임용)에 
따르면 교원의 임용에 관한 사항은 학교법인 이사장의 권한으로 해당 학교의 
장이 제청하여 이사회 의결을 거쳐 이사장이 임용하도록 되어 있고, “학교법인 
영광학원 정관”제39조(임용)에 따르면 교원의 임용은 학교장의 제청으로 이
사회의 의결을 거쳐 이사장이 임용한다고 되어 있다.
- 16 -
  또한, 「사학기관 재무·회계 규칙」제15조의2(예산과목의 구분)에 따르
면 법인의 업무에 속하는 회계와 학교에 속하는 회계의 예산과목의 구분은 
별표 1부터 별표 4까지에 따른다고 명시되어 있고, 전북특별자치도교육청(구, 
전라북도교육청)에서 매년 배포한 “교비회계 예산 검토·분석 결과”에 따르
면 교비회계는 세출예산 과목에 맞게 예산을 편성해야 하며, 교비회계에 속하
는 세출예산은 학교운영에 필요한 인건비 및 물건비, 학교교육에 직접 필요한 
시설·설비를 위한 경비, 기타 학교교육 및 학교운영에 직접 필요한 경비 
등으로 이를 목적 외에 사용하지 못하며, 신규교사 채용 업무비, 장애인 고용
부담금, 교직원 임면의 효력을 다투는 소송의 변호사 수수료 등 교비회계가 
아닌 법인회계에서 예산편성하여 집행하도록 안내하고 있다.
3. 감사결과 확인된 문제점  
  그런데도 군산영광여자고등학교는 20**. 12. 23. 학교법인 영광학원이 부담
해야 할 ‘20**학년도 사립학교 신규교사 제1차 공개전형부담금’ 300,000원을 
법인회계가 아닌 교비회계에서 부적정하게 집행한 사실이 있다.
관계기관 의견
  군산영광여자고등학교는 감사 결과를 수용하면서 감사 결과 법령 적용 
등에 대한 이견이 없다는 의견을 제시하였다.
- 17 -
조치할 사항 
학교법인 영광학원이사장은 
①〔시정〕 교비회계에서 지급한 신규교사 공개 채용 부담금 300,000원을 법인
회계에서 교비회계로 전출하시기 바랍니다.
군산영광여자고등학교장은 
① 앞으로 관련 규정과 지침에 따라 교비회계 업무를 철저히 하여 주시고,
②〔주의〕 관련자에게 ‘주의’ 조치하시기 바랍니다. [주의 1명] 
전북특별자치도군산교육지원청교육장은 
①〔주의〕 관련자에게 ‘주의’ 조치하시기 바랍니다. [주의 1명] 
전북특별자치도교육감은 
①〔주의〕 관련자에게 ‘주의’ 조치하시기 바랍니다. [주의 1명] 
- 18 -
일련번호 군산영광여자고등학교-6   
전북특별자치도교육청
주의 요구
제        목     현장체험학습 용역 일상감사 미이행 및 성범죄 ․아동
학대 전력조회 미실시
소 관  기 관     군산영광여자고등학교
조 치  기 관     군산영광여자고등학교
내        용
1. 업무 개요
  군산영광여자고등학교는 체험중심의 다양한 활동을 위하여 매년‘테마
식 현장체험학습 위탁용역을 「지방자치단체를 당사자로 하는 계약에 관한 법률 
시행령」 제18조(2단계 입찰)에 따라 공고하고 있다.
2. 관계법령 및 판단기준  
 「공공감사에 관한 법률」제22조(일상감사) 제1항에 따르면 감사기구의 장은 
자체감사기구가 소속된 기관의 주요 업무 집행에 앞서 그 업무의 적법성ㆍ타
당성 등을 점검ㆍ심사하는 일상감사를 하여야 한다고 되어 있고, 같은 법 시행
령 제13조(일상감사) 제2항에 따르면 자체감사기구가 소속된 기관의 주요 정책 
등을 집행하는 부서의 장은 계약업무의 수행에 앞서 감사기구의 장에게 일상
감사를 의뢰하여야 한다고 되어 있으며,
  전북특별자치도교육청(구, 전라북도교육청)의“일상감사 지침”에 따르면 주요
- 19 -
사업의 계획 단계부터 행‧재정적 낭비 요인과 시행착오를 사전 예방함으로써 
감사의 효율성 확보 및 행정의 신뢰성을 제고하기 위하여 설계금액(추정금액) 
2억원 이상의 용역계약은 최종 결재권자의 계획 결재 전에 일상감사 의뢰서 
및 관련 서류를 첨부하여 감사관에게 일상감사를 의뢰하여야 한다고 되어 있다.
 또한  ｢아동·청소년의 성보호에 관한 법률｣ 제56조(아동·청소년 관련기관 
등에의 취업제한 등) 제1항과 ｢아동복지법 시행령｣ 제29조의 3(아동관련기관의 
취업제한 등)에 따르면 성범죄, 아동학대 관련 범죄로 형 또는 치료감호를 
선고받아 확정된 사람은 일정기간 동안 아동·청소년 관련기관 등에 취업 또는 
사실상 노무를 제공할 수 없으며,  아동ㆍ청소년 관련기관등의 장은 그 기관에 
취업 중이거나 사실상 노무를 제공 중인 자 또는 취업하려 하거나 사실상 노무를 
제공하려는 자에 대하여 본인의 동의를 받아 관계 기관의 장에게 성범죄의 경력 
조회를 요청하여야 한다고 되어 있다.  
3. 감사결과 확인된 문제점 
 그런데도 군산영광여자고등학교는 20**학년도 1, 2학년 테마식 현장체험학습
[20**. 10. 17.~10. 20.(2학년), 10. 24.~10. 27.(1학년), 제주도] 위탁용역을 추진
하면서 추정금액1)(335,462,560원)이 일상감사 대상임에도 의뢰하지 않았고, 
야간 안전요원(2명)에 대한 성범죄 및 아동학대 관련 범죄 전력조회를 하지 
않은 사실이 있다.  
1) 추정금액=추정가격+부가가치세(V.A.T)+관급자재로 공급될 금액
- 20 -
※ 테마식 현장체험학습 위탁용역 계약 부적정 현황
건 명 대상 및 
기간 공고일 추정금액 계약금액
(천원) 계약업체 일상감사 
이행 여부
성범죄 및 
아동학대 
범죄전력조회
 실시 여부
20**학년도 1, 
2학년 테마식 
현장체험학습 
위탁용역(제주도)
1학년
10.24.~10.27.
2학년
10.17.~10.20.
20**. 7. 25.335,462,560281,800 (유)****
*** 미이행 미실시
(단위금액 : 원)
 
관계기관 의견 
 군산영광여자고등학교는 감사 결과를 수용하면서 감사 결과 법령 적용 
등에 대한 이견이 없다는 의견을 제시하였다.
조치할 사항 
군산영광여자고등학교장은 
① 앞으로 관련 규정과 지침에 따라 현장체험학습이 이루어질 수 있도록 
지도·감독을 철저히 하여 주시고
②〔주의〕 관련자에게 ‘주의’ 조치하시기 바랍니다. [주의 2명] 
- 21 -
일련번호 군산영광여자고등학교-7   
전북특별자치도교육청
주의 및 시정 요구
제        목     업무추진비 집행 부적정
소 관  기 관     군산영광여자고등학교
조 치  기 관     군산영광여자고등학교 외 2개 기관
내        용
1. 업무개요
  군산영광여자고등학교는 「사학기관 예산편성 및 운영지침(교비회계)」에 
명시된 교비회계 예산편성 기준을 바탕으로 교비회계 예산을 편성·운영하고 
있다.
2. 관계법령 및 판단기준  
  ｢사학기관 예산편성 및 운영지침(교비회계)｣에 따르면 간담회 등 접대비는 
특별한 사유가 없는 한 1인 1회당 4만원 이하 범위에서 집행하고, 행사성격 
등 불가피한 경우에는 증빙서류 등에 사유를 명시하고 4만원을 초과하여 
집행할 수 있다고 되어 있다. 다만, ｢청탁금지법｣ 적용 대상인 경우에는 ｢청탁
금지법｣ 을 따른다고 되어 있다.(접대비는 낮은 금액 기준에 따름) 
  또한 ｢부정청탁 및 금품등 수수의 금지에 관한 법률｣ 제2조에 따른 공직자 
등에 집행하는 접대비는 3만원 이하(2024. 8. 27.부터 5만원), 기념품 및 특산품 
지급은 5만원 이하 범위에서 집행한다고 되어 있다.
- 22 -
3. 감사결과 확인된 문제점 
  그런데도 군산영광여자고등학교는 20**. 5. 14. “20**학년도 교무행정 업무 
소통을 위한 간담회 개최비용 지급”건으로 학교장 및 교직원 5명의 식비 
200,000원을 집행하면서 공직자 등에 대하여는 1인당 30,000원 이하 범위 내에서 
집행하여야 함에도 10,000원을 초과하여 총 50,000원을 초과 집행하는 등 
【표】“업무추진비 집행 상한액 초과 내역”과 같이 2021~2024회계연도 총 
10건, 합계 3,586,600원의 업무추진비에 대해 1인당 집행상한액(30,000원)을 준
수하지 않고 1인당 최저 1,000원에서 최고 16,140원까지 총 517,380원을 초과
하여 집행한 사실이 있다.
【표】 업무추진비 집행 상한액 초과 내역
“기 재 생 략”
관계기관 의견 및 검토결과
  군산영광여자고등학교는 ｢청탁금지법｣의 “접대”의 기준으로 시행된 접대성 
행사가 아닌 신학년도 학교운영계획이나 특정 교육활동 현안에 대한 업무
회의를 시행하고 품의 단계부터 “간담회”를 실시한 것으로 기재 하였으며 
｢사학기관 예산편성 및 운영지침(교비회계)｣에 기재된 “행사성격 등 불가피한 
경우”는 회의장소 선정의 제한성에서 비롯된 것으로 4만원을 초과할 수 밖에 
없는 “불가피한 경우”였다고 주장하였고, “접대성”이 없는 업무 “간담회”에 
필요한 업무추진비 사용임에도 불구하고 ｢청탁금지법｣의 접대 기준으로 지적
하여 처분하는 것은 부당결부에 해당한다는 의견을 제시하였다. 
  그러나 ｢사학기관 예산편성 및 운영지침｣에 따르면 일반업무추진비의 공통
지침에서“간담회 등 접대비”집행 시 금액 기준과 청탁금지법상 적용 대상을 
규정하고 있어 “접대성 경비”는 일반업무추진비의 적용 범위인 교직원 
- 23 -
간담회, 교직원 협의회, 교직원 사기진작을 위한 경비 등에 소요되는 경비로 
볼 수 있으며, 행사성격 등 불가피한 사유 또한 증빙서류에 명시하지 않았고 
대상 인원을 고려할 때 회의 장소 선정의 제한성에서 비롯되었다는 의견은 
받아들이기 어렵다. 기존에는 ｢청탁금지법｣ 제8조 제3항 제2호 및 같은 법 시행령 
제17조 제1항 [별표1]에 따라 원활한 직무수행이나 사교·의례 또는 부조의 
목적으로 공직자 등에게 식사 접대 시 1인당 최대 3만원까지만 허용되었으며 
교직원 간담회, 교직원 협의회, 격려 등은 원활한 직무수행을 위한 것으로 
이와 같은 상황을 종합적으로 고려할 때 군산영광여자고등학교의 의견은 받아
들이기 어렵다. 
조치할 사항 
군산영광여자고등학교장은 
① 앞으로 관련 규정과 지침에 따라 교비회계 세출예산 집행 업무를 철저히 
하여 주시고,
②〔시정〕 1인당 집행상한액(3만원)을 초과하여 집행한 업무추진비 517,380원을
‘회수’하여 교비회계로 세입 조치하시기 바라며,
③〔주의〕 관련자에게‘주의’조치 하시기 바랍니다. [주의 7명] 
        
전북특별자치도군산교육청교육장은  
①〔주의〕 관련자에게 ‘주의’ 조치하시기 바랍니다. [주의 2명] 
전북특별자치도교육감은  
①〔주의〕 관련자에게 ‘주의’ 조치하시기 바랍니다. [주의 1명] 
 
- 24 -
일련번호 군산영광여자고등학교-8
전북특별자치도교육청
주의 및 시정 요구
제        목    시설공사 하자관리 부적정
소 관  기 관     군산영광여자고등학교
조 치  기 관     군산영광여자고등학교
내        용
1. 업무개요
  군산영광여자고등학교는 학생들의 안전하고 쾌적한 교육환경 조성을 위해 
교육환경개선사업, 미래형 학교 공간 조성 등을 위한 시설비를 집행하고 있다.
2. 관계법령 및 판단기준
 가. 시설공사 하자검사 미이행  
 「지방자치단체를 당사자로 하는 계약에 관한 법률 시행령」제70조(하자검사) 
및 같은 법 시행규칙 제69조(하자검사)에 따르면 시설사업이 준공된 후 하자담보
책임의 존속기간 중 연 2회 이상 정기적으로 하자 검사를 하여야 한다고 되어 
있고, 담보책임의 존속기간이 만료되는 경우에는 행정안전부장관이 정하는 바에 
따라 지체 없이 따로 검사를 하여야 하며 하자검사조서를 작성해야한다. 다만, 
계약금액이 3천만원 이하인 계약의 경우에는 하자검사조서의 작성을 생략할 수 
있다고 되어 있다. 또한 지방자치단체의 장 또는 계약담당자는 하자 검사를 하는 
- 25 -
경우에는 해당 공사에 대한 하자보수관리부를 갖추어 두고 공사명 및 계약금액, 
계약상대자, 준공연월일, 하자발생내용 및 처리사항 등의 사항을 기록ㆍ유지
하여야 한다고 되어 있다.
  그리고「지방자치단체입찰및계약집행기준」제9장 계약 일반조건 제11절(공
사목적물의 하자)에 따르면 계약담당공무원은 하자담보책임기간이 만료되기 
14일 전부터 만료일까지의 기간 중에 따로 최종검사를 하여야 하며, 최종
검사를 완료하였을 때에는 즉시 하자보수완료확인서를 계약상대자에게 발급
하여야 한다고 되어 있다.
 나. 시설공사 하자담보 책임기간 설정 부적정
 「지방자치단체를 당사자로 하는 계약에 관한 법률」(이하 “지방계약법”이라
한다) 제20조(계약의 담보책임) 및 같은 법 시행규칙 제68조 제1항 및 「건설
산업기본법」시행령 제30조(하자담보 책임기간) ‘별표4’의 규정에 따라 공사의 
성질상 하자보수가 필요한 경우 계약서에 그 담보책임을 강제할 수 있는 하자
담보책임기간을 정하여야 하고, 하자책임기간은 “지방계약법”시행령 제69조 
제1항의 규정에 전체목적물을 인수한 날과 준공검사를 완료한 날 중에서 먼저 
도래한 날을 최초 시작일로 하여 계약서에 정한 기간으로 설정하도록 되어있다. 
3. 감사결과 확인된 문제점 
 가. 시설공사 하자검사 미이행  
  그런데도 군산영광여자고등학교는 20**. 3. 1. 준공한 믿음관 교실 및 관리실 
조성공사(계약금액 10,313천원)에 대해 정기하자검사 및 하자만료검사를 실시
하지 않고 하자보수관리부에 기록을 하지 않는 등 【표1】“시설공사 하자관리 업무 
부적정 현황”과 같이 20**~20**회계연도 총 16건에 대하여 시설공사 하자관리를 
소홀히 한 사실이 있다.
- 26 -
【표 1】 시설공사 하자관리 업무 부적정 현황
“기 재 생 략”
  
 나. 시설공사 하자담보 책임기간 설정 부적정
   군산영광여자고등학교는 20**. 6. 30. 준공한 ‘군산영광여자고등학교 그린
스마트미래학교 리모델링 및 내진보강공사(계약금액 4,136,178천원)’에 대해 
건축물 중 구조상 주요부분(철근콘크리트)의 하자담보 책임기간 설정을 3년 부족
하게 설정한 사실이 있다.
※ 시설공사 하자담보 책임기간 설정 부적정 내역
(단위: 천원)
공 사 명 계약
금액 계 약 자 계약
일자
준공검사 
완료일자
(준공일)
하자담보책임기간 설정
비고
실지 정당
군산영광여고 
본관동 
그린스마트미래학교 
리모델링공사 중 
구조상 주요부분
(철근콘크리트, 
철골공사)
4,136,178 ㈜****
***
20**.
10.30.
20**.7.8.
(20**.6.30.)
20**.7.1.~
20**.6.30.
(2년)
20**.7.8.~
20**.7.7.
(5년)
관계기관 의견
  군산영광여자고등학교는 감사 결과에 대해 이견이 없다는 의견을 제시하였다.
- 27 -
조치할 사항 
군산영광여자고등학교장은 
① 앞으로 관련 규정과 지침에 따라 동일한 사례가 발생하지 않도록 하여 
주시고,
②〔시정〕 하자담보책임기간이 종료되지 않은 공사 14건에 대해서는 하자
검사를 시행하고 하자보수관리부에 기록하시기 바라며, 
           그린스마트미래학교 본관동 그린스마트미래학교 리모델링공사에 대해서는 
하자담보책임기간을 재설정하여 하자관리 하시기 바랍니다.
③〔주의〕 관련자에게 ‘주의’ 조치 하시기 바랍니다. [주의 4명] 
- 28 -
일련번호 군산영광여자고등학교-9
전북특별자치도교육청
주의 및 시정 요구
제        목     시설공사 품질관리비 정산 부적정
소 관  기 관     군산영광여자고등학교
조 치  기 관     군산영광여자고등학교
내        용
1. 업무개요
  군산영광여자고등학교는 학생들의 안전하고 쾌적한 교육환경 조성을 위해 
그린스마트 미래학교 리모델링 및 내진보강공사를 집행하였다.
2. 관계법령 및 판단기준  
 「지방자치단체를 당사자로 하는 계약에 관한 법률」 제16조(감독) 및 제17조
(검사), 같은 법 시행령 제64조(감독)에 따르면 계약담당자는 공사·물품·용역 
등의 계약을 체결한 경우에 그 계약을 적절하게 이행하도록 하기 위하여 필요
하다고 인정하면 계약서·설계서 및 그 밖의 관계 서류에 따라 감독하거나 소속 
공무원 등에게 그 사무를 위임하여 감독하게 하여야 하며, 계약상대자가 계약의 
전부 또는 일부의 이행을 끝내면 이를 확인하기 위하여 계약서·설계서 및 그 
밖의 관계 서류에 따라 이를 검사하거나 소속 공무원 등에게 위임하여 검사하게 
- 29 -
하여야 한다고 되어 있으며, 같은 법 시행령 제64조(검사)제5항에 따르면 검사를 
함에 있어서 계약상대자의 계약이행 내용의 전부 또는 일부가 계약에 위반되거나 
부당함을 발견하였을 때에는 지체없이 필요한 시정조치를 명하여야 한다고 되어 
있다.
  그리고 「건설기술 진흥법」제56조 및 같은 법 시행규칙 제53조 및 별표6에 
따르면 건설공사의 발주자는 건설공사 계약을 체결할 때 건설공사의 품질관리에 
필요한 비용(이하“품질관리비”라 한다)을 공사금액에 계상하여야 하고, 품질
관리비는 발주자가 확인한 시험성적서 등에 의한 품질관리 활동실적에 따라 
정산한다고 되어 있다.
3. 감사결과 확인된 문제점 
  그런데도 군산영광여자고등학교는 20**. 6. 30. ㈜****과 계약한(계 약 일2023. 10. 30.)
‘군산영광여자고등학교 그린스마트미래학교 리모델링 및 내진보강공사(계 약 금 액
4,345,4512천 원)’를 준공 처리하면서 2회 실시로 계상된 재하시험을 1회만 실시하였는데도 
이를 확인하거나 계약금액을 정산하지 않고 공사비 886,190원을 과다 지급한 
사실이 있다.
【참고】 공사비 과다 지급 현황
                                                         (단위: 원) 
공사명 계약금액
(천원) 계약자 계약
일자
준공 
일자
공사비 과다 지급내역
실제
지급액
(A)
정당
지급액
(B)
과다
지급액
(C=A-B)
비고
군산영광여고 
본관동 
그린스마트
미래학교 
리모델링 및 
내진보강공사
4,136,178 ㈜****
***
20**.
10.30.
20**.
7.8. 1,770,810 884,620 886,190 품질시험비
미정산
- 30 -
【참고-1】 공사비 과다 지급 세부 내역
▷공사명: 군산영광여고 본관동 그린스마트미래학교 리모델링 및 내진보강공사   
                           (단위: 원)
품명 및 규격 재료비 노무비 경비 제잡비 소계 비고
재하시험
정당시험
（A） 0 0 1,600,000 170,810 1,770,810 2회 실시
실제시험
（B） 0 0 800,000 84,620 884,620 1회 실시
과다지급(C=A-B) 886,190
【참고-1-1】 공사비 과다 지급 원가계산서
▷공사명: 군산영광여고 본관동 그린스마트미래학교 리모델링 및 내진보강공사        
(단위: 원)
                     구 분
 비 목 요율(%) 실제 지급액
(A)
정당 지급액
(B)
과다 지급액
(C=A-B)
순
공
사
원
가
재료비
노무비
경비
기계경비 　
품질관리비 1,600,000 800,000 800,000
계 　 1,600,000 800,000 800,000
일 반 관 리 비 (재+노+경)*0.2% 3,200 1,600 1,600
이          윤 (노+경+일)*0.04443% 6,632 2,602 4,030
공  급  가  액 　 1,609,832 804,202 805,630
부 가 가 치 세 (총원가)*10% 160,983 80,420 80,563
총 계(계수정리) 　 1,770,810 884,620 886,190
관계기관 의견
  군산영광여자고등학교는 감사 결과에 대해 이견이 없다는 의견을 제시하였다.
- 31 -
조치할 사항 
군산영광여자고등학교장은 
① 앞으로 관련 규정과 지침에 따라 동일한 사례가 발생하지 않도록 하여 주시고,
②〔시정〕 과다 지급된 공사비 886,190원을 관련 업체[(주)****]로부터
‘회수’하여 교비회계로 세입 조치하시기 바라며,
③〔주의〕 관련자에게 ‘주의’ 조치 하시기 바랍니다. [주의 2명] 
- 32 -
일련번호 군산영광여자고등학교-10   
전북특별자치도교육청
기관주의 및 통보
제        목     기록물 관리 부적정
소 관  기 관     군산영광여자고등학교
조 치  기 관     군산영광여자고등학교
내        용
 1. 업무개요
  군산영광여자고등학교는 투명하고 책임있는 행정구현과 공공기록물의 안전한 
보존 및 효율적 활용을 위하여 기록물 관리에 힘써오고 있다. 
 2. 관계법령 및 판단기준
  「공공기록물 관리에 관한 법률 시행령」제20조(기록물의 등록)에 따르면 기록물을 
생산 또는 접수한 때에는 그 기관의 전자기록생산시스템으로 생산 또는 접수 
등록번호를 부여하고 이를 그 기록물에 표기하여야 한다고 되어 있고, 전북
특별자치도교육청(구, 전라북도교육청) 행정과에서 매년 시행하는‘생산․접수 
기록물 정리 안내’공문에 따르면, 전자결재 여부와 상관없이 모든 비전자
문서1) 원본은 반드시 등록 ․ 보존하여야 한다고 되어 있다. 또한 기록물은 
100매 이내로 편철하되 문서양이 과다한 경우 2권 이상으로 나누어 편철
하고 최종 황색 보존용표지와 집게로 고정하여 하나의 기록물철을 완성하며, 
보존기간 및 생산연도별로 분류하여 보존상자에 편성하게 되어 있다.
1) 비전자문서등록 대상: 대면결재문서, 채용근로계약서, 각종 교육 등록부, 회의록 및 등록부, 준공계․완료계 등 종
이형태의 각종 시설공사서류, 각종일지, 보안점검부, 급여대장, 졸업대장, 생기부정정대장 등 
- 33 -
  그리고“학교생활기록 작성 및 관리지침”(교육부 훈령) 제19조 제3항에 따르면, 
학교생활기록부 정정대장은 교육정보시스템에서 제공하는 결재절차를 거쳐 학기 
중에는 전자문서로 관리하다가 매 학년도 말 처리가 종료되면 출력하여 증빙
서류와 함께 준영구 보관한다고 되어 있고,
 “사학기관 예산편성 및 운영지침”(교비회계)에 따르면, 본 지침에서 규정하지 
아니한 사항은 ｢전북특별자치도 교육비특별회계 재무회계 규칙｣, ｢전북특별
자치도 공립학교회계 규칙｣ 등 공립학교 회계관계 제 규정을 준용한다고 되어 
있으며, ｢전북특별자치도 교육비특별회계 재무회계 규칙｣ 제164조 제2항에 
따르면 지출에 관한 증거서류는 지출일자순으로 편철하고 ｢전북특별자치도 
공립학교회계 규칙｣ 제40조 제2항에 따르면 회계관계공무원은 증빙서류를 월별 
또는 분기별로 구분하여 편철하여야 한다고 되어 있다. 
 3. 감사결과 확인된 문제점
  그런데도 군산영광여자고등학교는 20**년 ~ 20**년 4월 18일 감사일 현재
까지 보관 중(목록 확인 불가)인 학교운영위원회 회의록, 채용 근로계약서, 
착공계 및 준공계 등 각종 시설공사서류, 급여대장(결재본) 등의 비전자문서를 
별도의 등록 절차 없이 보관하고 있고, 준영구 보존 문서인 학교생활기록부 
정정대장 및 증빙자료를 비전자문서로 등록하지 않고 일반 상자(A4박스)에 
보관하는 등 【참고사진】과 같이 기록물을 부적정하게 관리한 사실이 있다. 
- 34 -
【참고사진】 기록물 관리 부적정 현황
시설공사 관련 서류 편철 및 보관 현황 학교생활기록부 정정대장 보관 현황 
관계기관 의견
  군산영광여자고등학교는 감사 결과에 대해 이견이 없다는 의견을 제시하였다.
조치할 사항
군산영광여자고등학교장은
 ① 앞으로 관련 규정과 지침에 따라 기록물 관리를 철저히 해 주시고,
 ②〔기관주의〕‘기관주의’처분하니 앞으로 관련 규정을 준수하여 동일한 
사례가 발생하지 않도록 각별히 유념하여 주시기 바랍니다.
 ③〔통보〕기록물 관리 법령 및 지침 등에 따라 미등록된 비전자문서를 등록
하여 주시고, 교직원을 대상으로 기록물 관리 자체교육을 실시
하여 주시기 바랍니다."
2025년4월종합감사결과보고서(장수한사랑유치원)공개용.hwp,HWP,
종합감사 결과 공개자료.pdf,PDF,"학교법인 백화학원 및 백화고등학교 
종합감사 결과 공개
2026. 7.
 (감 사 관)
학교법인 백화학원 및 백화고등학교 
종합감사 결과 공개
 감사결과의 공개는 국민의 알권리 충족과 기관 운영의 투명성을 강화하기 위한 
공익적 조치입니다. 따라서 감사결과 실명이 공개된 모든 기관이 비리에 연관되어 
있는 것은 아님을 알려드립니다. 
□ 감사 개요
○ 감사 기간: 2025. 10. 14. ~ 10. 16. (3일)
○ 감사 인원: 6명 
○ 감사 범위
 - 교무·학사 2022. 9. 1.~2025. 10. 13.(2022. 9. 1. 이 후  교 무·학 사  감 사  미 실 시)
 - 행정·회계 2022. 9. 19.~2025. 10. 13.(지 난 번  감 사  이 후 부 터  금 번  감 사  전 일  까 지)
□ 감사 결과
 ○ 총괄
기관명
신분상(명) 행정상(건)
재정상
조치징계 경고 주의 계 기관
주의 시정 통보 개선 계
백화학원 · · · · · · · · · ·
백화고등학교·
(0건)
4
(1건)
14
(6건)
18
(7건) · 2 · · 2 ž 회수(2건)
  44,718,810원
합계 ·
(0건)
4
(1건)
14
(6건)
18
(7건) · 2 · · 2 ž 회수(3건)
  44,718,810원
 ※ ( )안은 신분상 조치 대상자에 대한 지적 건수 총 합계로 중복 건수 존재
○ 분야별 지적건수
 
유형별 교무·학사 인사 계 약 물품 시설 계
지적사항 2 3 1 1 1 8
○ 지적사항(총 8건)
연번 분야별 지적건명 처분
 ❍ 백화고등학교
1 교무․학사Ÿ 수상경력 관리 부적정  ▪ 시정
 ▪ 주의(1명)
2 교무․학사Ÿ 학교스포츠클럽 미운영  ▪ 주의(3명)
3 인사 Ÿ 기간제교원 채용 절차 부적정  ▪ 주의(4명)
4 인사 Ÿ 기간제교원 호봉 획정 부적정  ▪ 시정(회수) 1,807,760원
5 인사 Ÿ 사무직원 호봉 획정, 호봉 재획정 및  
호봉 정정 부적정
 ▪ 시정(회수) 38,200,050원
 ▪ 경고(4명)
6 계약 Ÿ 개인정보 안전성 확보 조치 미이행  ▪ 주의(1명)
7  물품 Ÿ 물품 관리 부적정  ▪ 시정
 ▪ 주의(3명)
8 시설 Ÿ 시설공사 준공검사 부적정  ▪ 시정(회수) 4,711,000원 
 ▪ 주의(2명)
- 4 -
일련번호 백화고등학교-1 
전북특별자치도교육청
시정 ․ 주의요구
제        목 수상경력 관리 부적정
소 관  기 관 백화고등학교
조 치  기 관 백화고등학교
내        용
1. 업무 개요
    백화고등학교(구, 백화여자고등학교)는 교육부의 “학교생활기록 작성 및 관리지침” 및 
“학교생활기록부 기재 요령”과 “백화고등학교(구, 백화여자고등학교) 졸업·진급 
사정회 및 포상 규정”에 따라 학생의 수상경력을 관리하고 있다. 
2. 관계법령 및 판단기준
    「초·중등교육법」 제25조(학교생활기록)에 따르면 학교의 장은 학생의 학업
성취도와 인성(人性) 등을 종합적으로 관찰ㆍ평가하여 학생지도 및 상급학교의 
학생 선발에 활용할 수 있도록 하기 위하여 학교생활기록을 작성․관리하도록 되어 있고, 
    교육부의 “학교생활기록 작성 및 관리지침” 제9조(수상경력)에 따르면 학교
생활기록부의 수상경력은 재학 중 학생이 교내에서 수상한 상의 명칭, 등급(위), 
수상연월일, 수여기관, 참가대상(참가인원)을 입력한다고 되어 있으며,
- 5 -
    교육부의 “학교생활기록부 기재요령”에 따르면 수상경력에는 학년 초 학교
교육계획서에 따라 실시한 교내상만을 기재하고, 교과우수상을 여러 과목에서 
수상한 경우 (   )안에 수상 과목을 병기하고 참가 대상은 ‘수강자’로 입력하되 
참가인원은 입력하지 않도록 되어 있으며, 표창장을 수상하는 경우 어떤 내용의 
표창인지 알 수 있도록 (   )안에 세부 표창 내용을 입력하도록 되어 있다. 
    또한 “백화고등학교(구, 백화여자고등학교) 졸업․진급 사정회 및 포상 규정”에 
따르면 내부상 중 교과우수상은 각 학기별, 교과별 계열 석차가 1위인 자로 하며 
미술, 음악, 체육 등 석차 산출이 안되는 과목은 원점수 최상위자인 자로 하고 
동석차인 경우는 전원 시상하도록 되어 있다. 
3. 감사결과 확인된 문제점
    그런데도 백화고등학교 교사 A는 20**학년도 *학년 *반 *학기 사정 원안을 
제출하면서 B학생이 ‘○○○○○○’ 교과 교과우수상 수상 대상임에도 해당 수상 
내용을 사정 원안에 포함하지 않아 B 학생이 교과우수상을 수상하지 못한 사실이 있다.
※ 교과우수상 수상 대상자 누락 현황
“기 재 생 략”
    또한 백화고등학교(구, 백화여자고등학교) 교사 C는 20**학년도 *학년 *반 
D학생의 ‘교과우수상(○○)’ 수상 경력을 NEIS에 입력하면서 참가대상(참가
인원)란에 ‘수강자’라고 입력하지 아니하고 ‘*학년(17명)’으로 입력하는 등 
[표 1]과 같이 20**학년도 교과우수상 수상 학생 5명의‘참가 대상(참가인원)’을 
부적정하게 입력한 사실이 있다.
- 6 -
[표 1] 교과우수상 참가대상(참가인원)입력 부적정 현황
“기 재 생 략”
    아울러 백화고등학교 교사 E는 20**학년도 *학년 *반 F학생의 교과우수상 
수상경력을 NEIS에 입력하면서 수상명에 과목명을 병기하지 아니하고 등급(위)란에 
수상 과목인 ‘○○○○’을 잘못 입력하는 등 [표 2]와 같이 20**학년도 교과
우수상 수상 학생 29명의 ‘수상 과목’명을 부적정하게 병기한 사실이 있고,
[표 2] 교과우수상 과목명 병기 부적정 현황
“기 재 생 략”
    백화고등학교 교사 E는 20**학년도 *학년 *반 학생 G의 표창장 수상 경력을 
NEIS에 입력하면서 수상명에 세부 표창내용인 봉사 부문을 입력하지 않는 등 [표  3]과   같이 
20**학년도 학생 합계 4명의 표창장 수상명 입력을 부적정하게 한 사실이 있다.
[표 3] 표창장 세부 표창내용 누락 현황
“기 재 생 략”
   그 결과 학생 수상 경력 관리의 신뢰성 및 학교생활기록부 기재의 공정성이 저하되었다. 
관계기관 의견     백화고등학교는 감사 결과를 받아들이면서 앞으로 관련 법령을 
준수하여 수상 경력 관리 업무를 철저히 수행하겠다는 의견을 제시하였다. 
- 7 -
조치할 사항     백화고등학교장은 
① 20**학년도 *~*학년 학생 5명의 교과우수상 수상경력에 입력된 참가대상을 ‘수강자’로 
정정하고, 20**학년도 *학년 B학생의 ‘○○○○○○’ 교과우수상 수상 여부에 대하여 학업
성적관리규정 등 관련 규정과 지침에 따라 처리하기 바라며, 교과우수상 과목명이 부적정하게 
기재된 20**학년도 *~*학년 학생 29명의 수상경력과 표창장 세부 표창 내용이 누락된 
20**학년도 *~*학년 학생 4명의 수상 경력을 정정 처리하고(시정)
② 앞으로 관련 법령과 규정 등에 따라 수상 경력 관리 업무를 철저히 하며
③ 관련자에게 주의를 촉구하시기 바랍니다.(주의 1명)
- 8 -
일련번호 백화고등학교-2 
전북특별자치도교육청
주  의  요  구
제        목 학교스포츠클럽 미운영
소 관  기 관 백화고등학교
조 치  기 관 ①백화고등학교 ②전북특별자치도교육청 
내        용
1. 업무 개요
    백화고등학교(구, 백화여자고등학교)는 「학교체육진흥법」 및 전북특별자치도교육청
(구, 전라북도교육청)의 “학교체육 주요업무계획”에 따라 학교체육에 관한 업무를 
처리하고 있다. 
2. 관계법령 및 판단기준
    「학교체육진흥법」 제10조(학교스포츠클럽 운영)에 따르면 학교의 장은 학생들이 
신체활동 프로그램에 참여할 수 있도록 학교스포츠클럽을 운영하여 학생들의 체육활동 
참여 기회를 확대하여야 한다고 되어 있다. 
    또한 전북특별자치도교육청(구, 전라북도교육청)의 “학교체육 주요 업무 계획” 및  
“202*~202*학년도 학교스포츠클럽 운영 매뉴얼”에 따르면 학교스포츠클럽을 
활성화하기 위하여 학교체육소위원회를 구성(필수)하여 학생 의견 수렴 및 모집, 
- 9 -
전체 및 클럽별 연간 운영계획 수립, 학교체육소위원회 심의 및 학교장 승인, 
NEIS 학생 등록, 클럽별 활동 전개, 활동내역 NEIS 입력, 만족도 조사 및 평가, 
평가 결과 반영 등의 절차를 수행하도록 공문으로 안내하고 있다.
3. 감사결과 확인된 문제점  
    그런데도 백화고등학교(구, 백화여자고등학교)는 20**학년도 학교체육소위원회를 
구성하지 않았으며, 학생 의견 수렴 및 모집, 연간 운영계획 수립 등의 절차를 준수하지 
않는 등 [표]와 같이 20**~20**학년도에 정당한 이유 없이 학교스포츠클럽을 운영하지 
않은 사실이 있다.
[표] 학교스포츠클럽 미운영 현황(20**~20**학년도)
“기 재 생 략”
    그 결과 학생들에게 다양한 스포츠 활동 참여 기회를 제공하지 못하였으며 
안전한 체육활동 조성을 위한 체계적인 시스템이 구축되지 못하였다.  
관계기관 의견     백화고등학교는 감사 결과를 받아들이면서 앞으로 관련 법령을 
준수하여 학교스포츠클럽 관련 업무를 철저히 수행하겠다는 의견을 제시하였다.
조치할 사항     
백화고등학교장은 
① 앞으로 관련 법령과 규정 등에 따라 학교스포츠클럽이 운영될 수 있도록 하고
② 관련자에게 주의를 촉구하시기 바랍니다.(주의 1명)
전북특별자치도교육감은 관련자에게 주의를 촉구하시기 바랍니다.(주의 2명)
- 10 -
일련번호 백화고등학교-3 
전북특별자치도교육청
주  의  요  구
제        목     기간제교원 채용 절차 부적정
소 관  기 관 백화고등학교
조 치  기 관 ①백화고등학교 ②전북특별자치도교육청 
내        용
1. 업무개요
    백화고등학교(구, 백화여자고등학교)는 원활한 교육과정 운영을 위해 전북특별
자치도교육청(구, 전라북도교육청)의 “계약제교원 운영 지침”에 따라 계약제
교원을 채용하여 운영하고 있다.
2. 관계법령 및 판단기준  
    전북특별자치도교육청 (구, 전라북도교육청)의 “계약제교원 운영 지침”에 
따르면 결원 발생 등으로 대체 교사를 채용하는 경우 교육과정 운영의 안정성 
확보와 원활한 운영을 위해 공고기간 일정·심사방법·응시자격 등 전반적인 내용, 
일정을 고려하여 채용계획을 구체적으로 수립하도록 되어 있다.
    또한 채용절차, 공고일, 채용인원, 채용기준 등을 사전 공개하여야 하며, 채용
심사위원회는 학교장은 제외하고 교감, (채용교과)교사 등 4~51)명으로 구성하여야 
한다고 되어 있다.
1) 2021~2024년 계약제교원 운영 지침 ‘4~5명’, 2025년 계약제교원 운영 지침 ‘3~5명’
- 11 -
3. 감사결과 확인된 문제점
    그런데도 백화고등학교(구, 백화여자고등학교)는 20**. *. *. ○○○ 기간제
교원 1명을 채용 공고하면서 기간제교원 채용계획을 구체적으로 수립하지 않았고, 
채용절차, 공고일, 채용인원, 채용기준 등을 사전공개 하지 않았으며, 학교장을 
포함하여 채용심사위원회를 구성하는 등 [표]와 같이 20**~20**학년도 합계 7명
(20**년 1명, 20**년 3명, 20**년 3명)의 채용 절차를 부적정하게 운영한 사실이 있다.
[표] 기간제교원 채용 절차 부적정 내역 (20**~20**학년도)
“기 재 생 략”
    그 결과 기간제교원 채용의 공정성과 투명성이 저하되었다.
관계기관 의견     백화고등학교는 감사결과를 수용하면서 앞으로 관련 법령을 
숙지하여 기간제교원 채용 업무를 철저히 수행하겠다는 의견을 제시하였다.
조치할 사항     
백화고등학교장은 
① 앞으로 관련 법령과 규정 등에 따라 기간제교원 채용 업무를 철처히 하고
② 관련자에게 주의를 촉구하시기 바랍니다.(주의 2명)
전북특별자치도교육감은 관련자에게 주의를 촉구하시기바랍니다.(주의 2명)
- 12 -
일련번호 백화고등학교-4 
전북특별자치도교육청
시  정  요  구
제        목     기간제 교원 호봉 획정 부적정
소 관  기 관     백화고등학교
조 치  기 관     백화고등학교
내        용
1. 업무개요
    백화고등학교(구, 백화여자고등학교)는 「학교법인 백화학원 정관」 및 
「공무원 보수규정」에 따라 기간제교원 호봉 획정 업무를 처리하고 있다.
2. 관계법령 및 판단기준
    「학교법인 백화학원 정관」 제46조(보수)에 따르면 교원의 보수는 「공무원 
보수규정」 및 「공무원수당 등에 관한 규정」을 준용한다고 되어 있고, 「공무원 보수규정」
제8조(초임호봉의 획정)에 따르면 공무원의 초임호봉은 [별표15] 공무원의 초임호봉표에 
따라 획정하도록 되어 있다. 
    또한 교육부의 “교육공무원 호봉획정 시 경력환산율표 적용 등에 관한 예규” 
[별표1] ‘교육공무원 등의 경력환산율표 적용기준’ 3. 유사경력 라. 그 밖의 경력 
7) 공공기관 등 근무 경력에 따르면 「사립학교법」 제2조제1항 및 제2호에 
규정된 사립학교 또는 학교법인에서 행정·경영·연구·기술분야에서 근무한 
경력은 50% 이내의 환산율을 적용한다고 되어 있다.
- 13 -
3. 감사결과 확인된 문제점
    그런데도 백화고등학교(구, 백화여자고등학교)는 20**. *. *. 신규 임용된 기간제교원 
I의 호봉을 획정하면서 사립학교(◍◍대학교) 교육조교1)경력을 50% 인정하지 아니하고
(5년, 50% 인정 경력) 100%로 상향 인정하여 초임 호봉(16호봉)을 정당 호봉(13호봉)
보다 3호봉 높게 획정한 사실이 있고,
    호봉 확정 잘못에 따라 [표] 및 [별표] “기간제 교원 호봉 획정 잘못에 따른 
인건비 부적정 지급 현황”과 같이 20**. *.~20**. *.(5개월) 인건비 합계 1,807,760원을 
부적정하게 지급한 사실이 있다.
[표] 기간제 교원 호봉 획정 잘못에 따른 인건비 부적정 지급 현황
“기 재 생 략”
    그 결과 기간제교원 호봉 획정의 적정성과 신뢰성이 저하되고 예산이 낭비되었다.
관계기관 의견     백화고등학교는 감사 결과를 받아들이면서 앞으로 관련 법령을 
준수하여 계약제교원 호봉 획정 업무를 철저히 수행하겠다는 의견을 제시하였다.  
    다만, 기간제교원 채용 시 호봉 획정 산정을 위해 이전 임용 학교에 관련 서류를 
요청하였고, 이전 자료를 기초로 호봉 산정함에 따라 업무 착오가 있었다는 의견을 
제시하였다.
1) ◍◍대학교 ◎◎교육과 교육 조교: 20○○. ○. ○.~20○○. ○. ○.(5년) (담당업무: 교수의 연구 및 교육 보조, 대학, 학부의 
학사업무 보조)
- 14 -
조치할 사항     백화고등학교장은
① 잘못 획정된 기간제 교원의 호봉을 정정하고, 부적정하게 지급된 인건비 
1,807,760원을 기간제 교원 I로부터 ‘회수’하여 교비회계로 세입 조치하고,
② 앞으로 관련 법령과 규정 등에 따라 기간제교원 호봉 획정 업무를 철저히 하시기 
바랍니다. (시정)
[별표]
기간제 교원 호봉 획정 잘못에 따른 인건비 부적정 지급 세부 현황(20**년도)
“기 재 생 략”
- 15 -
일련번호 백화고등학교-5 
전북특별자치도교육청
시정·경고요구
제        목 사무직원 호봉 획정, 호봉 재획정 및 호봉 정정 부적정
소 관  기 관 백화고등학교
조 치  기 관 ①백화고등학교 ②전북특별자치도교육청
내        용
1. 업무 개요
    백화고등학교(구, 백화여자고등학교)는「학교법인 백화학원 정관」, 「지방
공무원 보수규정」, 행정안전부의 “지방공무원보수업무 등 처리지침” 및 전북
특별자치도교육청(구, 전라북도교육청)의 “사립학교 사무직원 인사운영 지침”에 
따라 사무직원 호봉을 획정(재획정, 정정) 하고 있다. 
2. 초임 호봉 획정 부적정
  가. 관계법령 및 판단기준
    「학교법인 백화학원 정관」제86조(보수)에 따르면 일반직원의 보수는 「지방공무원 
보수규정」 및 「지방공무원수당 등에 관한 규정」 등을 준용한다고 되어 있으며, 
「지방공무원 보수규정」에 따르면 공무원을 신규임용하는 경우에는 [별표 1] 공무원의 
초임호봉표와 [별표 2] 일반직공무원 등의 경력환산율표에 따라 초임 호봉을 획정
한다고 되어 있다. 
- 16 -
    또한 전북특별자치도교육청(구, 전라북도교육청)의 “사립학교 사무직원 인사
운영 지침”에 따르면 사무직원 호봉 경력 인정 시 ‘지방자치단체 또는 국가 등의 기관 
및 사립학교에서 임시직(교무실무사, 행정대체인력 등)’의 근무경력은 경력인정  
환산율 50%를 적용하고, 유사경력은 호봉 경력에만 반영되며 정근수당 지급을  
위한 근무연수에는 반영되지 않는다고 되어 있다. 
    아울러 「국가재정법」 제96조(금전채권·채무의 소멸시효)에 따르면 금전의  
급부를 목적으로 하는 국가의 권리는 5년 동안 행사하지 아니하면 시효로 인하여   
소멸한다고 되어 있다.
  나. 감사결과 확인된 문제점
    그런데도 백화고등학교(구, 백화여자고등학교)는 20**. *. *. 사무직원 J의 초임 
호봉을 획정하면서 교육업무보조 근무경력을 경력인정 환산율 50%를 적용하지 
않고 100%로 인정하여 초임 호봉(15호봉)을 정당 호봉(14호봉)보다 1호봉 높게 
획정하고 유사경력 8년을 근무연수에 반영하였고,
   그 결과 [표 1] 및 [별표 4] “사무직원 초임 호봉 획정 부적정에 따른 인건비 
과다 지급 세부 현황”과 같이 20**. *. ~ 20**. *.(2년 10월)까지 인건비 7,918,820원을 
과다 지급한 사실이 있다.
- 17 -
[표 1] 사무직언 초임 호봉 획정 부적정에 따른 인건비 과다 지급 현황(20**.*.~20**.* 요약)
“기 재 생 략”
    그 결과 사무직원 호봉획정의 적정성과 신뢰성이 저하되고 예산이 낭비되었다.
3. 호봉 재획정 부적정
  가. 관계법령 및 판단기준
    「지방공무원 보수규정」 제9조(호봉의 재획정)에 따르면 공무원이 재직 중에 새로운 
경력을 합산하여야 할 사유가 발생한 경우, 초임 호봉 획정 시 반영되지 않았던 
경력을 입증할 수 있는 자료를 나중에 제출하는 경우, 당해 공무원에게 적용되는 
호봉획정 방법이 변경된 경우 호봉재획정을 한다고 되어 있다.
    또한 “지방공무원보수업무 등 처리지침” [별표1] ‘직종별 경력환산율표 해설’에 
따르면 ‘민법에 의한 재단법인 및 사단법인’의 인정대상 경력은 임용예정 직렬 및 
직류와 동일한 분야에 직접 종사하면서 정기적인 보수를 지급 받고 근무한 경력으로, 
직종별로 민간 근무 경력을 요건으로 하는 경력경쟁임용 시험 등에서 관련 직무분야로 
인정받은 경력 또는 그에 상응하는 경력인 경우 ‘동일한 분야’로 인정하되, 기관별 
｢호봉경력 평가 심의회｣를 거쳐 결정한다고 되어 있다.
- 18 -
  나. 감사결과 확인된 문제점
    그런데도 백화고등학교(구, 백화여자고등학교)는 20**. *. *. 사무직원 J가 요청한 
호봉 재획정에 대해 20**. *. *. 공개경쟁시험을 통해 임용되어 ‘임용예정 직렬 및 직류와 
동일한 분야로 인정할 수 없는’ 민법에 의한 사단법인 경력(2년 3월 13일, 0% 인정경력)을 
100% 인정하여 재획정 호봉(19호봉)을 정당 호봉(16호봉)보다 3호봉 높게 획정한 
사실이 있고,
    그 결과  [표 2] 및  [별표 5] “사무직원 호봉 재획정 부적정에 따른 인건비 
과다 지급 세부 현황”과 같이 20**. *. ~ 20**. *.(감사일 현재까지) 인건비 합계 
5,779,350원을 과다 지급한 사실이 있다.
[표 2] 사무직원 호봉 재획정 부적정에 따른 인건비 과다 지급 현황(20**. *.~20**. *. 요약)
“기 재 생 략”
    그 결과 사무직원 호봉획정의 적정성과 신뢰성이 저하되고 예산이 낭비되었다.
4. 호봉 정정 부적정
  가. 관계법령 및 판단기준
    「학교법인 백화학원 정관」제86조(보수)에 따르면 일반직원의 보수는 「지방공무원 
보수규정」 및 「지방공무원수당 등에 관한 규정」 등을 준용한다고 되어 있고,
    「지방공무원 보수규정」 제17조(호봉의 정정)에 따르면 호봉의 획정 또는 승급이 
잘못된 때에는 그 잘못된 호봉 발령일자로 소급하여 호봉을 정정한다고 되어 있으며,
- 19 -
    「지방공무원 보수규정」 [별표 2] 일반직공무원 등의 경력환산율표에 따르면,  
2. 유사경력 나. 지방자치단체 및 국가기관 등 근무경력 2) 지방자치단체 또는 국가 등의 
기관에서 임시직ㆍ촉탁 ·잡급 등으로 근무한 경력으로서 교육부장관 또는 행정안전부
장관이 인정하는 경력은 동일분야 경력은 100퍼센트 이내, 비동일분야 경력은 50퍼센트 
이내의 환산율을 적용한다고 되어 있다.
    또한 전북특별자치도교육청(구, 전라북도교육청)의 “사립학교 사무직원 인사
운영 지침 개정 알림(예산과-2126, 2022. 2. 16.)의 □유의사항 ”에 따르면 지방
자치단체 또는 국가 등의 기관 및 사립학교에서 임시직, 촉탁, 잡급 등(교무실무사,   
사무실무사, 구학부모회직원, 과학실무사, 행정대체인력 등)의 근무경력은 사실상 
직무를 수행하고 3월 이상 근무한 경력에 한하여 공립학교와 같은 경력인정 환산율
(50%)를 적용한다고 되어 있다.
  나. 감사결과 확인된 문제점
    그런데도 백화고등학교(구, 백화여자고등학교)는 20**. *. *. 사무직원 K가 요청한 
호봉 정정에 대해 공립고등학교에서 구 학부모회직원으로 근무한 경력(18년 4월, 50% 
인정경력)을 100%인정하여 20**. *. *. 자로 10호봉(근무연수 0년)을 19호봉(근무
연수 0년)으로 부적정하게 정정한 사실이 있고,
    그 결과 [표 3] 및 [별표 6] “사무직원 호봉 정정 부적정에 따른 인건비 과다 지급 
세부 현황”과 같이 20**. *. ∼ 20**. *.(감사일 현재까지) 호봉 상향 차액에 해당하는 
인건비 합계 27,197,170원을 과다 지급한 사실이 있다.
- 20 -
[표 3] 사무직원 호봉 정정 부적정에 따른 인건비 과다 지급 현황(20**. *.~20**. *. 요약)
“기 재 생 략”
    그 결과 사무직원 호봉획정의 적정성과 신뢰성이 저하되고 예산이 낭비되었다.
관계기관 의견 및 검토 결과
(관계기관 의견)
    백화고등학교는 초임 호봉 획정 및 호봉 재획정에 관한 사항에 대해서는   
감사결과를 수용하겠다는 의견을 표명하였으나, 사무직원 K의 호봉 정정 부적정과 
관련해서는 관련 법령과 상위 지침에 따른 정당한 결정이었다고 주장하였다. 
(검토 결과)
    「지방공무원 보수규정」 [별표 2] 일반직공무원 등의 경력환산율표에 따르면, 
지방자치단체 또는 국가 등의 기관에서 임시직ㆍ촉탁·잡급 등으로 근무한 경력
으로서 교육부장관 또는 행정안전부장관이 인정하는 동일분야 경력은 100퍼센트 
이내, 비동일분야 경력은 50퍼센트 이내의 환산율을 적용한다고 되어 있다. 
    또한 “「지방공무원 보수규정」개정 주요 내용 알림”(예산과-5484, 2012. 7. 3.)에 
따르면, 자치단체 내 공무원 간 호봉획정의 형평성·통일성 확보 및  부처별 직무 
특성을 고려할 수 있도록 각 기관에서는 자치단체장이 정한 기준 범위 내에서 
「호봉경력평가 심의회」를 거쳐 경력 인정 여부를 심의·결정하도록 안내하고 있다. 
- 21 -
    아울러 전북특별자치도교육청(구, 전라북도교육청)의 “사립학교 사무직원 
인사운영지침”(예산과-2126, 2022. 2. 16.)”에서도 구학부모회직원으로 사실상  
직무를 수행하고 3월 이상 근무한 경력에 대하여 경력인정 환산율(50%)를 적용
한다고 되어 있다.  
    그럼에도 불구하고 백화고등학교는 해당 근무 경력 전부를 100% 인정하여  
호봉을 정정하였는바, 이는 관련 법령과 상위 지침의 취지 및 기준에 부합하지 
않는 조치로 판단된다. 
    따라서 사무직원 K의 호봉 정정이 관련 법령과 상위 지침에 따른 정당한 
결정이라는 백화고등학교의 의견은 받아들이기 어렵다.
조치할 사항     
백화고등학교장은 
① 관련 규정에 따라 잘못 획정된 사무직원의 호봉을 정정하고, 과다 지급된 인건비 
38,200,050원(K 27,197,170원 J 11,002,880원)과 감사일(20**. *. *.) 이후 인건비 과다 
지급액을 정산 및 회수하여 교비회계에 세입 조치하고(시정) 
② 앞으로 관련 법령과 규정 등에 따라 사무직원 호봉 획정 업무를 철저히 하며
③ 관련자에게 경고를 촉구하시기 바랍니다.(경고 2명)
전북특별자치도교육감은 관련자에게 경고를 촉구하시기 바랍니다.(경고 2명)
- 22 -
[별표 1] ~ [별표 3] 사무직원 초임 호봉 획정·호봉 재획정·호봉 정정 부적정 현황 (20**. *~20**. *, )
 
“기 재 생 략”
- 23 -
[별표 4] ~ [별표 6] 초임 호봉 획정·호봉 재획정· 호봉 정정 부적정에 따른 인건비 과다 지급 
세부 현황 (20**. *.~20**. *, )
“기 재 생 략”
- 24 -
일련번호 백화고등학교-6 
전북특별자치도교육청
주  의  요  구
제        목     개인정보 안전성 확보 조치 미이행
소 관  기 관 백화고등학교
조 치  기 관 백화고등학교
내        용
1. 업무개요
    백화고등학교(구, 백화여자고등학교)는 ｢개인정보보호법｣에 따라 학생들의 
개인정보를 관리하고 있다.
2. 관계법령 및 판단기준  
    「개인정보 보호법」제26조(업무위탁에 따른 개인정보의 처리 제한) 및 같은 법 
시행령 제28조(개인정보의 처리 업무 위탁 시 조치)에 따르면 위탁자는 업무 위탁으로 
인하여 정보주체의 개인정보가 분실․도난․유출․위조․변조 또는 훼손되지 아니하도록 
수탁자를 교육하고, 처리 현황 점검 등 수탁자가 개인정보를 안전하게 처리
하는지를 감독하여야 한다고 되어 있다.
- 25 -
    또한 전북특별자치도교육청(구 전라북도교육청)의 “학교정보 업무 매뉴얼”과 
“ [중요알림] 학교 알림 서비스 이용 등 개인정보 처리 업무 위탁 시 유의사항
(미래인재과-2135, 2021. 2. 2.)”에 따르면 현장체험학습(수학여행) 여행자보험 등 
개인정보가 포함된 업무 위탁 시 개인정보 안전성 확보를 위하여 개인정보처리
위탁 계약서 작성, 계약업체 개인정보 교육, 위탁 업무 종료 후 개인정보 파기 
확인서를 징구하여야 한다고 되어 있다. 
3. 감사결과 확인된 문제점  
    그런데도 백화고등학교(구, 백화여자고등학교)는 20**. *. *. (유)◧◧◧◧과
‘20**학년도 테마식현장체험 학습 위탁용역’을 체결하면서 학생 및 인솔자 35명의 
개인정보(이름, 생년월일, 성별)가 포함된 개인정보처리 위탁 계약서를 작성하지 
않고, 계약업체 개인정보 교육을 실시하지 않았으며, 사업수행 이후 개인정보 
파기 확인서를 징구하지 않는 등  [표]와 같이 20**~20**학년도 총 5건에 대하여 
학생․교직원 총 122명(20**학년도 35명, 20**학년도 37명, 20**학년도 27명, 20**학년도 
23명)의 개인정보 안전성 확보 조치를 이행하지 않은 사실이 있다.
[표] 개인정보 안전성 확보 조치 미이행 내역(20** ~ 20**학년도)
“기 재 생 략”
    그 결과 개인정보 안전성 확보를 위한 관리·통제 체계의 신뢰성이 저하되었다.
관계기관 의견     백화고등학교는 감사결과를 수용하면서 앞으로 관련 법령을 
숙지하여 계약 시 개인정보 안전성 확보를 철저히 수행하겠다는 의견을 제시하였다.
- 26 -
조치할 사항     백화고등학교장은 
① 앞으로 관련 법령과 규정 등에 따라 용역 계약 시 개인정보 안전성 확보 조치를 
철저히 하고
② 관련자에게 주의를 촉구하시기 바랍니다.(주의 1명)
- 27 -
일련번호 백화고등학교-7 
전북특별자치도교육청
시정·주의요구
제        목     물품 관리 부적정
소 관  기 관     백화고등학교
조 치  기 관     백화고등학교
내        용
1. 업무개요
    백화고등학교(구, 백화여자고등학교)는 「사학기관 재무ㆍ회계 규칙」에 따라 
정기재물조사를 실시하고, 물품을 운용 관리하고 있다.
2. 관계법령 및 판단기준
    「사학기관 재무ㆍ회계 규칙」제47조(물품의 범위)에 따르면 비품은 품질이나 
형상의 변동없이 비교적 장기간 사용할 수 있는 물품을 의미하며,
    같은 규칙 제49조(물품의 관리의무) 및 제50조(물품의 관리)에 따르면 물품
관리자ㆍ물품출납원 및 물품사용자는 선량한 관리자로서의 주의와 의무를 다하고, 
물품관리자는 물품 출납의 사유가 생겼을 때에는 그 물품 출납원에게 그 출납을 
명해야 하며, 물품관리자는 2년마다 정기적으로 학년도 말을 기준으로 재물조사를 
실시하여야 한다고 되어 있다.
- 28 -
    아울러 같은 규칙 제57조(회계관계직원의 책임)에 따르면 법인과 학교의 수입ㆍ
지출ㆍ물품 및 재산의 수급ㆍ보관 또는 관리를 담당한 직원(이하 “회계관계직원”이라 
한다)은 선량한 관리자로서의 주의 의무를 다하지 못하여 손해를 끼쳤을 때에는 
그 정도에 따라 각각 변상의 책임을 진다고 되어 있다.
3. 감사결과 확인된 문제점  
    그런데도 백화고등학교(구, 백화여자고등학교)는 20**. *. *.~20**. *. *. 2년마다 
정기적으로 실시해야 하는 재물조사를 한 차례도 실시하지 않았으며, 20**. *. *. 취득한 
태블릿컴퓨터(○○전자) 23대를 교사 H가 불용 요청하였으나 20**. *. *. 감사일 
현재까지 폐기 처리를 이행하지 않고 그 중 5대를 망실(일자 미상)한 사실이 
있다.
※태블릿컴퓨터 망실 내역
       
“기 재 생 략”
    그 결과 물품의 관리·처분에 있어 투명성과 책임성이 저하되는 결과를 초래하였다.
관계기관 의견     백화고등학교는 감사 결과를 받아들이면서 앞으로 관련 
법령을 준수하여 물품 관리 업무를 철저히 수행하겠다는 의견을 제시하였다. 
- 29 -
조치할 사항     백화고등학교장은 
① 즉시 재물조사를 실시하시고, 망실한 물품(태블릿 컴퓨터)을 대품으로 납입하거나 
상당 가액을 변상 조치하고(시정)
② 앞으로 관련 법령과 규정 등에 따라 물품 관리 업무를 철저히 하고
③ 관련자에게 주의를 촉구하시기 바랍니다.(주의 3명)
- 30 -
일련번호 백화고등학교-8 
전북특별자치도교육청
시정·주의요구
제        목     시설공사 준공검사 부적정
소 관  기 관 백화고등학교
조 치  기 관 백화고등학교
내        용
1. 업무개요
    백화고등학교(구, 백화여자고등학교)는 202*회계연도에‘○○○○천장 교체공사’외 
1건의 시설 공사를 시행하였으며, 이에 대한 공사감독과 준공검사 등의 업무를 
추진하였다 .
2. 관계법령 및 판단기준
    「건설산업기본법」제22조(건설공사에 관한 도급계약의 원칙) 제7항에 따르면 
건설공사 도급계약의 당사자는 「고용보험 및 산업재해보상보험의 보험료징수 등에 
관한 법률」에 따른 보험료, 「국민연금법」에 따른 국민연금보험료, 「국민건강
보험법」에 따른 건강보험료, 「노인장기요양보험법」에 따른 노인장기요양보험료 등 
그 건설공사와 관련하여 건설사업자가 의무적으로 부담하여야 하는 비용의 금액을 
- 31 -
국토교통부장관이 정하여 고시하는 기준에 따라 그 건설공사의 도급금액 산출내역서에 
명시하여야 한다고 되어 있고,
    같은 법 시행령 제26조의2(보험료 등의 비용 명시 및 정산) 제2항 및 제3항에 
따르면 발주자는 그 건설공사를 도급받은 건설업자가 보험료 등을 부담하였는지 
여부에 관하여 확인할 수 있다.
    이 경우 발주자가 필요하다고 인정하는 경우에는 그 건설업자에게 보험료 등을 
납부한 확인서의 제출을 요구할 수 있으며, 납부한 내역을 확인한 결과 도급금액 
산출내역서에 명시된 보험료가 실제로 지출된 보험료보다 많은 경우에는 그 초과하는 
금액을 정산할 수 있다고 되어 있다.
3. 감사결과 확인된 문제점
    그런데도 백화고등학교(구, 백화여자고등학교)는 20**. *. *. ㈜◓◓◓◓과 
계약한(계약일 20**. *. *. 계약금액 35,950천원) ‘○○○○천장 교체공사’를 준공 처리하면서 
국민 건강 및 연금보험료 납부 확인서가 미제출 되었음에도 계약 금액을 감액 
정산하지 않고 1,958,300원을 과다 지급하는 등 [표] 및 [별표] “공사비 과다 지급 
세부 현황”과 같이 20**회계연도 총 2건 공사비 합계 4,711,000원을 과다 지급한 
사실이 있다.
[표] 공사비 과다 지급 현황(20**회계연도)
                                                        
“기 재 생 략”
    그 결과 시설공사 계약의 공정성과 투명성이 저하되었으며, 예산의 손실을 
초래하였다. 
- 32 -
관계기관 의견     백화고등학교는 감사 결과를 받아들이면서 앞으로 관련 법령을 
준수하여 시설공사 준공검사 업무를 철저히 수행하겠다는 의견을 제시하였다.
조치할 사항     백화고등학교장은
① 과다 지급된 공사비 4,711,000원을 관련 업체[(주)◓◓◓◓(1,958,300원), 
(유)●●(2,752,700원)]로부터‘회수’하여 교비회계에 세입 조치하고(시정)
② 앞으로 준공검사 시 공사비 정산 서류를 철저히 검토하여 공사비를 과다 지급하는 일이 
없도록 관련 업무를 철저히 하며
③ 관련자에게 ‘주의’를 촉구하시기 바랍니다.(주의 2명)
- 33 -
[별표 1] ~[별표 2]
공사비 과다 지급 세부 현황(20**회계연도)
“기 재 생 략”"
5.김제북초감사결과공개.hwp,HWP,
2026년 5월 종합감사 결과보고서(공개용)_남원중앙초.pdf,PDF,"2026년 5월 종합감사 결과 보고서
- 남원중앙초 - 
2026. 6.
  【 행 정 지 원 과】

Ⅰ. 감사 개요
1. 감사배경 및 목적
□ 『2026년 남원교육지원청 자체감사 운영계획』에 의거 종합감사 실시
□ 학교 업무 전반의 예산 운용 실태 및 회계 처리의 적법성ㆍ타당성 등을 
점검함으로써 예산 편성ㆍ집행의 투명성 및 공정성을 도모하고자 함
2. 감사대상 및 범위
학교명 감사종류 감사 실시 기간 감사 대상 기간 범위
남원중앙
초등학교 종합감사 2026. 5. 6. ~ 5. 8. 교무·학사: 2023.3.1.~2026.5.5.
행정·회계: 2023.4.18.~2026.5.5. 학교 업무 전반
3. 감사인원: 감사반장 등 5명
4. 감사중점사항
 □ 학사관리: 교육과정 운영에 관한 사항 
   - 교육과정·평가, 교원인사관리·교육활동보호, 학생생활교육, 과학·
보건 교육, 독서교육·학교도서관, 특수교육, 방과후학교
 □ 재정ㆍ회계 관리에 관한 사항
   - 예ㆍ결산관리: 예산편성, 이ㆍ전용, 성립전 사용, 이월, 불용액 등
   - 세입관리: 징수결정, 수납, 과오납금처리, 불납결손 등
   - 세출관리: 지출원인행위 및 세출의 적정성, 계약업무의 적정 처리 여부 등
   - 발전기금 및 세입세출외현금 관리
 □ 공유재산, 물품 관리 및 시설물 관리에 관한 사항
   - 공유재산 임대 및 관리 등
   - 물품관리: 물품구입, 정수물품 관리, 불용결정ㆍ폐기, 장부기록관리 등
   - 시설물 관리: 시설사업의 적정 추진 및 관리
 □ 보수지급: 시간외 수당 및 가족수당, 연가보상비, 공무원 수당 등
Ⅱ. 감사결과 
1. 분야별 지적건수
학교명 유형별 학사·평가 예산․회계 인건비·복무계약·시설물품·기타 계
남원중앙초
지적사항 · · 2 · 1 3
현지시정 4 · · · · 4
합계 4 0 2 0 1 7
2. 세부 지적내용 및 처분
지적건명 지적내용 처분
 m 남원중앙초등학교
【인건비·복무】 
1. 복무(공가, 
병가, 육아시간) 
사용 부적정
❍ 2023. 7. 28. 건강검진을 사유로 공가를 허가받고서도 
건강검진을 받지 않고, 2023. 7. 31.에 실제 건강
검진을 받는 등 2023~2024년도 총 2명이 공가를 
부적정하게 사용하여 연가보상비 131,760원 과다 
지급
【국가공무원 복무규정 제19조】
❍ 2023학년도에 6일을 초과하는 병가를 사용하면서 
진단서를 제출하지 않았고, 연차유급휴가 미사용수당 
214,260원 과다 지급
【전북특별자치도교육감 소속 교육공무직원 
관리규정 제45조】
❍ 2023. 9. 19. 육아시간 1시간 10분(08:30~09:40)을 
사용한 후 같은 날 4시간(12:30~16:30) 조퇴하여 
일(日) 최소 근무시간 4시간에서 1시간 10분을 
❍ 주의(4명) 및 
시정
 (346,020원 회수)
지적건명 지적내용 처분
부족하게 근무하는 등 2023·2025년도 8건의 육아
시간을 사용하면서 일(日) 최소근무시간을 충족
하지 않았고, 최소근무시간을 충족하지 못한 육아
시간을 연가로 변경하지 않음
【국가공무원 복무·징계 관련 예규】
2. 인건비 지급 
소홀
❍ 2024년 5~7월 기간 동안 배우자 중복 수령 여부를 
확인하지 않고 가족수당 210,000원을 과다 지급
【공무원수당 등에 관한 규정 제10조, 
공무원보수 등의 업무지침】
❍ 2024. 9.~2026. 2. 총 3명의 담임 여부를 확인하지 
않고 급여를 지급하여 교직수당 가산금(학급담당) 
합계 6,000천원 과소 지급
【공무원 수당 등에 관한 규정 제14조】
❍ 주의(3명) 및 
시정
 (210,000원 회수
6,000,000 추급)
【물품·기타】 
3. 학교발전기금 
관리 및 운용 
부적정
❍ 학교발전기금회계출납명령기관인 학교운영위원회
위원장이 임기만료로 교체되었음에도 2024·2026
회계연도 학교운영위원회위원장 임기만료에 따른 
사무의 인계·인수서 미작성, 2025. 1. 10. 학교체육
활동 기타학예활동의 지원 명목으로 기탁된 “2024~2025 
남자부 신인선수 드래프트 학교지원금” 2,700,000원을 
2025. 3. 7. 학교회계로 전출하면서 학교운영위원회에서 
심의·의결을 받지 않았고, 집행완료 후에는 학교
운영위원회에 세부 집행 내역을 서면으로 보고하지 
않는 등 2025~2026회계연도 학교발전기금 학교회계 
전출에 대하여 학교운영위원회에서 미심의하고 
집행내역 미보고
【학교발전기금의 조성·운용 및 회계관리 요령
[전북특별자치도교육청(구, 전라북도교육청)]】
❍ 주의(1명)
3. 현지 조치사항
지적건명 지적내용 처분
 m 남원중앙초등학교
【학사·평가】 
1. 진로관련사항 
개인정보 
활용동의서 
관리 소홀
❍ 2023학년도 졸업예정자를 대상으로 졸업 전‘개인정보
(진로 관련 사항) 활용 동의서’를 제출받아 졸업 
후 6년 동안 보관해야 함에도 보관하지 않음
【학교생활기록 작성 및 관리지침 제20조[교육부훈령], 
2023학년도 학교생활기록부 기재요령 제20조】
❍ 시정
2. 학업중단숙려제 
운영 계획 
미수립
❍ 2023학년도 학업중단예방위원회 미구성 및 학업
중단숙려제 계획 미수립
【초·중등교육법 제28조,
초·중등교육법 시행령 제54조】
❍ 시정
3. 과학실험실 
실험폐수처리 
자체점검표 
관리 소홀
❍ 2023학년도 실험실 안전점검 자체관리표와 폐수
관리대장을 작성하였으나, 관리 과정에서 정기적인 
결재를 받지 않아 관련 장부의 관리 및 결재 절차를 
이행하지 않음
【과학실험실 안전관리 기본계획
[전북특별자치도교육청(구, 전라북도교육청)]】
❍ 시정
4. 학교스포츠클럽 
운영 절차 
미준수
❍ 2024~2025학년도 학교스포츠클럽을 운영함에 있어 
학교체육소위원회 심의를 받지 않고 운영
【학교체육진흥법 제10조, 
2024~2025학년도 학교스포츠클럽 운영 매뉴얼
[전북특별자치도교육청(구, 전라북도교육청)]】
❍ 시정"
8월감사결과공개용.hwp,HWP,
1.종합감사결과공개자료(탑재용)1부.pdf,PDF,"남원국악예술고등학교 종합감사 결과 공개
2025. 12.
 (감 사 관)
남원국악예술고등학교 종합감사 결과 공개
 감사결과의 공개는 국민의 알권리 충족과 기관 운영의 투명성을 강화하기 위한 
공익적 조치입니다. 따라서 감사결과 실명이 공개된 모든 기관이 비리에 연관되어 
있는 것은 아님을 알려드립니다. 
□ 감사 개요
○ 감사 기간: 2025. 6. 24.∼6. 26.(3일)
○ 감사 인원: 6명 
○ 감사 범위
 - 교무·학사 2023.4.26.~2025.6.23.(지난 번 감사  이후부 터 금번  감사 전 일 까지)
 - 행정·회계 2021.8.31.~2025.6.23.(지 난번 감 사 이후 부터 금 번 감사  전일 까 지)
□ 감사 결과
 ○ 총괄
기관명
신분상(명) 행정상(건) 재정상
조치징계 경고 주의 계 기관
주의 시정 통보 개선 계
로뎀나무학원·
(0건)
·
(0건)
5
(1건)
5
(1건) · 1 · · 1
남원국악예술고·
(0건)
7
(1건)
28
(10건)
35
(11건) · 3 · · 3 ž회수(2건)
 5,469,460원 
남원국악예술고
(로뎀나무학원)
·
(0건)
7
(1건)
33
(11건)
40
(12건) · 4 · · 4 ž회수(2건)
 5,469,460원 
 ※ ( )안은 신분상 조치 대상자에 대한 지적 건수 총 합계로 중복 건수 존재
 ○ 분야별 지적건수
유형별 법인분야교 무·학 사예 산·회 계복 무·물 품인건비 시설 계
지적사항 1 2 5 1 1 1 11
○ 지적사항(총 11건)
연번 분야별 지적건명 처분
 ❍ 학교법인 로뎀나무학원
1 법인분야 Ÿ 학교법인 운영 부적정  ▪ 주의(5명)
 ▪ 시정
 ❍ 남원국악예술고등학교
1 교무․학사 Ÿ 학생 수상 관리 부적정  ▪ 주의(1명)
 ▪ 시정
2 교무․학사 Ÿ 학교스포츠클럽 운영 부적정  ▪ 주의(1명) 
3 예산․회계 Ÿ 회계관계직원 사무인계·인수 부적정  ▪ 주의(1명)
4 예산․회계 Ÿ 현장체험학습 위탁 계약 개인정보 
  안전성 확보 조치 미이행  ▪ 주의(2명)
5 예산․회계 Ÿ 수익자부담경비(기숙사비, 급식비) 
  면제 부적정
 ▪ 주의(5명)
 ▪ 시정
6 예산․회계 Ÿ 세출예산 집행과목 미준수  ▪ 경고(7명)
 ▪ 주의(6명)
7 예산․회계 Ÿ 학교발전기금 관리·운용 부적정  ▪ 주의(3명)
8 복무․물품 Ÿ 물품 비품대장 미등재  ▪ 주의(2명)
 ▪ 시정
- 4 -
연번 분야별 지적건명 처분
9 인건비 Ÿ 시간외근무수당 지급 부적정
 ▪ 주의(4명)
 ▪ 시정(회수)  
    2,183,460원
10 시설 Ÿ 시설공사 감독 및 준공정산 부적정
 ▪ 주의(3명)
 ▪ 시정(회수)  
    3,286,000원
- 5 -
일련번호 학교법인 로뎀나무학원-1 
전북특별자치도교육청
주의 및 시정 요구
제        목     학교법인 운영 부적정
소 관  기 관     학교법인 로뎀나무학원
조 치  기 관     학교법인 로뎀나무학원 외 2개 기관
내        용
1. 업무 개요
  학교법인 로뎀나무학원은 정관에 따라 이사회를 통해 인사, 예산, 재산관리 등 
법인과 남원국악예술고등학교 운영의 제반 사항을 종합적으로 관리하고 감독
하고 있다.
2. 관계법령 및 판단기준 
 가. 법인 정관 미개정
  「사립학교법」제9조(학교법인의 권리능력 등)에 따르면 학교법인의 권리
능력과 불법행위능력에 관하여는 「민법」 제34조 및 제35조를 준용한다고 
되어 있고 「민법」 제34조(법인의 권리능력)에 따르면 법인은 법률의 규정에 
좇아 정관으로 정한 목적의 범위 내에서 권리와 의무의 주체가 된다고 되어 있다.
- 6 -
 나. 이사회 소집 미공지
  「사립학교법」제17조(이사회의 소집)에 따르면 이사회를 소집 할 때에는 
늦어도 회의 7일 전까지 회의의 목적을 밝혀 각 이사에게 통지하고, 학교법인이 
운영하는 학교의 인터넷 홈페이지 등에 소집 일자, 장소 등을 공지하여야 
한다고 되어 있다.
 다. 사무직원 법인업무 겸임 미발령
  「사립학교법」제70조의2 제2항에 따르면 각급 학교 소속 사무직원은 학교의 장의 
제청으로 학교법인 또는 사립학교경영자가 임용하고, 같은 법 제2조에 따라 
‘임용’에는 ‘신규채용’뿐만 아니라 ‘겸임’도 포함되며 학교 소속 사무
직원이 학교의 행정사무 외에 겸임을 하는 경우에는 학교의 장이 학교법인에 
겸임 제청을 하고, 학교법인이 이를 승인하는 절차를 거쳐야 한다고 되어 있다.
  또한 전 북 특 별 자 치 도 교 육 청(구, 전 라 북 도 교 육 청)의 “사립학교 사무직원 인사운영 지침”에 
따르면 신규임용, 겸임, 정직, 해임 등 인사발령시 인사발령 통지서를 교부하고, 
NEIS 인사기록카드 및 발령대장의 기록·보관하도록 되어 있다.
3. 감사결과 확인된 문제점
 가. 법인 정관 미개정
  그런데도 학교법인 로뎀나무학원은 2021. 9. 24. 「사립학교법」 개정
(시행일 2022. 3. 25.)으로 신설된 제17조 제5항‘이사장은 이사회 소집을 학교   
인터넷 홈페이지 등에 공지하여야 한다’는 내용을 정관에 반영하지 않은 등 
【표1】“학교법인 로뎀나무학원 정관 미개정 내역”과 같이 상위법 개정으로 
변경된 사항 총 6건(신설 2건, 개정 4건)의 사항을 학교법인 정관에 반영하지 
않은 사실이 있다.
- 7 -
【표1】 학교법인 로뎀나무학원 정관 미개정 내역
순
법률
개정일
(시행일)
관련법령 조항 주요내용 법인정관반영여부
(현행내용)
비
고
1 2021.9.24.
(2022.3.25.)사립학교법 제17조제5항
이사장은이사회소집을
학교 인터넷 홈페이지
등에 공지
미반영
▸해당내용: 없음 신설
2 2021.9.24.
(2022.3.25.)사립학교법
제21조제7항
제22조
임원의 결격사유 강화
-임원취임승인이취소된
 날부터10년이지난사람
-학교의장의직위에서
 해임된 날부터 6년이
 지난 사람
-사립학교교원으로재직중
 파면된날부터10년이
 지난 사람
미반영
▸해당내용: 없음 개정
3 2021.9.24.
(2022.3.25.)사립학교법 제22조의2
임원 결격 사유에
해당하는경우당연퇴임
하도록 근거 조항 마련
미반영
▸해당내용: 없음 신설
4 2021.9.24.
(2022.3.25.)사립학교법 제29조제4항
제31조제3항
사립학교학교운영위원회
심의기구로 격상,
현행법상학교운영위원회
자문사항을심의사항으로
개정
미반영
▸현행내용
제9조(회계의구분)
③제1항의학교에속하는
회계예산은당해학교의장이
편성하여학교운영위원회가
자문하고
개정
5 2021.9.24.
(2022.3.25.)사립학교법 제62조
제2항∼제4항
교원징계위원회외부위원을
최소 2명이상 포함,
외부위원에학부모위원이
1명이상포함되도록하고,
특성 性이 10분의6을
초과하지 않도록 함
미반영
▸현행내용
 제51조(교원징계
위원회의 조직)
① 교원징계위원회는
 5인의 위원으로
 조직한다.
개정
6 2021.9.24.
(2022.3.25.)사립학교법 제72조의4
제72조의5
부패방지를위한학교법인
또는교직원행동강령을
정관으로 정하도록 함
미반영
▸현행내용
 제41조의2
(행동강령) 교원 및
사무직원의행동강령에
관하여는 사립학교
교직원 행동강령을
준용한다.
개정
- 8 -
 나. 이사회 소집 미공지
  그런데도 학교법인 로뎀나무학원에서는 20**. 10. 7. 20**년도 제2차 법인 
이사회를 개최하면서 학교 인터넷 홈페이지 등에 소집 일자, 장소를 공지
하지 않는 등 【표 2】“학교법인 로뎀나무학원 이사회 소집 미공지 내역”과 같이 
20** ~ 20**년도 총 23건(20**년도 4건, 20**년도 8건, 20**년도 5건, 20**년도 5건, 
20**년도 1건)의 이사회 소집을 학교의 인터넷 홈페이지 등에 공지하지 않은 
사실이 있다.
【표2】 학교법인 로뎀나무학원 이사회 소집 미공지 내역[생략]
 다. 사무직원 법인업무 겸임 미발령
    그런데도 학교법인 로뎀나무학원은 20**. 9. 1. ∼ 20**. 6. 26 남원국악예술
고등학교 사무직원 ◈◈◈◈◈◈◈◈◈ ○○○을 겸임 발령 없이 학교법인   
업무를 처리하게 한 사실이 있다.
 ※ 사무직원 학교법인 겸임 미발령 내역 [생략]
관계기관 의견
  학교법인 로뎀나무학원은 감사 결과를 수용하면서 앞으로 관련 법령을 숙지
하여 관련 절차가 누락되는 일이 없도록 하겠다는 의견을 제시하였다.
- 9 -
조치할 사항 
학교법인 로뎀나무학원 이사장은 
① 앞으로 관련 규정과 지침에 따라 학교법인 업무를 철저히 하여 주시기 
바랍니다.
②〔시정〕상위 법령과 맞게 법인 정관을 개정하고, 사무직원 ◈◈◈◈◈◈◈◈◈ 
○○○에 대하여 겸임 발령 후 법인사무를 처리하도록 하시기 
바랍니다.
남원국악예술고등학교장은 
①〔주의〕 관련자에게 ‘주의’조치하시기 바랍니다. [주의 1명]
전북특별자치도교육감은 
①〔주의〕 관련자에게 ‘주의’조치하시기 바랍니다. [주의 4명]  
- 10 -
일련번호 남원국악예술고등학교-1 
전북특별자치도교육청
주의 및 시정 요구
제        목     학생 수상 관리 부적정
소 관  기 관     남원국악예술고등학교
조 치  기 관     남원국악예술고등학교 
내        용
1. 업무개요
  남원국악예술고등학교는 “학교생활기록 작성 및 관리지침”과 “학업성적관리
규정”에 따라 교과 관련 대회 및 교내상 시상 기준을 정하여 학생 수상 
관리를 하고 있다.
2. 관계법령 및 판단기준 
  「초·중등교육법」제25조(학교생활기록)에 따르면 학교의 장은 학생의 학업
성취도와 인성(人性) 등을 종합적으로 관찰ㆍ평가하여 학생지도 및 상급학교의 
학생 선발에 활용할 수 있도록 하기 위하여 학교생활기록을 작성·관리하도록 
되어 있다. 
- 11 -
  교육부의 “학교생활기록 작성 및 관리지침” 제9조(수상경력)에 따르면   
학교생활기록부의 수상경력은 재학 중 학생이 교내에서 수상한 상의 명칭, 
등급(위), 수상연월일, 수여기관, 참가대상(참가인원)을 입력한다고 되어 있고,
  교육부의 “학교생활기록부 기재요령”에 따르면 수상경력에는 학년 초 
학교교육계획서에 따라 실시한 교내상만을 기재하며, 교과우수상의 과목명은 
교과목의 정식 명칭으로 입력하고 교과우수상을 여러 과목에서 수상한 경우 
(  )안에 수상과목을 병기한다고 되어 있다.
  또한 남원국악예술고등학교의 “20**학년도 학업성적관리규정” 제16조 포상에 
따르면 1년 정근상은 1개년을 통하여 지각(또는 조퇴, 결과) 1회 ~ 8회인 경우 
또는 최대 결석 2일과 지각(또는 조퇴, 결과) 2회까지인 자에게 수여하도록 
되어 있다. 
3. 감사결과 확인된 문제점
  그런데도 남원국악예술고등학교는 20**. 1. 3. ⊙학년 ⊙반 ○○○ 학생의 
20**학년도 출결상황이 결석 3일, 조퇴 1회로 최대 결석 3일을 초과하여 1년 
정근상 대상자가 아님에도 1년 정근상을 수여한 후 학교생활기록부 수상 
경력에 입력하는 등 【표1】“정근상 수여 부적정 현황”과 같이 20**학년도 
학생 2명의 정근상 수상 경력을 부적정하게 처리한 사실이 있다. 
【표1】 정근상 수여 부적정 현황 (생략)
- 12 -
  또한 교사 ○○○은 20**학년도 ○학년 ○반 ○○○ 학생이 기초발레Ⅰ 교과에서 
교과우수상 대상자로 선정되었음에도 NEIS 수상경력에 과목명을 입력하지 
않는 등 【표2】“교과우수상 과목명 미입력 현황”과 같이 20**학년도 교사 
2명이 학생 2명의 교과우수상 과목명을 미입력한 사실이 있다.
【표2】 교과우수상 과목명 미입력 현황 (생략)
관계기관 의견
  남원국악예술고등학교는 감사 결과를 수용하면서 앞으로 관련 법령을 준수하여 
학생 수상경력 관리 업무를 철저히 수행하겠다는 의견을 제시하였다.
조치할 사항 
남원국악예술고등학교장은
① 앞으로 관련 법령과 규정 등에 따라 학생 수상경력 관리를 철저히 
하여 주시기 바랍니다.
②〔시정〕 부적정하게 기재된 20**학년도 학생 2명의 정근상 수상경력을 
정정(삭제) 처리하고, 교과우수상 수상 과목명이 미입력된 학생 2명의 
수상경력을 정정 처리하시기 바랍니다. 
③〔주의〕 관련자에게 ‘주의’조치하시기 바랍니다. [주의 1명]
- 13 -
일련번호 남원국악예술고등학교-2 
전북특별자치도교육청
주의 요구
제        목     학교스포츠클럽 운영 부적정
소 관  기 관     남원국악예술고등학교
조 치  기 관     남원국악예술고등학교
내        용
1. 업무개요
  남원국악예술고등학교는 「학교체육 진흥법」에 따라 학생들의 신체적 건강 
증진과 바른 인성 함양을 위해 다양한 스포츠 활동 참여 기회를 제공하고자 
학교스포츠클럽을 운영하고 있다. 
2. 관계법령 및 판단기준  
  「학교체육진흥법」 제10조(학교스포츠클럽 운영)에 따르면 학교의 장은 
학생들이 신체활동 프로그램에 참여할 수 있도록 학교스포츠클럽을 운영하여 
학생들의 체육활동 참여 기회를 확대하여야 한다고 되어 있다. 
  또한 전북특별자치도교육청(구, 전라북도교육청)의 “20**~20**학년도 학교
스포츠클럽 운영 매뉴얼”에 따르면 학교스포츠클럽을 활성화하기 위하여 학교
- 14 -
체육소위원회를 구성(필수)하여 학생 의견 수렴 및 모집, 전체 및 클럽별 연간 
운영계획 수립, 학교체육소위원회 심의 및 학교장 승인, NEIS 학생 등록, 클럽별 
활동 전개, 활동내역 NEIS 입력, 만족도 조사 및 평가, 평가 결과 반영 등의 
절차를 수행하도록 안내하고 있다.
3. 감사결과 확인된 문제점  
  그런데도 남원국악예술고등학교는 20**학년도 배드민턴 종목의 연간 
운영 계획을 수립하지 않고 학교체육소위원회 심의 없이 학교스포츠클럽을 운영
하는 등 【표】“학교스포츠클럽 운영 부적정 현황”과 같이 20**~20**학년도 
학교스포츠클럽을 부적정하게 운영한 사실이 있다. 
【표】 학교스포츠클럽 운영 부적정 현황 [생략]
관계기관 의견
  남원국악예술고등학교는 감사 결과를 수용하면서 앞으로 관련 법령을 준수하여 
동일 사례가 발생하는 일이 없도록 하겠다는 의견을 제시하였다. 
조치할 사항 
남원국악예술고등학교장은 
① 앞으로 법령과 규정 등에 따라 학교스포츠클럽 운영을 철저히 하여 주시기 바랍니다.
②〔주의〕 관련자에게 ‘주의’ 조치하시기 바랍니다. [주의 1명]
- 15 -
일련번호 남원국악예술고등학교-3 
전북특별자치도교육청
주의 요구
제        목   회계관계직원 사무인계·인수 부적정
소 관  기 관   남원국악예술고등학교
조 치  기 관   남원국악예술고등학교
내        용
 1. 업무개요
  사립학교는 ｢사학기관 재무·회계 규칙｣ 제58조(사무의 인계·인수)에 따라 
회계관직을 지정하고 사무의 인계·인수를 실시하고 있다.
 2. 관계법령 및 판단기준
  전북특별자치도교육청(구, 전라북도교육청) “사학기관 예산편성 및 운영
지침(교비회계)”에 따르면 ｢전북특별자치도 교육비특별회계 재무회계 규칙｣, 
｢전북특별자치도 공립학교회계 규칙｣ 등 공립학교 회계관계 제 규정을 준용
한다고 되어 있고, 
  「전북특별자치도(구, 전라북도) 교육비특별회계 재무회계 규칙」 제3조(회계
관계공무원의 관직지정) 및 [별표1] 회계관계공무원의 관직지정에 따르면 학교의 
출납사무에 대하여 분임재무관은 관서의 장, 출납원은 행정실장으로 지정하고 있으며,
- 16 -
「전북특별자치도(구, 전라북도) 공립학교회계 규칙」 제43조(회계관계공무원)에 
따르면 회계관계공무원은 학교의 장 및 출납원이라고 되어 있고, 출납원은 교육
행정직렬 또는 행정직렬에 속하는 사람 중 최상급자로 한다고 되어 있다.
  또한 「사학기관 재무·회계 규칙」제58조(사무의 인계·인수)에 따르면 
회계관계직원이 바뀐 때에는 인계자(전임자)는 발령일부터 5일 이내에    
그 사무를 인수자(후임자)에게 인계하여야 하고, 인계자는 예금잔액증명서를 첨부 
및 인계할 장부와 증명서류 등의 목록을 각각 3통씩 작성하여 인계인수자가  
각각 연서 날인한 후 각자 1통씩 보관하고 1통은 인계인수보고서에 첨부하여 
법인의 이사장에게 제출해야 하며, 이 경우 학교에 있어서는 학교의 장을 거쳐 
제출해야 한다고 되어 있으며, 
  전북특별자치도교육청(구, 전라북도교육청)에서 시행한 공문(총무과-2650, 
2022. 2. 11.)1)에 따르면 인사발령 등으로 업무의 인계·인수가 필요한 경우 
담당업무에 관한 진행 사항, 관계문서, 회계장부, 기타 자료 등 관련된 사항
에 대하여 반드시 업무인계·인수서를 작성하여 전·후임 상호 확인 후 인
계·인수하고, 업무인계·인수서 작성 후 반드시 K에듀파인-문서관리(전자문서) 
또는 K에듀파인-업무관리-업무인계·인수 시스템에 등록하도록 되어 있다.
 3. 감사결과 확인된 문제점
  그런데도 남원국악예술고등학교는 20**. 8. 31. 분임재무관인(학교장)  
○○○이 퇴직하고 20**. 9. 1.자로 학교장 ⊙⊙⊙이 인사발령으로 회계관계
직원이 교체되었음에도 사무인계 ․ 인수서를 작성하지 않는 등 【표】“회계
관계직원 사무 인계·인수 미실시 내역”과 같이 20**. 9. ∼ 20**. 3. 총 3명
(분임재무관 2명, 출납원 1명)의 회계관계직원 교체에 따른 사무 인계·인수를 실시
하지 않은 사실이 있다. 
1) [안내] 전북특별자치도교육청(구, 전라북도교육청) 소속 공무원 업무의 인계·인수 절차 안내(총무과-2650, 2022. 2. 11.)
- 17 -
【표】회계관계직원 사무 인계·인수 미실시 내역 (생략)
관계기관 의견
  남원국악예술고등학교는 감사 결과를 수용하면서 앞으로 관련 법령을 숙지하여 
회계관계직원 사무 인계·인수를 철저히 수행하겠다는 의견을 제시하였다. 
조치할 사항 
남원국악예술고등학교장은 
① 앞으로 관련 법령과 규정 등에 따라 회계관계직원 사무인계·인수를 
철저히 하여 주시기 바랍니다.
②〔주의〕 관련자에게 ‘주의’ 조치하시기 바랍니다. [주의 1명]
- 18 -
일련번호 남원국악예술고등학교-4
전북특별자치도교육청
주의 요구
제        목   현장체험학습 위탁 계약 개인정보 안전성 확보 조치 미이행
소 관  기 관   남원국악예술고등학교
조 치  기 관   남원국악예술고등학교
내        용
1. 업무개요
  남원국악예술고등학교는 교육과정 운영에 따라 20**∼20**학년도 테마식 
현장체험학습 위탁용역 계약 업무를 추진하였다.
2. 관계법령 및 판단기준  
  「개인정보 보호법」 제26조(업무위탁에 따른 개인정보의 처리 제한) 제4항에 따르면 
위탁자는 업무 위탁으로 인하여 정보주체의 개인정보가 분실ㆍ도난ㆍ유출ㆍ
위조ㆍ변조 또는 훼손되지 아니하도록 수탁자를 교육하고, 처리 현황 점검 
등 수탁자가 개인정보를 안전하게 처리하는지를 감독하여야 한다고 되어 있다.
  또한 전북특별자치도교육청(구, 전라북도교육청)의 “학교정보 업무 매뉴얼”과 
“[중요알림] 학교 알림 서비스 이용 등 개인정보 처리 업무 위탁 시 유의사항
(미래인재과-2135, 2021. 2. 2.)”에 따르면 개인정보가 포함된 업무 위탁 시 
- 19 -
개인정보 안전성 확보를 위하여 개인정보처리위탁 계약서 작성, 계약업체 
개인정보 교육, 위탁 업무 종료 후 개인정보 파기 확인서를 징구 하여야 한다고 
되어 있다. 
3. 감사결과 확인된 문제점  
  그런데도 남원국악예술고등학교는 20**. 7. 12. ○○○○과 ‘20**학년도 
테마식현장체험 위탁 용역 계약’을 체결(계약금액 49,850천원)하면서 학생 및 
교직원 94명의 개인정보(이름, 성별, 생년월일)를 제3자에게 제공하였음에도 
‘개인정보처리 위탁 계약서’를 작성하지 않는 등 【표】“개인정보 안전성 
확보 조치 미이행 내역”과 같이 20**~20**학년도 테마식 현장체험학습 위탁 
용역 총 3건에 대하여 학생·교직원 총 273명(20**학년도 94명, 20**학년도 
98명, 20**학년도 81명)의 개인정보 안전성 확보 조치를 이행하지 않은 사실이 
있다.
【표】개인정보안전성확보조치미이행내역[생략]
관계기관 의견
  남원국악예술고등학교는 감사 결과를 수용하면서 앞으로 관련 법령을 숙지하여  
현장체험학습 계약 시 개인정보 안전성 확보를 철저히 수행하겠다는 의견을 
제시하였다.
조치할 사항 
남원국악예술고등학교장은 
① 앞으로 관련 법령과 규정 등에 따라 현장체험학습 위탁 계약시 개인정보 
안전성 확보를 철저히 하여 주시기 바랍니다.
②〔주의〕 관련자에게 ‘주의’ 조치하시기 바랍니다. [주의 2명]
- 20 -
일련번호 남원국악예술고등학교-5
전북특별자치도교육청
주의 및 시정 요구
제        목   수익자부담경비(기숙사비, 급식비) 면제 부적정
소 관  기 관   남원국악예술고등학교
조 치  기 관   남원국악예술고등학교 외 1개 기관
내        용
 1. 업무개요
  남원국악예술고등학교는 자기주도 학습 환경 조성과 원거리 거주학생의 
통학 편의 제공을 위해 기숙사를 운영하고 기숙사 입소생에게 학교급식
(조․석식)을 제공하고 있다.
 2. 관계법령 및 판단기준
  「학교급식법 시행령」 제2조 제2항에 따르면 급식비 지원자 선정 등에 
관한 사항은 학교운영위원회의 심의를 거쳐 학교의 장이 결정해야 한다고 
되어 있고, 
  전북특별자치도교육청에서 매년 발간하는 「사학기관 예산편성 및 운영지침
(교비회계)」에 따르면 수익자부담 수입은 학교급식비, 기숙사비 등과 같이 
- 21 -
교육과정 운영을 위해 필요한 경우에 학교운영위원회 심의를 거쳐 학부모가 
부담하는 경비로서, 수익자부담경비는 각 사업별로 별도의 계정을 두어 
관리할 수 있다고 되어 있다. 
  또한 남원국악예술고등학교 ‘기숙사 운영 관리 규정’ 제3조 및 제24조 제4호
에 따르면 운영비는 수익자부담을 원칙으로 한다고 되어 있고 “목회자 자녀
는 기숙사비 전액을 면제한다”고 규정한다고 되어 있다.
 3. 감사결과 확인된 문제점
  그런데도 남원국악예술고등학교는 20**. 9. ~ 20**. 12. 기숙사 입소생인 목회자 
자녀 4명의 기숙사비 1,099천원 및 급식비 1,591천원 합계 2,690천원을 면제하는 등 
【표】‘목회자 자녀의 수익자부담경비 면제 내역’과 같이 20**. 9. ~ 20**. 6. 
목회자 자녀 총 39명의 합계 43,590천원(기숙사비 24,577천원, 급식비 19,013천원)의 
수익자부담경비를 부적정하게 면제한 사실이 있다.
【표】 목회자 자녀의 수익자부담경비 면제 내역 [생략]
관계기관 의견 및 검토결과
  남원국악예술고등학교는 감사 결과를 수용하면서 앞으로 관련 법령을   
숙지하여 수익자부담금 업무를 철저히 수행하겠다는 의견을 제시하였다. 
- 22 -
조치할 사항
남원국악예술고등학교장은  
 ① 앞으로 관련 법령과 규정 등에 따라 세입 관리 업무를 철저히 하여 주시기 
바랍니다.
 ②〔시정〕 관련 법령과 규정에 맞게‘기숙사 운영 관리 규정’을 개정  
 하시기 바랍니다.
 ③〔주의〕 관련자에게 ‘주의’ 조치 하시기 바랍니다. [주의 2명]
               
전북특별자치도교육감은  
 ①〔주의〕 관련자에게 ‘주의’ 조치 하시기 바랍니다. [주의 3명]
[붙임] 개인별 기숙사비 및 급식비(조·석식) 면제 내역 (생략)
- 23 -
일련번호 남원국악예술고등학교-6
  
전북특별자치도교육청
경고 및 주의 요구
제        목   세출예산 집행과목 미준수
소 관  기 관   남원국악예술고등학교
조 치  기 관   남원국악예술고등학교 외 1개 기관
내        용
 1. 업무개요
  남원국악예술고등학교는 「사학기관 재무·회계 규칙」및“사학기관 예산
편성 및 운영지침(교비회계)”에 따라 교비회계 예산을 편성하여 집행하고 
있다. 
 2. 관계법령 및 판단기준
  「사학기관 재무·회계 규칙」제15조의 2(예산과목의 구분) 제1항에 따르면 
법인의 업무에 속하는 회계와 학교에 속하는 회계의 예산과목은 [별표 1]
부터 [별표 4]에 따른다고 규정하고 있고, [별표 4]는 학교회계 세출예산 
과목을 명시하고 있다. 
  또한 전북특별자치도교육청의 “사학기관 예산편성 및 운영지침(교비회계)”에 
따르면 세출예산은 예산과목(원가통계비목)별로 적용범위가 구분되어 있는데, 
교육운영비는 학생 교과활동 지원을 위해 소요되는 각종 경비로 교구·기자재 
- 24 -
구입(자산성 물품은 비품구입비 목에 편성) 및 유지보수비, 교육용재료비, 
교육활동 숙박비·식비·차량임차료·교통비, 학생여비, 학교행사비, 학생대회
출전비, 도서관운영비, 상품권구입비, 교육활동 입장료 및 체험비, 학생간식비 등 
경비이며, 
  일반업무추진비는 각급 학교의 운영 및 유관기관과의 업무추진, 직책수행 
등의 직무수행에 소요되는 제반 경비, 학교 교육계획에 의한 주요 행사 및 
각종 교육사업 등 원활한 사업추진을 위해 소요되는 경비로 교직원 간담회, 
교직원 협의회, 학교운영위원회 운영, 학부모회 운영, 유관기관(단체)와의 
업무추진, 교직원 사기진작을 위한 경비, 소속 상근직원의 축의·부의금품, 
기타 학교운영에 필요한 경비로 되어 있다.
 
 3. 감사결과 확인된 문제점
  그런데도 남원국악예술고등학교는 20**. 12. 17. “2021 고교학점제 한걸음 
활동 교육과정지도 이수 지도팀 부서별 협의회비 연구부 식비 지출”건 
72,000원을 일반업무추진비로 집행하지 아니하고 교육운영비로 집행하는 등 
【표】“세출예산 집행과목 미준수 내역”과 같이 20**~20**회계연도 총 32건 
(20**회계연도 10건, 20**회계연도 10건, 20**회계연도 6건, 20**회계연도 6건), 
합계 3,592,500원의 집행 과목을 준수하지 않은 사실이 있다.
【표】세출예산 집행과목 미준수 내역 [생략]
- 25 -
관계기관 의견 및 검토결과
  남원국악예술고등학교는 감사 결과를 수용하면서 앞으로 관련 법령을   
숙지하여 세출예산 집행 업무를 철저히 수행하겠다는 의견을 제시하였다. 
조치할 사항
남원국악예술고등학교장은  
 ① 앞으로 관련 법령과 규정 등에 따라 학교회계 세출 집행 업무를 철저히 
하여 주시기 바랍니다.
 ②〔경고〕 관련자에게 ‘경고’ 조치하시기 바랍니다. [경고 5명]
 ③〔주의〕 관련자에게 ‘주의’ 조치하시기 바랍니다. [주의 6명]
             
전북특별자치도교육감은  
 ①〔경고〕 관련자에게 ‘경고’ 조치하시기 바랍니다. [경고 2명]
- 26 -
일련번호 남원국악예술고등학교-7
전북특별자치도교육청
주의 요구
제        목   학교발전기금 관리·운용 부적정
소 관  기 관   남원국악예술고등학교
조 치  기 관   남원국악예술고등학교 
내        용
 1. 업무개요
  남원국악예술고등학교는「초·중등교육법」에 따라 학교발전기금회계를 
설치하고 「학교발전기금의 조성·운용 및 회계관리 요령」에 따라 학교
발전기금을 관리·운용하고 있다.
 2. 관계법령 및 판단기준
  전북특별자치도교육청의 “학교발전기금의 조성·운용 및 회계관리 요령”에 
따르면 학교발전기금 운용계획은 회계연도 개시 전에 예·결산소위원회의 
사전 검토를 거쳐 학교운영위원회 심의·의결로 확정하고, 발전기금 운용계획에 
변동사항이 발생하거나 변동이 예상되는 경우 예·결산소위원회 사전 검토 후 
학교운영위원회의 심의·의결을 거쳐 운용계획을 변경하여야 한다고 되어 
있다. 
- 27 -
  그리고 발전기금 조성·운용 및 계획서는 심의·의결 후 10일 이내에, 
발전기금 접수 및 집행내역(집행일자, 세부내역, 금액) 등 해당 발전기금 조
성·운용 전반에 관한 사항은 분기별 종료 후 1개월 이내에 학교 홈페이지 
등을 통하여 공개하고, 발전기금 결산서는 회계연도 종료 후 3개월 이내에 
관할청 보고 및 공개하도록 되어 있다.
  또한 학교발전기금회계출납명령기관(학교운영위원장) 교체 후 14일 이내
예금잔액증명서를 첨부한 현금 및 예금현재액조서와 인계인수목록에 인계인수 
연월일과“인계인수를 필하였음”을 기재한 후 인계인수자 및 입회자가 
서명·날인하여 인계·인수하도록 되어 있으며,
  학교발전기금을 학교회계로 전출하고자 할 경우 학교회계로 전출할 사업과 
금액을 지정하여 학교운영위원회의 심의·의결을 거쳐 학교회계로 전출하여야 
하고 학교회계로 전출한 발전기금은 집행완료 후 차기 학교운영위원회에 세부 
집행내역을 서면으로 보고하여야 한다고 되어 있다.
 
 3. 감사결과 확인된 문제점
  그런데도 남원국악예술고등학교는 20**회계연도 학교발전기금 조성·운용계획
(변경 포함)을 수립하지 않았고, 접수·집행내역 및 결산서를 공개하지 않는 등 
【표1】“학교발전기금 관리 부적정 내역”과 같이 20**~20**회계연도 학교
발전기금을 부적정하게 관리한 사실이 있고, 
【표1】학교발전기금관리부적정내역
 (단위: 원)
 
회계
연도
조성·
운용계획
심의
조성·
운용계획
공개
당초
계획금액
실제
접수금액
변경운용
계획수립
변경운용
계획심의
접수및
집행내역
공개
결산서
공개
20** ○ × 41,510,640 35,423,237 × × × ×
20** ○ × 52,223,237 44,532,380 × × × ×
20** ○ ○ 51,400,000 47,746,812 × × ○ ×
20** ○ × 58,000,000 56,243,033 × × × ×
20** ○ × 60,000,000 - - - ○ -
- 28 -
  또한 20**. 4. 1. 학교발전기금회계출납명령기관인 학교운영위원회위원장이 
임기만료로 교체되었음에도 학교발전기금회계 사무의 인계·인수를 이행하지 
않은 사실이 있다.
 ※ 학교발전기금회계 사무의 인계·인수 미실시 내역 [생략]
 
  아울러, 20**. 6. 27 “차량경비지급”건으로 1,400,000원을 학교회계로 전출하면서 
전출계획과 집행내역을 학교운영위원회의 심의·의결을 받지 않는 등 【표2】 
“학교발전기금 학교회계 전출금 미심의 내역”과 같이 20**. 6. ~ 20**. 6. 
총 3건, 합계 2,233,600원을 학교회계로 전출하면서 학교운영위원회의 심의·의결을 
받지 않았고, 집행 완료 후에도 차기 학교운영위원회에 세부 집행 내역을 서면
으로 보고하지 않은 사실이 있다.
 【표2】 학교발전기금 학교회계 전출금 미심의 내역
관계기관 의견 및 검토결과
  남원국악예술고등학교는 감사 결과를 수용하면서 앞으로 관련 법령을 숙
지하여 발전기금 업무를 철저히 수행하겠다는 의견을 제시하였다.
(단위: 원)
순 회계
연도 일자 건명 전출액
학교운영위원회
심의‧
의결
여부
집행내역
보고여부
1 20** 20**.6.27. 차량경비지급 1,400,000 × ×
2 20** 20**.5.8. 조석식비지원금 533,600 × ×
3 20** 20**.6.9. 장학금지급 300,000 × ×
합 계 2,233,600
- 29 -
조치할 사항
남원국악예술고등학교장은  
 ① 앞으로 관련 법령과 규정 등에 따라 발전기금 업무를 철저히 하여 주시기 
바랍니다.
 ②〔주의〕 관련자에게 ‘주의’ 조치하시기 바랍니다. [주의 3명]
- 30 -
일련번호 남원국악예술고등학교-8
전북특별자치도교육청
주의 및 시정 요구
제        목   물품 비품대장 미등재
소 관  기 관   남원국악예술고등학교
조 치  기 관   남원국악예술고등학교 
내        용
 1. 업무개요
  남원국악예술고등학교는 기관 운영 및 환경개선 등을 위한 비품구입비를 
예산에 반영하고 「사학기관 재무·회계 규칙」에 따라 물품을 관리하고 있다.
 2. 관계법령 및 판단기준
  「사학기관 재무ㆍ회계 규칙」제47조(물품의 범위)에 따르면 비품은 품질
이나 형상의 변동없이 비교적 장기간 사용할 수 있는 물품을 의미하며, 같
은 규칙 제54조(각종서식)에 따르면 이 규칙에서 정하는 법인과 학교의 각
종 장부와 서류는 별지 제1호서식부터 별지 제49호의2서식까지에 따른다고 
되어 있고, [별지 제38호서식]에 비품대장을 명시하고 있다.
- 31 -
 3. 감사결과 확인된 문제점
  그런데도 남원국악예술고등학교는 20**. 3. 29. 취득한 해금(3개, 1,350,000원)을 
비품대장에 등재하지 않는 등 【표】“비품대장 미등재 내역”과 같이 
20**회계연도 총 40건, 합계 39,622,580원의 물품을 비품대장에 등재하지 
않은 사실이 있다.
【표】비품대장미등재내역[생략] 
관계기관 의견 및 검토결과
  남원국악예술고등학교는 감사결과를 수용하면서 앞으로 관련 법령을 숙지
하여 물품관리를 철저히 수행하겠다는 의견을 제시하였다. 
조치할 사항
남원국악예술고등학교장은  
 ① 앞으로 관련 법령과 규정 등에 따라 물품 관리 업무를 철저히 하여 주시기 
바랍니다.
 ②〔시정〕 미등재된 비품 40건을 즉시 비품대장에 등재하시기 바랍니다.
 ③〔주의〕 관련자에게 ‘주의’ 조치하시기 바랍니다. [주의 2명]
- 32 -
일련번호 남원국악예술고등학교-9
전북특별자치도교육청
주의 및 시정 요구
제        목   시간외근무수당 지급 부적정
소 관  기 관   남원국악예술고등학교
조 치  기 관   남원국악예술고등학교 
내        용
 1. 업무개요
  남원국악예술고등학교는 「공무원 보수 규정」 및 「공무원 보수 등의 업무
지침」 등 관련 법령과 지침에 따라 인건비를 지급하고 있다.
 2. 관계법령 및 판단기준
  「공무원보수 등의 업무지침」따르면 시간외근무수당은 시간외근무명령에 
따라 규정된 근무시간 외에 근무한 공무원에게 지급하고 근무당일 지각이나 
외출 또는 반일연가를 사용한 공무원이 시간외 근무명령을 받고 초과근무를 
한 경우에는 시간외근무를 인정하며, 그 계산방법은 평일 정규 근무시간 이후 
시간외근무 계산과 동일하다고 되어 있으며,
  행정안전부 유권해석에 따르면 지각, 오전 반일연가, 오전 공가, 오전 병지각의 경우 
정규 출근시간 이전의 시간외근무명령이 불가하고, 오후 반일연가, 오후 공가, 오후 
조퇴의 경우 정규 퇴근시간 이후의 시간외근무 명령이 불가하다고 되어 있다. 
- 33 -
  또한 「교육공무원법」제41조(연수기관 및 근무장소 외에서의 연수)에 따르면 
교원은 수업에 지장을 주지 아니하는 범위에서 소속 기관의 장의 승인을 
받아 연수기관이나 근무장소 외의 시설 또는 장소에서 연수를 받을 수 있다고 
되어 있으며 출근(근무)대신 연수, 교육, 훈련 등의 활동을 하는 것으로 
출근으로 간주되지 않으며, 근무시간에도 포함되지 않는다고 되어 있다. 
  그리고 「공무원보수 등의 업무지침」에 따르면 국외출장의 경우 시간외 
근무수당, 야간근무수당 및 휴일근무수당을 제외(다만, 시간외근무수당의 정액
지급분은 인정)한 수당 등을 전액 지급한다고 되어 있으며, 전북특별자치도
교육청의“20**학년도 현장체험학습 길라잡이”에도 국외출장은 초과근무
수당을 지급할 수 없다고 명시하고 있다.
 3. 감사결과 확인된 문제점
  그런데도 남원국악예술고등학교는 ◎◎ ○○○이 20**. 10. 5. 오후 조퇴를 
하였으나 조퇴 사용일에 1시간(16:40~18:40)의 초과근무를 인정하고 시간외
근무수당은 3시간으로 산정하여 40,530원을 과다 지급하는 등 【표1】“시간외
근무수당 과다 지급 내역”과 같이 교직원 18명에게 총 44시간 합계 548,990원의 
시간외근무수당을 과다 지급한 사실이 있다. 
  또한 ◈◈ ◎◎◎ 외 7명이 20**. 5. 21. ~ 5. 25. 해외문화 예술교류활동
(수학여행) 학생 인솔 및 지도로 국외 출장(일본)을 갔으나 도착일에 4시간의 
초과근무를 인정하고 시간외근무수당 61,160원을 지급하는 등 【표2】“국외
출장 시간외근무수당 과다 지급 내역”과 같이 교직원 20명에게 총 120시간 
합계 1,634,470원의 시간외근무수당을 과다 지급한 사실이 있다. 
- 34 -
【표1】 시간외근무수당 과다 지급 내역 [생략]
 【표2】 국외출장 시간외근무수당 과다 지급 내역 [생략]
관계기관 의견 및 검토결과
  남원국악예술고등학교는 감사결과를 수용하면서 앞으로 관련 법령을 숙지하여 
시간외근무수당 지급 관련 업무를 철저히 수행하겠다는 의견을 제시하였다.
조치할 사항
남원국악예술고등학교장은  
 ① 앞으로 관련 법령과 규정 등에 따라 교직원 시간외근무수당 지급 업무를 
철저히 하여 주시기 바랍니다.
 ②〔시정〕 과다 지급한 시간외근무수당 2,183,460원을 관련자로부터 ‘회수’하여 
교비회계에 세입 조치하시기 바랍니다.
 ③〔주의〕 관련자에게 ‘주의’ 조치 하시기 바랍니다. [주의 4명]
- 35 -
일련번호 남원국악예술고등학교-10
전북특별자치도교육청
주의 및 시정 요구
제        목    시설공사 감독 및 준공정산 부적정
소 관  기 관     남원국악예술고등학교
조 치  기 관     남원국악예술고등학교
내        용
1. 업무개요
  남원국악예술고등학교는 학생들에게 쾌적하고 안전한 교육환경을 제공
하기 위해 교육환경 개선공사를 집행하였다.
2. 관계법령 및 판단기준  
  「지방자치단체를 당사자로 하는 계약에 관한 법률」 제16조(감독) 및 제17조
(검사)에 따르면 계약담당자는 공사·물품·용역 등의 계약을 체결한 경우에 
그 계약을 적절하게 이행하도록 하기 위하여 필요하다고 인정하면 계약서·
설계서 및 그 밖의 관계 서류에 따라 감독하거나 소속 공무원 등에게 그 
사무를 위임하여 감독하게 하여야 하며, 
  계약상대자가 계약의 전부 또는 일부의 이행을 끝내면 이를 확인하기 위하여 
계약서·설계서 및 그 밖의 관계 서류에 따라 이를 검사하거나 소속 공무원 
등에게 위임하여 검사하게 하여야 한다고 되어 있으며,
- 36 -
  「지방자치단체를 당사자로 하는 계약에 관한 법률 시행령」 제64조(검사) 
제5항에 따르면 검사를 함에 있어서 계약상대자의 계약이행 내용의 전부 또는 
일부가 계약에 위반되거나 부당함을 발견하였을 때에는 지체없이 필요한 시정
조치를 명하여야 한다고 되어 있다.
  또한 「산업안전보건법」 제72조(건설공사 등의 산업안전보건관리비 계상 등) 
제1항에 따르면 건설공사발주자가 도급계약을 체결하거나 건설공사의 시공을 
주도하여 총괄ㆍ관리하는 자(건설공사발주자로부터 건설공사를 최초로 도급
받은 수급인은 제외한다)가 건설공사 사업 계획을 수립할 때에는 고용노동부
장관이 정하여 고시하는 바에 따라 산업재해 예방을 위하여 사용하는 비용
(이하 “산업안전보건관리비”라 한다)을 도급금액 또는 사업비에 계상(計上)
하여야 한다고 되어 있고, 
  「건설업 산업안전보건관리비 계상 및 사용기준」제8조(사용금액의 감액ㆍ
반환 등)에 따르면 발주자는 도급인이 다른 목적으로 사용하거나 사용하지 
않은 안전보건관리비에 대하여 이를 계약금액에서 감액 조정하거나 반환을 
요구할 수 있다고 되어 있다.
3. 감사결과 확인된 문제점 
  그런데도 남원국악예술고등학교는 20**. 10. 15. ○○○○건설(주)과 계약한
‘20**학년도 생태체험학습장 조성공사(계약일 20**.8.16., 계약금액 38,593천원)’를 
준공 처리하면서, 원가계산서에 계상된 산업안전보건관리비 649,000원 중 
238,000원만 근로자 안전화 등의 적정한 용도로 사용하였음에도, 감액 조정
하지 않고 411,000원을 과다 지급하는 등 【표1】“공사비 과다 지급 내역”과 같이 
20**~20**회계연도 총 3건(20**회계연도 1건, 20**회계연도 1건, 20**회계연도 
1건)에 대해 공사비 합계 3,286,000원을 과다 지급한 사실이 있다.
- 37 -
【표1】 공사비 과다 지급 내역
 (단위: 천원)
공사명 계약금액 계약자 계약
일자
준공
일자
공사비지급내역
부적정
내역실제
지급액
(A)
정당
지급액
(B)
과다
지급액
(C=A-B)
20**학년도
생태체험학습장
조성공사
38,593 ○○○○건설
(주)♧♧♧
20**.
8.16.
20**.
10.15. 649 238 411
산업안전
보건관리비
미정산
멀티미디어실습실
실내건축공사 28,200 ◎◎◎◎
♤♤♤
20**.
12.21.
20**.
1.19. 1,775 0 1,775
인테리어필름
노무비중복
계상
영상실습실
인테리어공사 18,601◈◈◈◈◈◈
♧♧♧
20**.
2.13.
20**.
2.21. 1,100 0 1,100 폐기물처리비
미정산
합계 85,394 3,524 238 3,286
【표1-1】 공사비 과다 지급 원가계산서
                    
▷공사명: 20**학년도 생태체험학습장 조성공사                     (단위: 원)
 구 분
 비목 요율(%) 실제지급액
(A)
정당지급액
(B)
과다지급액
(C=A-B)
경
비 산업안전보건관리비 (재료비+직노)*2.93% 568,000 208,500 359,500
계 　 568,000 208,500 359,500
일반관 리비 (재+노+경)*1% 5,680 2,085 3,595
이 윤 (노+경+일)*2.98% 17,095 6,275 10,820
공 급 가 액 　 590,775 216,860 373,915
부가가 치세 (총원가)*10% 59,077 21,686 37,391
총계 649,852 238,546 411,306
총 계(계수정리) 649,000 238,000 411,000
※ 미정산 내역: 산업안전보건관리비
- 38 -
【표1-2】 공사비 과다 지급 원가계산서
▷공사명: 멀티미디어 실습실 실내건축공사                         (단위: 원)
 구 분
 비목 요율(%) 실제지급액
(A)
정당지급액
(B)
과다지급액
(C=A-B)
순
공
사
원
가
재
료
비
직접재료비 　
간접재료비 　
소계 　
노
무
비
직접노무비 　 1,221,360 1,221,360
간접노무비 직.노*12.2% 149,005 149,005
소계 　 1,370,365 1,370,365
경
비
기계경비 　
산재보험료 (노)*3.7% 50,703 50,703
고용보험료 (노)*1.01% 13,840 13,840
기타경비 (재+노)*5.7% 78,110 78,110
소계 　 142,653 142,653
계 　 1,513,018 1,513,018
일반관 리비 (재+노+경)*2.5% 37,825 37,825
이 윤 (노+경+일)*4.107% 63,693 63,693
공 급 가 액 　 1,614,536 1,614,536
부가가 치세 (총원가)*10% 161,453 161,453
총 계(계수정리) 1,775,000 0 1,775,000
※ 과다계상 내역: 인테리어필름 노무비 중복 계상(1,221,360원)
【표1-3】 공사비 과다 지급 원가계산서
▷공사명: 영상실습실 인테리어 공사                               (단위: 원)
 구 분
 비목 요율(%) 실제지급액
(A)
정당지급액
(B)
과다지급액
(C=A-B)
경비 폐기물처리비 1,000,000 1,000,000
계 　 1,000,000 1,000,000
일반관 리비 (재+노+경)*%
이 윤 (노+경+일)*%
공 급 가 액 　 1,000,000 1,000,000
부가가 치세 (총원가)*10% 100,000 100,000
총 계(계수정리) 1,100,000 0 1,100,000
※ 미정산 내역: 폐기물처리비
- 39 -
관계기관 의견
  남원국악예술고등학교는 감사 결과를 수용하면서 앞으로 관련 법령을 숙지하여 
공사감독 및 준공검사를 철저히 하겠다는 의견을 제시하였다.
조치할 사항 
남원국악예술고등학교장은 
① 앞으로 관련 법령과 규정 등에 따라 시설공사 감독 및 준공정산 업무를 
철저히 하여 주시기 바랍니다.
②〔시정〕 과다 지급된 공사비 3,286,000원을 관련 업체 [○○○○건설(주) 
(411,000원), ◎◎◎◎(1,775,000원), ◈◈◈◈◈◈(1,100,000원)]로부터
‘회수’하여 교비회계에 세입 조치하시기 바랍니다.
③〔주의〕 관련자에게 ‘주의’ 조치하시기 바랍니다. [주의 3명]"
2.백운초감사결과.pdf,PDF,"1  백운초등학교 종합감사결과 및 처분내용
 감사개요
❍ 감사기간: 2025. 4. 28. ~ 4. 30.(3일간)
❍ 감사인원: 총 4명
 감사결과 지적사항
1. 분야별 지적건수
학교명 유형별 학사․평가 예산·회계계약·시설·물품 복무 인건비․기타 계
백운초
지적사항 1 1 · 1 1 4
현지시정 1 1 · · · 2
합계 2 2 0 1 1 6
2. 지적사항 총괄 
기관명
신분상(명) 행정상(건)
재정상
조치징계 경고 주의 계 기관
경고 시정 통보 개선 계
백운초 · · 5
(4건)
5
(4건) · · · · · ž 회수(1건) 250,160 원
 ※ ( )안은 신분상 조치 대상자에 대한 지적 건수 총 합계임.
3. 세부 지적내용 및 처분
지적건명 지적내용 처분
 m  백운초등학교
【학사·평가】
1. 학생 출결관리 
소홀
❍ 학생의 출석인정 결석 시 관련된 출결사항 
증빙자료와 NEIS의 출결관리 상황이 일치
하도록 하여야 함에도, 학생 ◈◈◈ 외 1명의 
2023~2024학년도 출결사항 증빙자료와 NEIS 
시스템에 입력된 출결 정보 2건이 불일치 하였음
【학교생활기록 작성 및 관리지침(교육부 훈령)】
❍ 주의(1명)
【예산·회계】
2. 지출원인행위 
학교장 미결재
❍ 2022~2023학년도‘2023년 3월 학교급식 식재료
(김치류) 구매’외 61건(56,125천원)의 학교회계 
지출원인행위에 대하여 학교장의 휴가·출장 
등 사고로 인하여 그  직 무 를  수 행 할  수  없 는  경 우 가 
아 님 에 도  담 당  주 무 관 의  전 결 로  지 출 원 인 행 위 를  하 였 음
【전북특별자치도 공립학교 회계규칙 제35조】
❍ 주의(1명)
【복무】
3. 복무관리 부적정 ❍ ◉◉◉은  2022~2023년도에  건강검진 사유로 공가를 
사용하고도 실제 건강검진은 다른 날짜에 받는 
등 공가를 2회 부적정하게 사용하였고, 병가를 6일 
초과하여 사용하였음에도 진단서를 첨부하지 않아 
연가보상비 총 250,160원을 과다 지급 받았음
【지방공무원 복무규정 제7조의5, 같은법 7조의6】
【지방공무원 복무에 관한 예규 】
❍ 주의(1명) 및 
시정
(250,160원 회수)
  
【인건비·기타】
4. 학교발전기금회계  
업무처리 소홀
❍ 백운초등학교는 2022~2023회계연도 총 21건의 
발전기금 접수 및 집행내역을 공개하지 않았고, 
2024. 4. 1. 학 교 발전 기 금회 계  출 납명 령 기관 인 학교운영
위원장 교체 시 학교발전기금 회 계 사 무 에  대 한 인계·
인수서를 작성하지 않았음. 또한 2022~2024회계연도 
총 26건의 학교발전기금 기탁서를 접수하지 않고, 
운영계획서 변경 및 접수대장 관리를 소홀히 하였음
【전북특별자치도교육청(구, 전라북도교육청)의 
“학교발전기금의 조성․운용 및 회계관리요령】
❍ 주의(2명)
4. 현지 조치사항
지적건명 지적내용 처분
 m 백운초등학교
1. 업무추진비 
집행소홀
❍ 2023회계연도에 학교장 대상 경조사비 50,000원을 집행
하였음
【학교회계 예산편성 및 운영지침(전북특별자치도교육청)】
❍ 시정 및 회수
- 향 후  업 무 추 진 비  집 행  철 저 
및  잘 못  지 급 된  금 액  회 수 
후  증 빙 자 료  제 출
(50,000원 회수)
2. 학업성적관리위원회  
운영 절차 미준수
❍ 2022학년도 학생평가계획을 학교 학업성적관리위원회의 
심의를 거치지 않고 학교장 승인만으로 운영하였으며, 
2024년도 2학기에는 학업성적위원회 심의일 이전에 
내부결재를 통해 학생평가 계획을 확정·운영하였음
【학교생활기록 작성 및 관리지침(교육부훈령)】
❍ 시정
- 항 후  학 업 성 적 관 리 위 원 회 의 
사 전 심 의 를  철 저 히  준 수"
2.종합감사결과공개자료(탑재용)우석고1부.pdf,PDF,"우석고등학교 종합감사 결과 공개
2025. 12.
 (감 사 관)
우석고등학교 종합감사 결과 공개
 감사결과의 공개는 국민의 알권리 충족과 기관 운영의 투명성을 강화하기 위한 
공익적 조치입니다. 따라서 감사결과 실명이 공개된 모든 기관이 비리에 연관되어 
있는 것은 아님을 알려드립니다. 
□ 감사 개요
○ 감사 기간: 2025. 9. 16.∼9. 18.(3일)
○ 감사 인원: 6명 
○ 감사 범위
 - 교무·학사 2022.3.1.~2025.9.15.(2022. 3. 1. 이후 교 무·학 사 감사  미실시)
 - 행정·회계 2022.7.19.~2025.9.15.(지난번  감사 이 후부터  금번 감 사 전일  까지)
□ 감사 결과
 ○ 총괄
신분상(명) 행정상(건) 재정상
조치징계 경고 주의 계 기관
주의 시정 통보 개선 계
·
(0건)
·
(0건)
25
(12건)
25
(12건) · 2 · · 2 ž 회수(4건)  3,624,800원
 ※ ( )안은 신분상 조치 대상자에 대한 지적 건수 총 합계로 중복 건수 존재
○ 분야별 지적건수
 
유형별 교 무·학 사 인 사 예 산·회 계 복 무·인 건 비시설 계
지적사항 5 1 1 2 3 12
○ 지적사항(총 12건)
연번 분야별 지적건명 처분
 ❍ 우석고등학교
1 교무․학사 평가 관련 사안 미보고  ▪ 시정
 ▪ 주의(2명)
2 교무․학사 학 교 생 활 기 록 부  ‘행 동 특 성  및  종 합 의 견’  중 복  기 재 ▪ 주의(3명)
3 교무․학사 교육활동 침해행위 예방교육 미실시  ▪ 주의(3명)
4 교무․학사 학생선수 기숙사 운영 부적정  ▪ 주의(2명)
5 교무․학사 방과후학교 개인위탁 외부강사 선정 절차 등 부적정 ▪ 주의(2명)
6 인사 학교운동부지도자 채용 시 징계 이력 등 미확인 ▪ 주의(2명)
7 예산·회계 계약 관련 개인정보 안전성 확보 조치 미이행 ▪ 주의(2명)
8 복무·인건비 인건비(교원연구비) 지급 부적정
 ▪ 시정(회수) 
    252,000원 
 ▪ 주의(1명)
9 복무·인건비 복무(연가) 사용 부적정
 ▪ 시정(회수) 
    608,450원 
 ▪ 주의(1명)
10 시설 시설공사 설계변경 부적정
 ▪ 시정(회수) 
    1,924,350원 
 ▪ 주의(2명)
11  시설 시설공사 설계용역비 산출 부적정
 ▪ 시정(회수) 
    840,000원 
 ▪ 주의(2명)
12  시설 시설공사 하자관리 부적정  ▪ 시정 
 ▪ 주의(3명)
- 4 -
일련번호 우석고등학교-1 
전북특별자치도교육청
시정·주의요구
제        목 평가 관련 사안 미보고
소 관  기 관 우석고등학교
조 치  기 관 우석고등학교
내        용
1. 업무 개요
    우석고등학교는 전북특별자치도교육청의 “고등학교 학업성적관리 시행지침 및 
관리방안”과 “우석고등학교 학업성적관리규정”에 따라 학생 평가 업무를 처리하고 
있다. 
2. 관계법령 및 판단기준
    전북특별자치도교육청의 “고등학교 학업성적관리 시행지침 및 관리방안”과 
“우석고등학교 학업성적관리규정” [붙임 14] 재시험 처리에 따르면 정답이 없거나 
모두 정답인 경우 또는 내·외적으로 민원이 발생하여 문항에 대한 타당도와 신뢰도가 
떨어진 경우 재시험을 치르도록 되어 있으며, 재시험을 위해 출제 오류 내용 분석 및 
교과협의회를 개최하고 학업성적관리위원회를 통한 대책 수립 및 학교장 결재 후 
재시험 일정 등을 학생 및 학부모에게 안내하도록 되어 있다.
- 5 -
    또한 재시험 실시 후 채점, 검토, 성적 처리 후에는 재발 방지를 위해 전 교원 대상 
연수를 실시하고, 사안 보고 절차에 따라 전자문서를 통하여 도교육청 평가담당 
부서에 재시험 사안을 보고하도록 되어 있다.
3. 감사결과 확인된 문제점  
    그런데도 우석고등학교는 20**학년도 2학년 2학기 1차고사 ◈◈◈◈Ⅰ 교과 
객관식 3번 문항의 오류 발생으로 재시험을 실시했음에도 도교육청 평가담당 부서
(중등교육과)에 재시험 사안 보고를 하지 않는 등 [표]와 같이 20**학년도 2학기 
1차고사 및 2차고사의 총 3개 교과에서 5개 문항의 재시험을 실시하고도 도교육청 
평가담당 부서(중등교육과)에 재시험 사안보고를 하지 않은 사실이 있다.
[표] 평가 관련 사안 미보고 현황(20**) [생략]
    그 결과 학업성적 관리의 투명성·공정성과 평가 관리의 신뢰성을 확보하지 못하였다. 
- 6 -
관계기관 의견     우석고등학교는 감사 결과를 받아들이면서 앞으로 관련 법령을 
준수하여 평가 관련 사안 처리 업무를 철저히 수행하겠다는 의견을 제시하였다. 
조치할 사항     우석고등학교장은 
① 20**학년도 정기고사에서 실시한 5개 문항에 대한 재시험 사안을 도교육청
중등교육과에 보고하고(시정)
② 앞으로 관련 법령과 규정 등에 따라 평가 관련 사안 처리 업무를 철저히 하며
③ 관련자에게 주의를 촉구하시기 바랍니다.(주의 2명)
- 7 -
일련번호 우석고등학교-2 
전북특별자치도교육청
주  의  요  구
제        목 학교생활기록부 ‘행동특성 및 종합의견’ 중복 기재
소 관  기 관 우석고등학교
조 치  기 관 우석고등학교
내        용
1. 업무 개요
    우석고등학교는 교육부의 “학교생활기록 작성 및 관리지침”과 “학교생활
기록부 기재 요령”에 따라 학생을 관찰하여 누가 기록된 행동특성을 바탕으로 학생을 
총체적으로 이해할 수 있는 종합의견을 교육정보시스템(NEIS) ‘행동특성 및 종합의견’에 
전산으로 입력하여 관리하고 있다.
2. 관계법령 및 판단기준
    「초·중등교육법」 제25조(학교생활기록)에 따르면 학교의 장은 학생의 학업
성취도와 인성(人性) 등을 종합적으로 관찰·평가하여 학생 지도 및 상급학교의 학생 
선발에 활용할 수 있도록 하기 위하여 교육부령으로 정하는 기준에 따라 학교생활
기록을 작성·관리하여야 한다고 되어 있고, 
- 8 -
    교육부의 “학교생활기록 작성 및 관리지침” 제16조(행동특성 및 종합의견)에
따르면 학생을 수시로 관찰하여 누가 기록된 행동특성을 바탕으로 총체적으로 학생을 
이해할 수 있는 종합의견을 담임교사가 문장으로 입력한다고 되어 있으며, 제4조
(처리요령)에 따르면 학교생활기록부 작성에 필요한 보조부는 각 학교의 실정에 
맞게 계획을 수립하여 전산입력·관리하도록 되어 있다. 
    또한 교육부의 “20**~20** 학교생활기록부 기재요령” 학교생활기록부 작성 시 
유의사항에 따르면 학교생활기록부에는 학교교육계획이나 학교교육과정에 따라 
실시한 각종 교육활동의 이수상황(활동내용에 따른 개별적 특성이 드러나는 사항 중심)을 
기재하는 것이 원칙이라고 되어 있다. 
3. 감사결과 확인된 문제점  
    그런데도 우석고등학교 교사 ○○○은 20**학년도 ⊙학년 ⊙반 학생 ◇◇◇와 
♧♧♧의 학교생활기록부 ‘행동특성 및 종합의견’ 항목에서 100% 동일한 내용을 
중복 기재하는 등 [표] 및 [별표] “학교생활기록부 ‘행동특성 및 종합의견’ 중복 
기재 상세 현황(20**, 20**학년도)”과 같이 20**학년도 및 20**학년도 교사 3명이 
총 14명의 학생에게 학교생활기록부 ‘행동특성 및 종합의견’을 중복 기재한 사실이 있다.
[표] 학교생활기록부 ‘행동특성 및 종합의견’ 중복 기재 현황(20**, 20**학년도) [생략]
    그 결과 학교생활기록부 내용에 대한 객관성과 신뢰성이 저하되었다. 
관계기관 의견     우석고등학교는 감사 결과를 받아들이면서 앞으로 관련 법령을 
준수하여 학교생활기록부 ‘행동특성 및 종합의견’ 기재 업무를 철저히 수행하겠다는 
의견을 제시하였다. 
- 9 -
조치할 사항     우석고등학교장은 
① 앞으로 관련 법령과 규정 등에 따라 ‘학교생활기록부 행동특성 및 종합의견’ 
기재 업무를 철저히 하며
② 관련자에게 주의를 촉구하시기 바랍니다.(주의 3명)
[별표] 
학교생활기록부 ‘행동특성 및 종합의견’ 중복 기재 상세 현황(20**, 20**학년도) [생략]
- 10 -
일련번호 우석고등학교-3 
전북특별자치도교육청
주  의  요  구
제        목 교육활동 침해행위 예방교육 미실시
소 관  기 관 우석고등학교
조 치  기 관 우석고등학교
내        용
1. 업무 개요
    우석고등학교는 「교원의 지위 향상 및 교육활동 보호를 위한 특별법」 및 
“전북특별자치도교육청 교권침해로부터 안전한 교육활동 보호 조례”등의 관계 
법령에 따라 교육활동 보호에 관한 업무를 처리하고 있다.
2. 관계법령 및 판단기준
    「교원의 지위 향상 및 교육활동 보호를 위한 특별법」 제24조(교육활동 
침해행위 예방교육) 제1항에 따르면 고등학교 이하 각급학교의 장은 교직원·학생·
학생의 보호자를 대상으로 교육활동 침해행위 예방교육을 매년 1회 이상 실시하여야 
한다고 되어 있고, 
- 11 -
    같은 법 시행령 제21조(교육활동 침해행위 예방교육)에 따르면 교육활동   
침해행위 예방교육에는 교육활동 침해행위에 관한 법령의 내용과 유형 및 사례, 
발생 시 대응 요령 등을 포함하도록 되어 있다. 
    또한 전북특별자치도교육청(구, 전라북도교육청)의 「전북특별자치도교육청 
교권침해로부터 안전한 교육활동 보호 조례」 제15조(교육활동침해 예방교육) 제2항에 
따르면 교육감은 교직원과 학생, 보호자를 대상으로 교육권의 조화로운 실현을 도모
하기 위한 적절한 교육을 매년 1회 이상 실시 하여야 한다고 되어 있고, 전북특별
자치도교육청(구, 전라북도교육청)에서는 교원의 교육활동 보호와 인권우호적인 
학교문화 조성을 위해 교육활동 침해행위 예방교육에 대한 사항을 매년 공문으로 
안내하고 교육활동 침해 현황에 대한 실태조사를 실시하고 있다.
3. 감사결과 확인된 문제점  
    그런데도 우석고등학교는 20**학년도 학생·학생의 보호자·교직원을 대상으로 
교육활동 침해행위 예방교육을 실시하지 않는 등 [표]와 같이 20**~20**학년도 
교육활동 침해행위 예방교육을  학생·학생의 보호자·교직원을 대상으로 실시하지 
않은 사실이 있다.
[표] 교육활동 침해행위 예방교육 미실시 현황(20**~20**) [생략]
    그 결과 교권 약화, 학습권 침해, 학교 내 갈등 증가 등 위험을 초래하였다.
- 12 -
관계기관 의견     우석고등학교는 감사 결과를 받아들이면서 앞으로 관련 법령을 
준수하여 교육활동 침해행위 예방교육을 철저히 수행하겠다는 의견을 제시하였다. 
조치할 사항     우석고등학교장은 
① 앞으로 관련 법령과 규정 등에 따라 교육활동 침해행위 예방교육 업무를 
철저히 하며
② 관련자에게 주의를 촉구하시기 바랍니다.(주의 3명)
- 13 -
일련번호 우석고등학교-4 
전북특별자치도교육청
주  의  요  구
제        목 학생선수 기숙사 운영 부적정
소 관  기 관 우석고등학교
조 치  기 관 우석고등학교 
내        용
1. 업무 개요
    우석고등학교는 전북특별자치도교육청(구, 전라북도교육청)의“학교운동부 운영 
매뉴얼” 및 “전북특별자치도교육청 학생선수 기숙사 설치운영 지침”에 따라 
학생 선수 기숙사를 운영하고 있다.
2. 관계법령 및 판단기준
    전북특별자치도교육청(구 ‘전라북도교육청)의 “학교운동부 운영 매뉴얼” 및 
“전북특별자치도교육청 학생선수 기숙사 설치･운영 지침”에 따르면 학생선수 기숙사를 
설치․운영하는 경우 학생선수기숙사 운영위원회를 조직하고 학교장은 분기별로 
운영위원회를 개최하도록 되어 있으며 학생선수 기숙사 생활일지를 점검하도록 되어 있다. 
- 14 -
3. 감사결과 확인된 문제점  
    그런데도 우석고등학교는 20**학년도 유도부 선수 10명을 대상으로 기숙사를 
운영하면서 학생선수 기숙사 운영위원회를 조직하지 않고, 기숙사 생활일지를 작성
하지 않는 등 [표]와 같이 20**~20**학년도 기숙사 학생 합계 46명(20**학년도 10명, 
20**학년도 8명, 20**학년도 11명, 20**학년도 17명)이 생활하는 학생 선수 기숙사를 
부적정하게 운영한 사실이 있다.
[표] 학생선수기숙사 부적정 운영 내역(20**~20**학년도) [생략]
    그 결과 학생 선수 기숙사 운영의 투명성과 책임성이 저하되고, 학생보호 및 
생활지도에 대한 관리·감독의 실효성이 확보되지 못하였다.
관계기관 의견     우석고등학교는 감사 결과를 받아들이면서 앞으로 관련 법령을 
준수하여 기숙사 운영 업무를 철저히 수행하겠다는 의견을 제시하였다. 
조치할 사항      우석고등학교장은
① 앞으로 관련 법령과 규정 등에 따라 학생선수 기숙사 운영 업무를 철저히 하며
② 관련자에게 주의를 촉구하시기 바랍니다. (주의 2명)
- 15 -
일련번호 우석고등학교-5 
전북특별자치도교육청
주  의  요  구
제        목 방과후학교 개인위탁 외부강사 선정 절차 등 부적정
소 관  기 관 우석고등학교
조 치  기 관 우석고등학교
내        용
1. 업무 개요
    우석고등학교는 전북특별자치도교육청의 “20** 전북 방과후학교 운영 길라잡이
(중고등학교편)”에 따라 방과후학교를 운영하고 있으며, 방과후학교 프로그램 
위·수탁 계약을 체결하여 운영하고 있다.
2. 관계법령 및 판단기준
    전북특별자치도교육청의 “20** 전북 방과후학교 운영 길라잡이(중고등학교편)”에 
따르면 개인위탁강사와 계약을 체결하는 경우 학교운영위원회의 심의를 받은 
강사선정계획에 따라 강사를 선정하고, 강사료는 시간당 40,000원 이상을 권장하며, 
지역 및 프로그램 또는 특수 상황에 따라 학교운영위원회 심의를 거쳐 결정
하도록 되어 있다.
- 16 -
3. 감사결과 확인된 문제점  
    그런데도 우석고등학교는 20**. 3. 20. 방과후학교 개인 위탁 외부 강사 계약을 
○○○와 체결(유도, 계약기간 20**. 3. 20. ~20**. 4. 30.)하면서 강사 선정 계획 및 
외부 강사 강사료를 학교운영위원회 심의를 받지 않는 등 [표]와 같이 20**학년도 
방과후학교 개인위탁 강사(유도) 2명의 강사 선정 계획 및 외부강사 강사료 산정에 
대하여 학교운영위원회 심의를 받지 않고 계약한 사실이 있다.
[표] 방과후학교 개인위탁 외부강사 선정 절차 등 부적정 현황 (2025학년도) [생략]
    그 결과 방과후학교 개인위탁 외부강사 선정의 공정성과 방과후학교 운영의 
신뢰성이 저하되었다.
관계기관 의견     우석고등학교는 감사 결과를 받아들이면서 앞으로 관련 법령을 
준수하여 방과후학교 개인위탁 외부강사 선정 절차 등 업무를 철저히 수행
하겠다는 의견을 제시하였다. 
조치할 사항      우석고등학교장은
① 앞으로 관련 법령과 지침 등 따라 방과후학교 개인위탁 외부강사 선정 절차 업무를 
철저히 하고
② 관련자에게 주의를 촉구하시기 바랍니다. (주의 2명)
- 17 -
일련번호 우석고등학교-6 
전북특별자치도교육청
주  의  요  구
제        목 학교운동부지도자 채용 시 징계 이력 등 미확인
소 관  기 관 우석고등학교
조 치  기 관 우석고등학교
내        용
1. 업무 개요
    우석고등학교는 「국민체육 진흥법」 및 전북특별자치도교육청(구, 전라북도교육청)의
“학교운동부 운영 매뉴얼”에 따라 학교운동부(유도부)를 운영하고 있다.
2. 관계법령 및 판단기준
    「국민체육진흥법」제18조의13(징계정보시스템의 구축․운영 등)에 따르면 체육회등의 
장(운동경기부의 경우 소속된 기관 및 단체의 장을 말한다)은 선수, 체육지도자, 
심판 및 임직원과 채용 계약(재계약을 포함한다)을 체결할 때에는 선수, 체육지도자, 
심판 및 임직원에게 대한체육회 등에서 운영하는 징계정보시스템을 통한 징계 관련 
증명서를 제출받아 징계 이력을 확인하여야 한다고 되어 있다.
- 18 -
    또한 전북특별자치도교육청의 “학교운동부 운영 매뉴얼”에 따르면 학교장은 
학교운동부지도자에 대한 계약 체결 시 성범죄 경력조회, 범죄경력 조회, 
(성)폭력 관련 상벌 확인서 등을 통해 학생선수지도에 결격사유가 없는지 확인
하고 채용예정자가 징계사실유무 확인서를 제출하여야 한다고 되어 있다.
3. 감사결과 확인된 문제점  
    그런데도 우석고등학교는 20○○. 2. 26. 20○○학년도 학교운동부지도자 ○○○와 
채용 계약(종목: 유도, 계약기간 20○○. 3. 1.~ 20○○. 2. 28.)하면서 범죄 경력 조회를 실시
하지 않고 징계사실유무 확인서를 징구하지 않는 등 [표]와 같이 20○○~20○○학년도 
총 4명의 학교운동부지도자(20○○학년도 2명, 20○○학년도 2명)의 범죄경력조회와 
징계정보시스템을 통한 징계이력을 확인하지 않고 채용 계약한 사실이 있다.
[표] 학교운동부지도자 징계이력 등 미확인 현황 (20○○~20○○학년도) [생략]
    그 결과, 학교운동부지도자 채용 과정의 적법성 및 신뢰성이 저하되고, 학생선수 인권 
보호 및 안전관리에 대한 책임성을 확보하기 어렵게 되었다.
관계기관 의견     우석고등학교는 감사 결과를 받아들이면서 앞으로 관련 법령을 
준수하여 학교운동부지도자 채용 업무를 철저히 수행하겠다는 의견을 제시하였다. 
조치할 사항      우석고등학교장은
① 앞으로 관련 법령과 규정 등에 따라 학교운동부지도자 채용 업무를 철저히 하며
② 관련자에게 주의를 촉구하시기 바랍니다. (주의 2명)
- 19 -
일련번호 우석고등학교-7 
전북특별자치도교육청
주  의  요  구
제        목     계약 관련 개인정보 안전성 확보 조치 미이행
소 관  기 관     우석고등학교
조 치  기 관     ① 우석고등학교 ② 전북여자고등학교
내        용
1. 업무개요
    우석고등학교는 매년 신입생 교복 구매 물품계약, 졸업 예정 학생들을 위한 
졸업앨범 계약, 그리고 교육과정 운영에 따른 현장체험학습 등 각종 용역계약
업무를 추진하고 있다.
2. 관계법령 및 판단기준
    ｢개인정보 보호법｣ 제26조(업무위탁에 따른 개인정보의 처리 제한) 제4항에 
따르면 위탁자는 업무 위탁으로 인하여 정보주체의 개인정보가 분실ㆍ도난ㆍ유출ㆍ
위조ㆍ변조 또는 훼손되지 아니하도록 수탁자를 교육하고, 처리 현황 점검 등 수탁자가 
개인정보를 안전하게 처리하는지를 감독하여야 한다고 되어 있다.
- 20 -
    또한 전북특별자치도교육청(구, 전라북도교육청)의 “학교정보 업무 매뉴얼”과 
“[중요알림] 학교 알림 서비스 이용 등 개인정보 처리 업무 위탁 시 유의사항
(미래인재과-2135, 2021. 2. 2.)”에 따르면 개인정보가 포함된 업무 위탁 시 개인정보 
안전성 확보를 위하여 개인정보처리위탁 계약서 작성, 계약업체 개인정보 교육, 
위탁 업무 종료 후 개인정보 파기 확인서를 징구하여야 한다고 되어 있다.   
3. 감사결과 확인된 문제점 
    그런데도 우석고등학교는 20**학년도 20**. 6. 23. ⊙⊙⊙⊙⊙과 ‘학생 교복 
구입(계약금액: 84,199천원)’을 체결하면서 1학년 학생 281명의 개인정보(이름, 
성별, 학년, 반)가 포함된 개인정보처리 위탁 계약서를 작성하지 않고, 계약업체를 
대상으로 개인정보 교육을 실시하지 않았으며, 사업수행 이후 개인정보 파기  
확인서를 징구하지 않는 등 [표]와 같이 20○○~20○○회계연도 총 8건에 대하여   
  학생·교직원 합계 2,123명(20○○회계연도 798명, 20○○회계연도 1,072명, 20○○회계연도 
253명)의 개인정보 안전성 확보 조치를 이행하지 않은 사실이 있다.
[표] 개인정보 안전성 확보 조치 미이행 현황 (20○○~20○○회계연도) [생략]
    그 결과 학생 및 교직원의 개인정보가 분실·도난 유출·변조 등에 노출될 
위험을 초래하였다.
관계기관 의견     우석고등학교는 감사 결과를 받아들이면서 앞으로 관련 법령을 
준수하여 계약 시 개인정보 안전성 확보를 철저히 수행하겠다는 의견을 제시하였다. 
- 21 -
조치할 사항     
우석고등학교장은 
① 앞으로 관련 법령과 지침 등에 따라 개인정보 위탁 업무를 철저히 하며
② 관련자 ◈◈◈◈◈◈◈◈◈ ○○○에게 주의를 촉구하시기 바랍니다.(주의 1명)
전북여자고등학교장은 관련자 ◈◈◈◈◈◈◈◈◈ ○○○에게 주의를 촉구하시기 
바랍니다.(주의 1명)
- 22 -
일련번호 우석고등학교-8 
전북특별자치도교육청
시정 ․ 주의요구
제        목 인건비(교원연구비) 지급 부적정
소 관  기 관 우석고등학교
조 치  기 관 우석고등학교
내        용
1. 업무 개요
    우석고등학교는 「학교법인 전북학원 정관」에 따라 교원의 보수는 ｢공무원 
보수규정｣을 준용하여 지급하고 있다.
2. 관계법령 및 판단기준
    「공무원 보수규정」제31조(수당의 지급)에 따르면 수당 지급에 필요한 사항은 
따로 정하도록 되어 있고,
    「교원의 지위 향상 및 교육활동 보호를 위한 특별법 시행령」 제9조(교육
연구비용의 지원)에 따르면 공립·사립의 고등학교 이하 각급학교 교원에게 교육
연구비용을 지원할 수 있으며, “전북특별자치도 교원연구비 지급에 관한 규정” 
제5조(기타)에 따르면 교원연구비 지급절차 및 방법 등은 「공무원수당 등에 관한 
규정」 등 관련 법령을 준용한다고 되어 있다.
- 23 -
    또한 「공무원수당 등에 관한 규정」 제19조(수당 등의 지급방법)에 따르면 
정직·직위해제·휴직 또는 파견으로 당해 학교에 근무하지 아니한 월의 교원
연구비는 지급하지 아니한다고 되어 있다. 
3. 감사결과 확인된 문제점  
    그런데도 우석고등학교는 20○○. 3. 1. ~ 8. 31.(6개월) 교사 ○○○의 질병휴직 
사유로 교원연구비 지급 대상이 아님에도 교원연구비 42,000원을 6개월간 지급하여 
합계 252,000원의 교원연구비를 과다 지급한 사실이 있다.
※ 교원연구비 과다 지급 내역 [생략]
    그 결과 인건비(교원연구비) 지급의 적정성과 투명성이 저하되었고 예산의 낭비를 
초래하였다.
관계기관 의견     우석고등학교는 감사 결과를 받아들이면서 앞으로 관련 법령을 
준수하여 인건비 지급 업무를 철저히 수행하겠다는 의견을 제시하였다. 
조치할 사항     우석고등학교장은 
① 과다 지급된 인건비 252,000원을 관련자로부터‘회수’하여 교비회계로 세입 
조치하고(시정)
② 관련자 ◈◈◈◈◈◈◈◈◈ ○○○에게 주의를 촉구하시기 바랍니다.(주의 1명)
- 24 -
일련번호 우석고등학교-9 
전북특별자치도교육청
시정․주의요구
제        목 복무(연가) 사용 부적정
소 관  기 관 우석고등학교
조 치  기 관 우석고등학교
내        용
1. 업무 개요
    「사립학교법」 제55조(복무)에 따르면 사립학교 교원의 복무에 관하여는   
국립학교·공립학교 교원에 관한 규정을 준용하도록 되어 있다.
2. 관계법령 및 판단기준
    「국가공무원 복무규정」 제15조(연가 일수)에 따르면 공무원의 재직기간 6년 
이상일 경우 사용할 수 있는 연가일수는 21일로 되어 있고, 전년도에 병가를 받지 않은 
공무원은 연가 일수에 1일을 가산하도록 되어 있으며, “공무원보수 등의 업무지침”에 
따르면 연가일수를 초과하여 사용한 경우는 저축연가에서 차감하며, 저축연가가 없을 경우 
해당연도 마지막 근무 월에 초과된 일수만큼 결근한 것으로 간주한다고 되어 있고 
“국가공무원 복무·징계 관련 예규”에 따르면 초과 사용한 연가가 8시간 미만인 경우
에는 다음 해에 부여되는 연가일수에서 차감한다고 되어 있다.
- 25 -
    또한 「공무원보수규정」 제27조(결근기간 등의 봉급 감액)에 따르면 연가 일수를 
초과한 결근 일수에 해당하는 봉급 일액을 지급하지 않도록 되어 있으며, 「공무원수당 
등에 관한 규정」에 따르면 결근한 사람에게는 결근 매 1일에 대하여 특수지근무수당·
위험근무수당·특수업무수당·업무대행수당·군법무관수당·정액급식비 및 직급보조비의 
일액(월액을 그 달의 일수로 나눈 금액을 말한다)을 빼고 지급한다라고 되어 있다.
3. 감사결과 확인된 문제점  
    그런데도 우석고등학교 ◈◈◈◈ ○○○은 20○○. 1. 22.~ 12. 31. 사용가능한 
연가일수 22일(전년도 병가 미사용으로 인한 1일 가산 포함)임에도 3일 2시간 30분 
초과한 25일 2시간 30분을 사용하였고, [표]와 같이 초과 사용한 연가 일수(3일)에 
대하여 급여 608,450원을 과다 지급받은 사실이 있다.
[표] 20**년 12월 급여 과다 지급 현황 [생략]
    그 결과 복무관리의 공정성과 인건비 집행의 적법성이 저하되었다.
관계기관 의견     우석고등학교는 감사 결과를 받아들이면서 앞으로 관련 법령을 
준수하여 복무 관리를 철저히 수행하겠다는 의견을 제시하였다. 
조치할 사항     우석고등학교장은 
① 과다 지급된 인건비 608,450원을 관련자(◈◈◈◈ ○○○)로부터‘회수’하여 
교비회계로 세입 조치하고, 20○○년도 연가일수에서 2시간 30분을 차감하고
(시정)
② 관련자 교사 ○○○에게 주의를 촉구하시기 바랍니다.(주의 1명)
- 26 -
일련번호 우석고등학교-10 
전북특별자치도교육청
시정․주의요구
제        목     시설공사 설계변경 부적정
소 관  기 관 우석고등학교
조 치  기 관 ① 우석고등학교 ② 전북특별자치도전주교육지원청
내        용
1. 업무 개요
    우석고등학교는 20○○년도에‘우석고등학교 ◈◈◈◈제 ○○○○조성 건축공사’를 
시행하고 이에 대한 공사감독과 준공검사 등의 업무를 추진하였다.
2. 관계법령 및 판단기준
    「지방자치단체를 당사자로 하는 계약에 관한 법률 시행령」제74조(설계변경
으로 인한 계약금액의 조정) 제1항에 따르면 계약담당자는 공사계약에서‘설계
변경으로 인하여 공사량의 증감이 발생하였을 때에는 계약금액을 조정한다.’라고 
하고 있고, 동법 제64조(검사) 제5항에 따르면 검사를 함에 있어서 계약상대자의 계약
이행 내용의 전부 또는 일부가 계약에 위반되거나 부당함을 발견하였을 때에는 
지체없이 필요한 시정조치를 명하여야 한다고 되어 있다. 
- 27 -
    또한 행정안전부의 “지방자치단체 입찰 및 계약 집행기준” 제9장(계약 일반조건) 
제6절(공사 설계 변경) 1-가)에 따르면 설계서의 내용이 불분명하거나 누락․오류 또는 
상호 모순되는 점이 있을 경우, 발주기관이 설계서를 변경할 필요가 있다고 인정 
할 경우 등에는 설계변경을 할 수 있고, 제7절(계약금액의 조정) 1-가-2)에 따르면 산출
내역서에 없는 품목․비목(동일한 품목이라도 성능, 규격 등이 다른 경우를 포함한다. 
이하 “신규비목”이라 한다)의 단가는 설계변경 당시를 기준으로 산정한 단가에 
낙찰률(예정가격에 대한 낙찰금액․계약금액의 비율을 말한다. 이하 같다)을 곱한 금액
으로 한다.
3. 감사결과 확인된 문제점
    그런데도 우석고등학교는 20○○. 1. 16. 주식회사 ◈◈◈◈◈◈◈◈◈과 계약한
‘우석고등학교 ◈◈◈◈제 ○○○○공사(계약금액 804,564,750원)’를 추진하면서 당초 
산출내역서에 없는 신규비목(치장합판 후로링깔기)에 대하여 낙찰률(89.183%)을 적용
한 단가로 금액을 산출하지 아니하고 조정되지 않은 일위대가를 그대로 반영해 잘못 
산출하는 등 [표]와 같이 2건의 항목에 대해 설계변경에 따른 계약금액을 조정
하지 않아 1,924,350원을 과다지급한 사실이 있다.
[표] 설계변경에 따른 공사비 과다지급 현황1)
(단위: 원)
공 사 명 계약
금액 계약자 계약
일자
준공
일자 과다지급액 내용
우석고등학교 
◈◈◈◈제 
○○○○공사
804,564,750
주식회사
◈◈◈◈◈
◈◈◈◈
○○○
20**.
1. 16.
20**.
2. 28. 1,924,350
① 신규비목 대상:
치장합판 후로링 깔기 (135㎡)
② 설계변경 미이행:
MDF몰딩을 AL몰딩으로 변경 시공
주: 설계변경에 따른 공사비 과다지급 원가계산서, 설계변경 부적정 세부내역은 [별표 1-1, 1-2, 1-3] 참고
자료: 우석고등학교 제출자료 재구성
    그 결과 설계변경에 따른 계약금액 조정의 정확성과 공정성이 저하되고, 
예산의 낭비를 초래하였다.
- 28 -
관계기관 의견     우석고등학교는 감사 결과를 수용하면서 앞으로 관련 법령을 
숙지하여 공사감독 및 준공검사를 철저히 하겠다는 의견을 제시하였다.
조치할 사항     
우석고등학교장은 
① 과다 지급된 시설비 1,924,350원을 관련 업체[주식회사 ◈◈◈◈◈◈◈◈◈]로부터
‘회수’하여 교비회계에 세입 조치하고(시정)
② 앞으로 관련 법령에 따라 시설공사 설계변경 업무를 철저히 하며
③ 관련자 ⊙⊙⊙⊙⊙⊙⊙⊙⊙ ○○○에게 주의를 촉구하시기 바랍니다.(주의 1명)
전북특별자치도전주교육지원청교육장은 관련자 전북중학교 ⊙⊙⊙⊙⊙⊙⊙⊙ ○○○에게 
주의를 촉구하시기 바랍니다.(주의 1명)
- 29 -
[별표 1-1]
 설계변경에 따른 과다지급 원가계산서
▷공사명: 우석고등학교 ◈◈◈◈제 ○○○○공사                                       (단위: 원)
               구 분
 비 목 요율(%) 실제 지급액
(A)
정당 지급액
(B)
과다 지급액
(C=A-B)
순
공
사
원
가
재
료
비
직접재료비 　 10,213,080 8,758,423 1,454,657
간접재료비 　
소계 　 10,213,080 8,758,423 1,454,657
노무
비
직접노무비 　 10,828,215 11,011,036 -182,821
간접노무비 직.노*12.5% 1,353,527 1,376,380 -22,853
소계 　 12,181,742 12,387,416 -205,674
경
비
기계경비 　 416,080 26,595 389,485
산재보험료 (노)*3.7% 450,724 458,334 -7,610
고용보험료 (노)*1.01% 123,036 125,113 -2,077
기타경비 (재+노)*7.8% 1,746,796 1,649,375 97,421
소 계 　 2,736,637 2,259,418 477,219
계 　 25,131,459 23,405,256 1,726,203
일 반 관 리 비 (재+노+경)*1.15% 289,012 269,160 19,851
이          윤 (노+경+일)*1.15% 174,885 171,534 3,351
공  급  가  액 　 25,595,355 23,845,950 1,749,405
부 가 가 치 세 (총원가)*10% 2,559,536 2,384,595 174,941
총 계(계수정리) 28,154,890 26,230,540 1,924,350
자료: 우석고등학교 제출자료 재구성
 [별표 1-2]
 설계변경 부적정 세부내역(신규비목 단가 산정 부적정)
(단위: 원)
비    목 재료비 노무비 경비 계 비고
치장합판
후로링깔기
당초 44,000 11,145 222 55,367 낙찰율
89.183%낙찰율적용 39,240 9,939 197 49,376
자료: 우석고등학교 제출자료 재구성
[별표 1-3]
 설계변경 부적정 세부내역(설계변경 절차 미이행)
비목 단위
수량
차액(원)
기존 변경
MDF 천장몰딩 m 716.1 0 △13,982,829
AL몰딩 m 0 1270.1 +13,516,404
합계 △466,425
자료: 우석고등학교 제출자료 재구성
- 30 -
일련번호 우석고등학교-11 
전북특별자치도교육청
시정․주의요구
제        목     시설공사 설계용역비 산출 부적정
소 관  기 관 우석고등학교
조 치  기 관 ① 우석고등학교 ② 전북특별자치도전주교육지원청
내        용
1. 업무 개요
    우석고등학교는 학생들의 안전하고 쾌적한 교육환경 조성을 위해 교육환경
개선사업, 미래형 학교 공간 조성 등을 위한 시설비를 집행하고 있다.
2. 관계법령 및 판단기준
    「엔지니어링산업진흥법」제31조(엔지니어링사업의 대가기준 등), “엔지니어링
사업대가의 기준” 제4조(대가산출의 기본원칙)에 따라 대가의 산출은 실비정액가산
방식을 적용함을 원칙으로 한다. 다만 발주청이 엔지니어링사업의 특성을 고려하여 
실비정액가산방식을 적용함이 적절하지 아니하다고 판단하는 경우 공사비 요율에 
의한 방식을 적용할 수 있고 제19조(공사비가 중간에 있을 때의 요율)에 따라 
공사비가 요율표의 각 단위 중간에 있을 때의 요율은 직선보간법에 따라 
작성하여야 한다.
- 31 -
    또한 “전력기술관리법 운영요령”제18조(용역대가의 산출)에 따르면 설계
용역 및 설계감리용역대가는 공사비 비율에 의한 방식을 적용하여 산출하고 그 
요율은 별표1과 같으며, 공사비가 요율표의 각 단위 중간에 있을 때의 요율은 
직선보간법에 의한다고 되어 있다.
3. 감사결과 확인된 문제점
    그런데도 우석고등학교는 20○○. 7. 6. ㈜◈◈◈◈◈와 계약한‘우석고 ◈◈◈
시설개선 ⊙⊙ 설계용역(계약일 20○○. 5. 3., 계약금액 8,000천원)’의 대가를 
직선보간법으로 산정하면서 공사비에 적용하여야 할 요율 5.632%1)를 적용하지 
아니하고 6.291%로 잘못 적용·산출하여 용역비 840,000원을 과다 지급한 사실이 있다. 
※ 시설공사 설계용역비 과다 지급 현황2)
(단위: 천원)
용 역 명 계약
일자
완료
일자 계약금액 계약자 실제
지급액(A)
정당
지급액(B)
과다지급액
(A)-(B)
우석고 ◈◈◈시설개선 
⊙⊙ 설계용역
20**. 
5. 3.
20**.
7. 6. 8,000 ㈜◈◈◈◈◈ ○○○ 8,000 7,160 840
주2: 설계용역비 과다 세부 내역은 [별표] 참고
자료: 우석고등학교 제출자료 재구성
    그 결과 설계용역 대가 산정의 정확성과 공정성이 저하되고, 예산의 낭비를 
초래하였다.
1) 

- 32 -
관계기관 의견     우석고등학교는 감사 결과를 수용하면서 앞으로는 관련 법령을 
준수하여 시설공사 설계용역 업무를 철저히 수행하겠다는 의견을 제시하였다.
조치할 사항     
우석고등학교장은 
① 과다 지급된 설계비 840,000원을 관련 업체[(주)◈◈◈◈◈]로부터‘회수’하여 교비
회계에 세입 조치하고(시정)
② 앞으로 관련 법령에 따라 시설공사 준공 정산 업무를 철저히 하며,
③ 관련자 ⊙⊙⊙⊙⊙⊙⊙⊙⊙ ○○○에게 주의를 촉구하시기 바랍니다.(주의 1명)
전북특별자치도전주교육지원청교육장은 관련자 전북중학교 ⊙⊙⊙⊙⊙⊙⊙⊙ ○○○
에게 주의를 촉구하시기 바랍니다.(주의 1명)
- 33 -
[별표]
 설계용역비 산출 과다 지급 세부 현황
   (단위: 원) 
구분
계약내역서 (A) 실제 지급액 (B) 정당 지급액 (C) 과다
지급액
(C)-(B)요율 금액 요율 금액 요율 금액
공사비 131,236,364 131,236,364 131,236,364
소계 131,236,364 131,236,364 131,236,364
설계비
[소계×요율(%)] 6.291% 8,256,079 6.291% 8,256,079 5.632% 7,391,232 864,847
손해보험비 0.52% 42,931 0.52% 42,931 0.52% 38,434 4,497
합계 8,299,010 8,299,010 7,420,000 879,010
부가가치세 10% 829,000 10% 829,000 742,000 87,000
총원가 9,119,000 9,119,000 8,162,000 957,000
계약율 87.729% 8,000,751 87.729% 8,000,751 87.729% 7,160,441 840,310
계수정리 8,000,000 8,000,000 7,160,000 840,000
자료: 우석고등학교 제출자료 재구성
- 34 -
일련번호 우석고등학교-12 
전북특별자치도교육청
시정․주의요구
제        목     시설공사 하자관리 부적정
소 관  기 관 우석고등학교
조 치  기 관 ① 우석고등학교 ② 전북특별자치도전주교육지원청
내        용
1. 업무 개요
    우석고등학교는 학생들의 안전하고 쾌적한 교육환경 조성을 위해 교육환경
개선사업, 미래형 학교 공간 조성 등을 위한 시설비를 집행하고 있다.
2. 관계법령 및 판단기준
    ｢지방자치단체를 당사자로 하는 계약에 관한 법률(이하 “지방계약법”이라 
한다)｣ 제20조에 따르면 지방자치단체의 장 또는 계약담당자는 공사의 도급계약을 
체결할 때에는 그 담보책임의 존속기간을 정하여야 하며, 담보책임의 존속기간 중 
목적물에 하자가 발생한 때에는 적절한 기간을 정하여 그 하자의 보수를 요구
하거나 보수를 하여야 한다고 되어 있다.
- 35 -
    또한 같은 법 시행령 제69조에 따르면 공사의 도급계약에 대한 담보책임의
존속기간은 전체 목적물을 인수한 날과 검사를 완료한 날 중에서 먼저 도래한 
날부터 1년 이상 10년 이하의 범위에서 행정안전부령으로 정하는 기간으로 하며
｢건설산업기본법 시행령｣[별표 4] ‘건설공사의 종류별 하자담보책임기간’을 
적용하도록 하고 있다.
    그리고 같은 법 시행규칙 제69조에 따르면 담보책임의 존속기간 중 연 2회
이상 정기적으로 하자 검사를 하여야 하며 지방자치단체의 장 또는 계약담당자는 
하자 검사를 하는 경우에는 해당 공사에 대한 하자보수관리부를 갖추어 두고 공사명 
및 계약금액, 계약상대자, 준공연월일, 하자발생내용 및 처리사항 등의 사항을 
기록·유지하여야 한다고 되어 있다.
    또한 “지방자치단체 입찰 및 계약집행기준”제9장 계약일반조건에 따르면 계약
담당자는 하자담보책임기간이 만료되기 14일 전부터 만료일까지의 기간 중에 최종
검사를 해야 한다고 되어 있다.
3. 감사결과 확인된 문제점
    그런데도 우석고등학교는 20○○. 10. 30. 준공한 우석고등학교 ○○공사(계약
금액 16,289천원) 에 대해 정기하자검사 및 만료검사를 실시하지 않고 하자보수
관리부에도 기록·유지하지 않는 등 [표 1]과 같이 20○○~20○○회계연도 총 6건에 
대하여 시설공사 하자관리를 부적정하게 처리한 사실이 있다.
- 36 -
[표 1] 시설공사 하자관리 부적정 현황(20○○-20○○회계연도)
순 공사명 계약금액
(천원)
시공자 하자담보
책임기간 하자관리 부적정 내용
상호 대표자
1 우석고등학교 ○○공사 16,289 (유)◈◈ ○○○ 20**. 10. 30.~
20**. 10. 29.
- 하자검사 미실시
-하자보수관리부 미작성
2 본고우석고 
○○○○관급자재 248,772 ⊙⊙⊙⊙(주) ○○○ 20**. 2. 16.~
20**. 2. 15.
3 ○○재 ○○분리공사 8,965 ♧♧♧♧♧ ○○○ 20**. 12. 10.~
20**. 12. 9.
4 우석고 ○○○ 트랙 
관급자재(탄성포장재) 10,230 유한회사 
♣♣♣♣ ○○○ 20**. 9. 13.~
20**. 9. 12.
5 우석고 ○○○○ 교체 
관급자재(배수판) 89,726 ㈜♡♡♡♡ ○○○ 20**. 9. 11.~
20**. 9. 10.
6 우석고 ○○○○ 교체 
관급자재(패드) 279,344 ㈜▣▣▣▣ ○○○ 20**. 8. 26.~ 
20**. 8. 25.
자료: 우석고등학교 제출자료 재구성
    또한 우석고등학교는 20○○. 3. 6. 준공한 ‘우석고 ○○○○제 ○○○○사업 
소방공사(계약일 20○○. 1. 17. 계약금액 8,800천원)’의 하자담보책임기간을 
설정하면서 소방공사는 2년으로 설정하여야 함에도 1년 부족하게 설정하는 등 [표 2]와 
같이 20○○~20○○회계연도 총 3건의 시설공사에 대해 하자담보책임기간을 잘못 
설정․관리한 사실이 있다.
[표 2] 시설공사 하자담보책임기간 설정 부적정 현황(20○○-20○○회계연도)
순 공 사 명 계약금액
(천원) 계 약 자 계약일자
준공검사 
완료일자
(준공일자)
하자담보책임기간 설정 부적정
비고
실제 정당
1
우석고 
○○○○제 
○○○○사업 
소방공사
8,800
주식회사 
♧♧♧♧
(○○○)
20**.1.17. 20**. 3. 6.
(20**. 3. 6.)
20**. 3. 6.~
20**. 3. 5.
(1년)
20**. 3. 6.~
20**. 3. 5.
(2년)
소방
2년
2 ○○○○ 
토목공사 31,690 ♣♣♣♣♣♣㈜
(○○○) 20**.7.23. 20**. 8. 26.
(20**. 8. 26.)
20**. 9.20.~
20**. 9. 19.
(1년)
20**. 8. 26.~
20**. 8. 25.
(2년)
부지정지
2년
3
○○○
스프링클러 
설치(소방)
110,935 ㈜☆☆☆☆
(○○○) 20**.12.24. 20**. 2. 10.
(20**. 2. 6.)
20**. 2.10.~
20**. 2. 9.
(2년)
20**. 2. 10.~
20**. 2. 9.
(3년)
스프링
클러
3년
자료: 우석고등학교 제출자료 재구성
    그 결과 교육 시설물의 유지 관리 체계가 미흡해지고 하자보수의 적정성이 
저하되었다.
- 37 -
관계기관 의견     우석고등학교는 감사 결과를 수용하면서 앞으로는 관련 법령을 
준수하여 하자관리 업무를 철저히 수행하겠다는 의견을 제시하였다.
조치할 사항     
우석고등학교장은 
① 하자담보책임기간이 종료되지 않은 시설공사 6건에 대해서는 하자검사를 시행하고 
하자보수관리부에 기록하며, ○○○ 스프링클러설치공사에 대해서는 하자담보
책임기간을 3년으로 재설정하여 하자관리를 하고,(시정)
② 앞으로 관련 규정과 지침에 따라 동일한 사례가 발생하지 않도록 하며,
③ 관련자에게 주의를 촉구하시기 바랍니다. (주의 2명)
전북특별자치도전주교육지원청교육장은 관련자 전북중학교 ◈◈◈◈◈◈ ○○○에게 
주의를 촉구하시기 바랍니다.(주의 1명)"
학교자율형종합감사결과공개자료.pdf,PDF,"전북특별자치도교육청
시정 요구 및 통보
제        목     학생 출결상황 처리 부적정
소 관  기 관     전북유니텍고등학교
조 치  기 관     전북유니텍고등학교 
내        용
1. 업무개요
  전북유니텍고등학교는 「초‧중등교육법」제25조(학교생활기록) 및 「학교생활기록 
작성 및 관리지침」(교육부훈령)에 따라 학생들의 결석, 지각, 조퇴, 결과 등 
출결에 관한 사항 및 학교생활기록부 작성 업무를 하고 있다.
2. 관계법령 및 판단기준
  「초·중등교육법」제25조(학교생활기록)에 따르면 학교의 장은 학생의 학업
성취도와 인성(人性) 등을 종합적으로 관찰·평가하여 학생 지도 및 상급학교의 
학생 선발에 활용할 수 있도록 하기 위하여 교육부령으로 정하는 기준에 따라 
학교생활기록을 작성·관리하여야 한다고 되어 있다. 
일련번호 전북유니텍고등학교-1
- 2 -
  교육부의“2022~2023학년도 학교생활기록 작성 및 관리지침(교육부훈령)” 
제8조(출결상황) 제2항(출결상황 관리)에 따르면 ‘결석일수’,‘지각’,‘조퇴’,
‘결과’는 [별표 8]에 따라 질병ㆍ미인정ㆍ기타로 구분하여 연간 총일수 또는 
횟수를 각각 입력한다고 되어 있고, [별표 8](출결상황 관리 등)에 따르면 
질병으로 인한 결석은 결석한 날부터 5일 이내에 의사의 진단서 또는 의견서(의사 
소견서, 진료확인서 등으로 병명, 진료기간 등이 기록된 증빙서류)를 첨부한 
결석계를 제출하여 학교장의 승인을 받은 경우이며 상습적이지 않은 2일 이내의 
결석은 질병으로 인한 결석임을 증명할 수 있는 자료(학부모 의견서, 처방전, 
담임교사 확인서 등)가 첨부된 결석계를 결석한 날로부터 5일 이내에 제출하여 
학교장의 승인을 받은 경우라고 되어 있다, 
  또한 출석인정결석은 학교장의 허가를 받은 ‘학교ㆍ시ㆍ도(교육청)ㆍ국가를 
대표한 대회 및 훈련 참가, 산업체 실습과정(현장실습, 현장실습과 연계한 취업), 
교환학습, 교외체험학습,「학교보건법」제8조에 따른 등교중지’ 등으로 출석
하지 못한 경우 또는 기타 부득이한 사유로 학교장의 허가를 받아 결석하는 
경우 등으로 되어 있고, 부모·가족 봉양, 가사 조력, 간병 등 부득이한 개인
사정에 의한 결석임을 학교장이 인정하는 경우는 기타 결석에 해당한다고 
되어 있다. 
3. 감사결과 확인된 문제점 
 그런데도 전북유니텍고등학교는 20**. *. *. □학년 □반 학생 □□□의 질병으로 
인한 결석을 결석계 결재를 받지 않고 나이스에 입력 처리하는 등 【표】“출결
상황 처리 부적정 현황”과 같이 2022~2023학년도 교사 3명이 학생 6명의 
출결상황 7건(2022학년도 6건, 2023학년도 1건)을 부적정하게 처리한 사실이 
있다.
- 3 -
【표】 출결상황 처리 부적정 현황
관계기관 의견
  전북유니텍고등학교는 감사 결과를 수용하면서 앞으로 재발 방지를 위해 
업무를 철저히 하겠다는 의견을 제시하였다.
조치할 사항 
전북유니텍고등학교장은
①〔통보〕 앞으로 관련 법령과 규정 등에 따라 학생 출결상황 관리를 
철저히 하여 주시고, 결석계, 증빙서류 및 학교장 결재 없이 입력 
처리한 출결상황 5건의 처리 방안에 대해 학업성적관리위원회 
개최 등 관련 지침과 절차에 따라 적정한 조치를 하시기 바랍니다.
학년도 학번 학생명 결석일자(기간) 결석 종류
(사유)
담임
교사명 부적정 내용
20** □ □ □ □□□□
20**. *. *. 질병 결석
(없음) △△△ 결석계 없음
20**. *. *. 질병 결석
(코로나) △△△ 출석인정결석에 
해당함
20** ○ ○ ○ ○○○○ 20**. *. *. .~*. *., *. 
*.
출석인정결석 
(코로나) △△△
증빙서류 및 
학교장 결재 
없음
20** **** *** 20**. *. *. .~*. *. 출석인정결석
(독감) △△△ 독 감  진 단 서  없 음
20** ◇ ◇ ◇ ◇◇ ◇ ◇ 20**. *. *. 출석인정조퇴
(아버지 약처방) △△△
기타조 퇴 사유 에 
해당 함.
학 교 장  결 재  없 음
20** ◎ ◎ ◎ ◎◎◎◎ 20**. *. *. 출석인정결석
(없음) ◼◼◼ 학 교 장  결 재  없 음
20** ● ● ● ●●●● 20**. *. *. .~*. *. 질병결석
(감기) ◈◈◈ 결석계 및 
증빙서류 없음
- 4 -
②〔시정〕 20**학년도 □□□ 학생의 코로나 사유의 질병 결석을 출석인정
결석으로 정정 처리하시고, ◇◇◇ 학생의 아버지 약처방 사유
의 출석인정조퇴를 기타조퇴로 정정 처리하시기 바랍니다.
- 5 -
전북특별자치도교육청
통보
제        목     미인정결석(연속 7일 이상) 학생 NEIS 미등록 및 미보고
소 관  기 관     전북유니텍고등학교
조 치  기 관     전북유니텍고등학교 
내        용
1. 업무개요
  전북유니텍고등학교는 장기 미인정결석 학생의 소재·안전 확인 및 결석사유 
확인과 출석을 독려하기 위해「초·중등교육법 시행령」및 전북특별자치도
교육청(구, 전라북도교육청)의 “의무교육단계 취학 이행 및 독려를 위한 
지침”에 따라 미인정결석 학생 나이스 등록 및 보고 업무를 추진하고 있다.
2. 관계법령 및 판단기준
  「초·중등교육법 시행령」 제92조의2(고등학교 학생 등에 대한 취학 관리)에 
따르면 고등학교의 장은 해당 학교에 재학 중인 학생이 정당한 사유 없이 계속하여 
2일 이상 결석하는 경우에는 지체없이 해당 학생 및 그 보호자에게 결석 사유를 
확인하여야 하고, 해당 학교에 재학 중인 학생으로서 정당한 사유 없이 계속하여 7일 
이상 결석한 학생의 성명 및 장기결석 경과를 교육감에게 통보하여야 한다고 되어 있다. 
일련번호 전북유니텍고등학교-2
- 6 -
  또한 전북특별자치도교육청(구, 전라북도교육청)의 “의무교육단계 취학 
이행 및 독려를 위한 지침(고시 제2022-9호, 제2024-2호)”에 따르면 미인정결석 
학생에 대한 관리·대응을 위하여 고등학생의 경우 미인정결석 사안 발생 후 
연속 7일 이상 미인정결석하는 학생을 담임교사가 NEIS에 등록하고 등록된 
미인정결석 학생이 복귀하기 전까지 매월 소재(안전) 확인 후 NEIS에 소재 
여부 확인일자와 비고 등을 수정하여 업무 담당자에게 제출하면 업무 담당자는 
담임교사가 보고한 학생에 대하여 필수사항 입력 여부 및 오류기재 사항 확인 후 
NEIS로 즉시 보고하도록 되어 있다. 
3. 감사결과 확인된 문제점 
 그런데도 전북유니텍고등학교는 20**. *. *.~20**. *. **. 연속 11일간 미
인정결석한 △학년 △반 △△△ 학생의 미인정결석 학생 관리 내용을 NEIS에 
등록하지 않고 보고하지 않는 등 【표】“연속 7일 이상 미인정 결석 학생 
NEIS 미등록 및 미보고 현황”과 같이 2022~2023학년도 연속 7일 이상 미인정 
결석한 학생 5명(2022학년도 1명, 2023학년도 4명)을 NEIS에 등록하지 않거나 
보고하지 않은 사실이 있다.
【표】 연속 7일 이상 미인정 결석 학생 NEIS 미등록 및 미보고 현황
연번 학년도 학생명
(학번) 미인정결석 기간 사유 등록 여부
(등록일)
교육청 
보고   
여부
1 20** △△△
(△ △ △ △)
20**. *. *. .~*. *.
(11일간) 없음 미등록 미보고
20**. *. *. .~*. *. 
(7일간) 없음 미등록 미보고
20**. *. *. .~*. *.
(12일간) 없음 미등록 미보고
- 7 -
관계기관 의견
  전북유니텍고등학교는 감사 결과를 수용하면서 앞으로 재발 방지를 위해 
업무를 철저히 하겠다는 의견을 제시하였다.
조치할 사항 
전북유니텍고등학교장은
①〔통보〕 앞으로 관련 법령과 규정 등에 따라 미인정결석 학생 관리를 
철저히 하여 주시고, 관련 교직원 연수 등 자체 계획을 수립하여 
시행하시기 바랍니다.
연번 학년도 학생명
(학번) 미인정결석 기간 사유 등록 여부
(등록일)
교육청 
보고   
여부
2
20**
◇◇◇
(◇◇◇◇)
20**. *. *. .~*. *.
(7일간) 없음 등록
(20**. *.*.) 미보고
3
◎◎◎
(◎◎◎◎)
20**. *. *.~*. *.
(13일간) 없음 등록
(20**. *. *.) 미보고
4 ***
(****)
20**. *. *. .~*. *.
(9일간) 없음 미등록 미보고
20**. *. *.~*. *.
(7일간) 없음 미등록 미보고
5
○○○
(○○○○)
20**. *. *~*. *. (7일간) 없음 미등록 미보고
20**. *. *.~*. *. (12일간) 없음 미등록 미보고
- 8 -
전북특별자치도교육청
통보
제        목     학업중단숙려제 운영 절차 미준수
소 관  기 관     전북유니텍고등학교
조 치  기 관     전북유니텍고등학교
내        용
1. 업무개요
  전북유니텍고등학교는 학업중단 위기 학생 조기 발굴 및 적극적인 개입으로 
학업중단을 예방하기 위해「초·중등교육법」및 같은 법 시행령 및 전북특별
자치도교육청(구, 전라북도교육청)의 “학업중단숙려제 운영 계획”에 따라 
학업중단숙려제를 운영하고 있다.
2. 관계법령 및 판단기준
  「초‧중등교육법」제28조(학업에 어려움을 겪는 학생에 대한 교육) 제7항에 
따르면 학교의 장은 학업 중단의 징후가 발견되거나 학업 중단의 의사를 
밝힌 학생 등 학업 중단 위기에 있는 학생에게 학업 중단에 대하여 충분히 생각할 
기회를 주어야 하고, 이 경우 학교의 장은 그 기간을 출석으로 인정할 수 
있다고 되어 있다.
일련번호 전북유니텍고등학교-3
- 9 -
  또한 전북특별자치도교육청(구, 전라북도교육청)의 “2022~2024학년도 학업중단
숙려제 운영 계획”에 따르면 숙려제 기간에 대해 처음에는 1주(7일)에서 최대 
2주(14일)까지 부여하고 연장은 최대 7주까지 허용하며, 학생에 대한 숙려제 실시 및 
연장 여부는 학업중단예방위원회의를 개최하여 내부 결재를 득한 후 실시하고 당해 
학년도에 숙려제 횟수는 최대 2회이나 2회 초과 시 학업중단예방위원회에서 
횟수 조정이 가능하다고 되어 있다.
3. 감사결과 확인된 문제점 
  그런데도 전북유니텍고등학교는 20**. *. *.~*. *. 2주간 ◇학년 ◇반 ◇◇◇ 학생의 
학업중단숙려제를 운영하면서 학업중단예방위원회를 개최하지 않고 내부결재만
으로 실시하는 등 【표】“학업중단숙려제 운영 부적정 현황”과 같이 2022~2024학
년도 학생 6명(2022학년도 4명, 2023학년도 1명, 2024학년도 1명)의 학업중단
숙려제를 부적정하게 운영한 사실이 있다. 
【표】 학업중단숙려제 운영 부적정 현황
학년도 대상학생
(학번) 회차 기간
(토,일 포함)
부적정 현황
기간 부여 적정 
여부
학업중단예방 
위원회 개최 여부
20**
◇◇◇
(◇◇◇◇) 1회 20**. *. *.~*. *.(2주) 적정 미개최
◎◎◎
(◎◎◎◎)
1회 20**. *. *.~*. *(2주) 적정 미개최
2회 20**. *. *.~*. *.(1주) 적정 미개최
***
(****) 1회 20**. *. *.~*. *.(3주)
부적정(최대 
2주 기준에서 
1주 초과)
미개최
○○○
(○○○○) 1회 20**. *. *.~*. *.(4주)
부적정(최대 
2주 기준에서 
2주 초과)
미개최
20** ***
(****) 1회 20**. *. *.~*. *.(2주) 적정 미개최
- 10 -
관계기관 의견
  전북유니텍고등학교는 감사 결과를 수용하면서 앞으로 이러한 일이 없도록 
업무를 철저히 하겠다는 의견을 제시하였다.
조치할 사항 
전북유니텍고등학교장은
①〔통보〕 앞으로 관련 법령과 규정 등에 따라 학업중단숙려제 업무를 
철저히 하여 주시고, 관련 교직원 연수 등 자체 계획을 수립하여 
시행하시기 바랍니다.
학년도 대상학생
(학번) 회차 기간
(토,일 포함)
부적정 현황
기간 부여 적정 
여부
학업중단예방 
위원회 개최 여부
20**
○○○
(○○○○)
1회 20**. *. *.~*. *(2주) 적정 미개최
2회 20**. *. *.~*. *.(3주) 적정 미개최
- 11 -
전북특별자치도교육청
통보
제        목     학업중단 학생 학교 밖 청소년 지원센터 미안내 및 미연계 
소 관  기 관     전북유니텍고등학교
조 치  기 관     전북유니텍고등학교
내        용
1. 업무개요
  전북유니텍고등학교는 「학교 밖 청소년 지원에 관한 법률」제15조(지원센터에의 
연계) 및 전북특별자치도교육청(구, 전라북도교육청)의 “학업중단숙려제 운영 계획”에 
따라 학업중단 학생들의 학교 밖 청소년 지원센터 연계 업무를 수행하고 있다.
2. 관계법령 및 판단기준
  「학교 밖 청소년 지원에 관한 법률」제15조(지원센터에의 연계)제1항에 
따르면 「초ㆍ중등교육법」 제2조 각 호의 각급 학교의 장(이하 이 조에서 
“학교장”이라 한다)은 소속 학교의 학생이 학교 밖 청소년이 되는 
경우에는 해당 청소년에게 학교 밖 청소년 지원 프로그램을 안내하고 
지원센터를 연계하여야 한다고 되어 있고, 제3항에 따르면 제1항 및 제2항에 
따라 학교 밖 청소년을 지원센터에 연계하는 경우 학교장 및 단체장은 해당 
청소년(제6호의 경우 해당 청소년의 법정대리인)에게 다음 각 호1)의 개인
일련번호 전북유니텍고등학교-4
- 12 -
정보(이하 “개인정보”라 한다)의 수집ㆍ이용 목적, 수집 항목, 보유ㆍ이용 
기간 및 파기 방법(이하 “개인정보동의고지사항”이라 한다)을 고지하고 
개인정보를 수집하여 지원센터에 제공할 수 있다고 되어 있다.
  또한 전북특별자치도교육청(구, 전라북도교육청)의 “2023~2025학년도 학업
중단숙려제 운영 계획”에 따르면 학생이 학업중단을 결심할 경우, 업무
담당자는 학생에게 학교복귀 절차, 학교 밖 청소년지원센터 프로그램을 
안내하고 개인정보 제공 동의서를 받은 후 NEIS에 대상학생을 등록 및 
교육청에 제출하여 학교 밖 청소년지원센터에 정보를 연계하도록 되어 있다.
3. 감사결과 확인된 문제점 
  그런데도 전북유니텍고등학교는 20**. *. *. 인간관계 악화를 사유로 자퇴한 
◇학년 ◇반 ◇◇◇ 학생에게 학교 밖 청소년지원센터 프로그램을 안내하지 않고, 
학교 밖 청소년 지원센터에 연계하지 않는 등 【표】“학업중단 학생 학교 밖 청소년 
지원센터 미연계 현황”과 같이 2023~2025학년도 학업을 중단한 학생 12명
(2023학년도 6명, 2024학년도 4명, 2025학년도 2명)에게 학교 밖 청소년 지원센터 
프로그램을 안내하지 않고, 학교 밖 청소년 지원센터에 연계하지 않은 사실이 있다.
【표】 학업중단 학생 학교 밖 청소년 지원센터 미안내 및 미연계 현황
1) 1. 학교 밖 청소년의 성명 2. 학교 밖 청소년의 생년월일 3. 학교 밖 청소년의 성별 4. 학교 밖 청소년의 주소 5. 
학교 밖 청소년의 연락처 6. 학교 밖 청소년의 법정 대리인 연락처
연 번학 년 도학생명
(학번)
학적 변동 
구분 변동 사유 변동 일자
안내 및 
동 의 서  제 출 
여부
학교 밖 
청소년 
지원센터
연계 여부
1 20**
◇◇◇
(◇◇◇◇) 자퇴 인간관계 악화 20**. *. *. 미안내 및 
미제출 미연계
2 20**
◎◎◎
(◎◎◎◎) 자퇴 검정고시 준비 20**. *. *. 미안내 및 
미제출 미연계
3 20** ***
(****) 자퇴 대안교육 20**. *. *. 미안내 및 
미제출 미연계
- 13 -
  ※ 학교 밖 청소년 지원센터(여성가족부)에서는 학업중단 학생에게 상담 지원, 
진로 탐색, 학업 지도, 직업훈련 등을 제공하며, 쉼터·고용센터 등도 이용할 
수 있도록 도와줌
관계기관 의견
  전북유니텍고등학교는 감사 결과를 수용하면서 앞으로 이러한 일이 없도록 
학업중단 학생 학교 밖 청소년 지원센터 연계 업무를 철저히 하겠다는 
의견을 제시하였다.
연 번학 년 도학생명
(학번)
학적 변동 
구분 변동 사유 변동 일자
안내 및 
동 의 서  제 출 
여부
학교 밖 
청소년 
지원센터
연계 여부
4 20**
○○○
(○○○○) 자퇴 진로변경 20**. *. *. 안내 및 
제출 미연계
5 20** △△△
(△ △ △ △) 자퇴 진로변경 20**. *. *. 미안내 및 
미제출 미연계
6 20**
@@@
(@ @ @ @) 자퇴 진로변경 20**. *. *. 미안내 및 
미제출 미연계
7 20**
★★★
(★ ★ ★ ★) 자퇴 검정고시 준비 20**. *. *. 미안내 및 
미제출 미연계
8 20**
☆☆☆
(☆ ☆ ☆ ☆) 자퇴 건강악화 20**. *. *. 미안내 및 
미제출 미연계
9 20**
▽▽▽
(▽ ▽ ▽ ▽) 자퇴 검정고시 준비 20**. *. *. 미안내 및 
미제출 미연계
10 20**
▼▼▼
(▼ ▼ ▼ ▼) 자퇴 검정고시 준비 20**. *. *. 안내 및 
제출 미연계
11 20**
▲▲▲
(▲ ▲ ▲ ▲) 자퇴 검정고시 준비 20**. *. *. 안내 및 
제출 미연계
12 20**
□□□
(□ □ □ □) 자퇴 검정고시 준비 20**. *. *. 안내 및 
제출 미연계
- 14 -
조치할 사항 
전북유니텍고등학교장은 
①〔통보〕 앞으로 관련 법령과 규정 등에 따라 학업중단 학생 학교 밖 
청소년 지원센터 연계 업무를 철저히 하여 주시고, 관련 교직원 
연수 등 자체 계획을 수립하여 시행하시기 바랍니다.
- 15 -
전북특별자치도교육청
주의 요구 및 통보
제        목     특수교육 업무 처리 부적정 
소 관  기 관     전북유니텍고등학교
조 치  기 관     전북유니텍고등학교 외 1개 기관
내        용
1. 업무개요
  전북유니텍고등학교는 「장애인 등에 대한 특수교육법」제20조 및 제21조, 교육부의 
「장애인 등에 대한 특수교육법 시행규칙」 제4조, 「장애인 복지법 시행령」제16조 등에 
따라 특수교육대상자 교육과정 운영 및 특수교육 업무를 수행하고 있다. 
2. 관계법령 및 판단기준
  「장애인 등에 대한 특수교육법」 제 20조(교육과정의 운영 등) 및 제21조
(통합교육)에 따르면 특수교육기관의 장 및 특수교육대상자가 배치된 
일반학교의 장은 제1항에 따른 교육과정의 범위 안에서 특수교육대상자 
개인의 장애유형과 정도, 연령, 현재 및 미래의 교육요구 등을 고려하여 
교육과정의 내용을 조정하여 운영할 수 있다고 되어 있고, 특수교육
대상자가 배치된 일반학교의 장은 일반교육교원 및 특수교육교원의 협력을 
일련번호 전북유니텍고등학교-5
- 16 -
통하여 차별의 예방, 교육과정의 조정, 제28조에 따른 지원인력의 배치, 교구ㆍ
학습보조기ㆍ보조공학기기의 지원 및 교원연수 등을 포함한 통합교육계획을 
수립ㆍ시행하여야 한다고 되어 있다. 
  또한 교육부의 “장애인 등에 대한 특수교육법 시행규칙” 제4조(개별화
교육지원팀의 구성 등)에 따르면 각급학교의 장은 법 제22조제1항에 따라 
매 학년의 시작일부터 2주 이내에 각각의 특수교육대상자에 대한 개별화
교육지원팀을 구성하여야 하고, 개별화교육지원팀은 매 학기의 시작일부터 
30일 이내에 개별화교육계획을 작성하여야 하며, 개별화교육계획에는 특수
교육대상자의 인적사항과 특별한 교육지원이 필요한 영역의 현재 학습수행
수준, 교육목표, 교육내용, 교육방법, 평가계획 및 제공할 특수교육 관련서비스의 
내용과 방법 등이 포함되어야 한다고 되어 있다. 또한, 각급학교의 장은 
매 학기마다 개별화교육계획에 따른 각각의 특수교육대상자의 학업성취도 
평가를 실시하고, 그 결과를 특수교육대상자 또는 그 보호자에게 통보하여야 
한다고 되어 있다.
  「장애인 복지법 시행령」제16조(인식개선교육의 실시)에 따르면 법 제25조 제2항에 
따른 기관 또는 단체(이하 “국가기관등”이라 한다)의 장은 소속 직원ㆍ학생을 
대상으로 장애인에 대한 인식개선을 위한 교육(이하 “인식개선교육”이라 한다)을 
매년 1회 이상, 1시간 이상 실시해야 한다고 되어 있고, 인식개선교육은 집합 교육 
또는 인터넷 강의 등을 활용한 원격 교육, 체험 교육 등의 방법으로 하되, 특별한 
사정이 없는 한 대면교육을 포함해야 한다고 되어 있다.
3. 감사결과 확인된 문제점 
 그런데도 전북유니텍고등학교는 2022학년도 개별화교육계획에 따른 평가를 
실시하지 않고 평가 결과를 특수교육대상자 또는 그 보호자에게 통보하지 
- 17 -
않았으며, 교직원 대상 장애인식개선교육을 실시하지 않는 등 【표】“특수교육 
업무 처리 부적정 현황”과 같이 2022~2023학년도 특수교육 업무를 부적정하게 
처리한 사실이 있다.
【표】 특수교육 업무 처리 부적정 현황
관계기관 의견
  전북유니텍고등학교는 감사 결과를 수용하면서 앞으로 이러한 일이 없도록 
특수교육 업무를 철저히 하겠다는 의견을 제시하였다.
조치할 사항 
전북유니텍고등학교장은 
①〔통보〕 앞으로 관련 법령과 규정 등에 따라 특수교육 업무를 철저히 
하여 주시고, 관련 교직원 연수 등 자체 계획을 수립하여 시행
하시기 바랍니다.
□□□□학교장은
①〔주의〕 관련자에게 ‘주의’ 조치하시기 바랍니다.[주의 1명]
학년도
특수교육 
교육과정 
편성·운영 
여부
통합교육 
계획 수립 
여부
개별화교육
계획 수립 
여부
개별화교육계획에 
따 른  평 가  실 시  및 
결과 통보 여부
교직원 대상 
장애인식개선
교 육  실 시  여 부
비고
(특수교육대상자 
수)
2022 편성 수립 수립 미실시 및 
미통보 미실시
6명(2학년 
3명, 3학년 
3명)
2023 미편성 미수립 수립 미실시 및 
미통보 미실시 3학년 3명
- 18 -
전북특별자치도교육청
통보
제        목     현장체험학습 운영 부적정 
소 관  기 관     전북유니텍고등학교
조 치  기 관     전북유니텍고등학교 
내        용
1. 업무개요
  전북유니텍고등학교는 안전하고 내실있는 체험학습 운영을 위하여 전북특별자치도
교육청(구, 전라북도교육청)의 “현장체험학습 운영 매뉴얼”에 따라 현장체험학습 
운영 업무를 수행하고 있다. 
2. 관계법령 및 판단기준  
  전북특별자치도교육청(구, 전라북도교육청)의 “현장체험학습 운영 매뉴얼”에 
따르면 숙박형 현장체험학습 중 테마식 현장체험학습(수학여행)이나 수련
활동을 실시하는 모든 학교는 실시 후 자체 평가회를 실시하고 학생·교사를 
대상으로 만족도 조사를 실시하고 결과를 평가하도록 되어 있고, 실시 후 
14일 이내에 도교육청 현장체험학습 공개방에 공개자료1)를 의무적으로 탑재
한다고 되어 있다.
1) 필수공개 항목: 운영계획서, 현장답사 결과, 학부모 동의율 및 심의결과, 계약서 사본, 학생 1인당 경비, 만족도 조사 결과 등
일련번호 전북유니텍고등학교-6
- 19 -
3. 감사결과 확인된 문제점
  그런데도 전북유니텍고등학교는 20**. 5. 11.(수)~5. 13.(금), 2박 3일간 
*학년 학생 36명 대상의 수련활동을 전북특별자치도교육청학생해양수련원
(구, 전라북도교육청학생수련원)에서 실시한 후 만족도조사를 실시하지 않고 
결과를 도교육청 공개방에 탑재하지 않는 등 【표】“현장체험학습 운영 
부적정 현황”과 같이 2022~2024학년도 1학년 학생수련활동 실시 후 만족도 
조사를 실시하지 않고, 현장체험학습 공개방에 공개자료를 탑재하지 않은 사실이 
있다.
【표】 현장체험학습 운영 부적정 현황
학년도 대상학년
(담당교사) 실시일 실시 장소
참가
학생 
수(명)
부적정 내용 운영 형태
20** *학년
(□□□) 5. 11.(수)~ 5. 13.(금) 전라북도교육청 
학생해양수련원 35 만족도 조사 미실시, 
공 개  자 료 미탑재 수련활동
20** *학년
(○○○) 6. 14.(수)~6. 16.(금) 전라북도교육청 
학생수련원 36 만족도 조사 미실시  수련활동
20** *학년
(●●●) 6. 3.(월)~6. 5.(수)
전북특별자치도 
교육청 
학생해양수련원
37 만족도 조사 미실시,
공개 자료 미탑재 수련활동
관계기관 의견
  전북유니텍고등학교는 감사 결과를 수용하면서 앞으로 이러한 일이 없도록 
현장체험학습 업무를 철저히 하겠다는 의견을 제시하였다.
- 20 -
조치할 사항 
전북유니텍고등학교장은 
①〔통보〕 앞으로 관련 법령과 규정 등에 따라 현장체험학습 운영을 
철저히 하여 주시고, 관련 교직원 연수 등 자체 계획을 수립하여 
시행하시기 바랍니다.
- 21 -
전북특별자치도교육청
시정(회수) 요구 및 통보
제        목     출장여비 과다 지급 
소 관  기 관     전북유니텍고등학교
조 치  기 관     전북유니텍고등학교 
내        용
1. 업무개요
  전북유니텍고등학교는 소속 직원이 공무(公務)로 여행을 하는 경우에 공무의 
원활한 수행을 위하여 「공무원 여비 규정」 등 관련 법령에 따라 소속 
직원에게 출장 여비를 지급하고 있다. 
2. 관계법령 및 판단기준  
  「공무원 여비 규정」[별표2] 국내 여비 지급표 기준에 따라 여비를 지급
하고 있고,「공무원보수 등의 업무지침」제9장 공무원여비업무 처리기준에 
따르면 여행 중 같은 날에 여비를 달리하여야 할 경우에는 그 중 많은 금액을 
기준으로 지급한다고 되어 있다.
일련번호 전북유니텍고등학교-7
- 22 -
3. 감사결과 확인된 문제점
  그런데도 전북유니텍고등학교는 2023. 6. 15. 교사 ●●●의 “전북직업계고 
혁신지구 사업설명회 참석 출장”과 “수련원 학생지도 및 지도 교사 격려 출장”에 
대해 각각의 여비 합계 75,000원을 지급하여 35,000원을 과다 지급하는 등 
【표】“출장 여비 과다 지급 내역”과 같이  2022 ~ 2024 회계연도 12명에게 
총19건, 합계 399,000원의 출장여비를 과다 지급한 사실이 있다.
【표】 출장 여비 과다 지급 내역
 (금액 단위: 원)
순 출장자 출장일자 출장목적 출장지 기 지 급 액
(A)
정 당
지 급 액(B)
과다
지급액
(C=A-B)
1 ●●●
2023-06-15
전북직업계고혁신지구 
사업 설명회 참석
전북교육청 
창조나래관 40,000 40,000 0
수련원 학생 지도 및 
지도 교사 격려 전북학생수련원 35,000 0 35,000
소계 75,000 40,000 35,000
2 ◎◎◎
2023-06-08
1학년 %%교육 장수군
&&원 10,000 0 10,000
##교사 $$교육
역량 강화 연수 산청 @@촌 40,000 40,000 0
소계 50,000 40,000 10,000
- 23 -
순 출장자 출장일자 출장목적 출장지 기 지 급 액
(A)
정 당
지 급 액(B)
과다
지급액
(C=A-B)
3 ◇◇◇
2023-10-27
기초학력지원 상담연구회 
파낙토스통합
뇌센터 
전주지점
35,000 35,000 0
학업중단예방 중점학교 
사례 공유회 참석
전라북도교육청 
미래교육연구원 35,000 0 35,000
2024-05-13
장수학생자치 연합 
워크숍 참여 및 인솔
장수 특수교육
지원센터 10,000 0 10,000
1학년 남학생 관련 사안 
공유 및 협의
진안중학교,  
진안보건소 28,000 28,000 0
2024-07-10
선거용품 대여 장수군 
선거관리위원회 10,000 0 10,000
학생 종합심리검사 인솔 
및 해석상담
전주 허그맘
허그인상담센터 25,000 25,000 0
2024-09-19
학교 홍보물품 전달 부남중학교 28,000 28,000 0
학생 학업중단
숙려제 상담 진안군 일원 28,000 0 28,000
소계 199,000 116,000 83,000
4 ◆◆◆
2024-04-30
◇◇교육대상학생 
진로직업교육 (바리스타) 
1회기 수업 참여
장수교육지원청 20,000 0 20,000
독서인문교육강화 
현장지원단 전북학생 
시페스티벌 분야별 
협의 참석
전북교육청 
중등교육과 30,000 30,000 0
2024-07-09
◇◇학급 진로직업 
(제과제빵) 수업 참여 
장수◇◇
지원센터 10,000 0 10,000
학교 입학 홍보를 위한 
3학년 담임 교사 방문 
진안 
주천중학교, 
부귀중학교
25,000 25,000 0
2024-10-15
◇◇교육지원센터 운영 
특수체육 참여
장수◇◇
지원센터 10,000 0 10,000
◇◇학생 행동중재 지원 
컨설팅을 위한 역량강화 
연수 참여          
익산시 ◇◇
(복합노리공간 
노리)
25,000 25,000 0
소계 120,000 80,000 40,000
- 24 -
순 출장자 출장일자 출장목적 출장지 기 지 급 액
(A)
정 당
지 급 액(B)
과다
지급액
(C=A-B)
5 □□□
2024-10-22
3차 단체응시 학생 인솔 한국산업인력공
단 전북지사 17,000 17,000 0
학교 교육과정 설명 및 
중학생 진로상담 번암중학교 10,000 0 10,000
소계 27,000 17,000 10,000
6 ■■■
2023-04-11
◇◇대상학생 
진로직업교육
장수◇◇교육지
원센터 20,000 0 20,000
학교협동조합 동아리활동 
물품 구입
전주 
화훼직매장 40,000 40,000 0
소계 60,000 40,000 20,000
7 △△△
2024-07-05
2차고사 시험 질의 장수고등학교 10,000 0 10,000
진로진학상담 및 
교육과정 설명
솔빛중학교, 
전주중학교 25,000 25,000 0
소계 35,000 25,000 10,000
8 ▲▲▲
2024-03-27
청렴교육참석 장수교육지원청 10,000 0 10,000
학생회 수련회 활동 참여 금산수련원
(충남) 26,000 26,000 0
소계 36,000 26,000 10,000
9 ▽▽▽
2023-06-16
2023학년도 고등학교 
교육과정 편성 및 운영을 
위한 연수 참석
전라북도교육청 
창조나래 40,000 40,000 0
2023학년도 고등학교 
교육과정 편성 및 운영을 
위한 연수 참석
전라북도교육청 40,000 0 40,000
2023-07-04
2023학년도 
국가기술자격증 단체 
응시 학생 인솔
한국산업인력공단 
전북지사(전주) 27,000 0 27,000
2024학년도 학교장전형고 
전형요강 컨설팅 전라북도교육청 40,000 40,000 0
소계 147,000 80,000 67,000
10 ▼▼▼
2023-12-15
성심당 현장실습 및 취업 
상담 대전 성심당 56,000 56,000 0
2023학년도 2학기 
교육과정 성찰 워크숍 
참여
전주 한옥마을 
일원 25,000 0 25,000
소계 81,000 56,000 25,000
- 25 -
관계기관 의견
  전북유니텍고등학교는 감사 결과를 수용하면서 앞으로 이러한 일이 없도록 
여비 지급 업무를 철저히 하겠다는 의견을 제시하였다.
조치할 사항 
전북유니텍고등학교장은 
①〔통보〕 앞으로 관련 법령과 규정 등에 따라 여비 지급을 철저히 하여 
주시기 바랍니다.
②〔시정〕 과다 지급된 여비 399,000원을 아래 관련자로부터 ‘회수’ 하여 
학교회계에 세입 조치하시기 바랍니다.
순 출장자 출장일자 출장목적 출장지 기 지 급 액
(A)
정 당
지 급 액(B)
과다
지급액
(C=A-B)
11 ☆☆☆
2022-05-16
문화예술프로그램 
대상학생 인솔 장수교육지원청 20,000 0 20,000
학교 학부모회 운영 
설명회 교육 참석
전라북도교육청 
창조나래 36,000 36,000 0
소계 56,000 36,000 20,000
12 ★★★
2023-11-01
조리사 병문안 진안관내 29,000 0 29,000
에듀테크 활용 교육실찬 
연구회 성과 나눔회 참석 전주 일대 30,000 30,000 0
2024-03-29
전북산업안전공단 
안전연수 참석 전주 40,000 0 40,000
학교장 대상 식중독 예방 
특별교육 참석
전주(전주교육
문화회관) 일대 40,000 40,000 0
소계 139,000 70,000 69,000
합 계 1,025,000 626,000 399,000
- 26 -
관   련   자 
순 소속 직급 성명 금액
1 *****고등학교 교사 ●●● 35,000
2 *****고등학교 교사 ◎◎◎ 10,000
3 *****고등학교 교사 ◇◇◇ 83,000
4 *****고등학교 교사 ◆◆◆ 40,000
5 *****고등학교 교사 □□□ 10,000
6 ****학교 교사 ■■■ 20,000
7 ****고등학교 교사 △△△ 10,000
8 *******고등학교 교감 ▲▲▲ 10,000
9 ******고등학교 교사 ▽▽▽ 67,000
10 퇴직 퇴직 ▼▼▼ 25,000
11 퇴직 퇴직 ☆☆☆ 20,000
12 퇴직 퇴직 ★★★ 69,000
합     계 399,000
- 27 -
전북특별자치도교육청
시정(회수) 요구 및 통보
제        목     특근매식비 지급 부적정 
소 관  기 관     전북유니텍고등학교
조 치  기 관     전북유니텍고등학교 
내        용
1. 업무개요
  전북유니텍고등학교는 초과근무를 한 직원에게 특근매식비를 지급하고 있다. 
2. 관계법령 및 판단기준  
  「지방자치단체 교육비특별회계 세출예산 집행기준」 및 「전북특별자치도 학교회계 
예산편성 및 운영지침」에 따르면 정규 근무시간 개시 1시간 전에 출근하여 
근무하거나 근무종료 후 1시간 이상 근무하는 자 또는 휴일에 1시간 이상 
근무하는 자, 을지연습 등 비상훈련 참가자 중 급식을 요하는 사람에게 특근
매식비를 지급할 수 있고, 시간외근무수당을 지급받고 있는 자 중에서 교대
근무자, 야간근무수당 및 휴일근무수당 지급대상자, ｢공무원 여비 규정｣에 따라 
식비를 지급 받은 자는 지급 대상에서 제외한다고 되어 있다. 
일련번호 전북유니텍고등학교-8
- 28 -
3. 감사결과 확인된 문제점
  그런데도 전북유니텍고등학교는 2022. 7. 1. 교사 ***의 “자동차보수도장 의무
검정 응시학생 인솔” 출장으로 출장여비 중 식비를 지급하였음에도 초과근
무에 따른 특근매식비를 지급하는 등 【표】“출장여비 중 식비 및 특근 매식비 
중복 지급 내역”과 같이 2022 ~ 2024년도 총 14건, 합계 68,600원의 출장여비 식
비와 특근매식비를 중복 지급한 사실이 있다.
【표】 출장여비 중 식비 및 특근 매식비 중복 지급 내역
 (금액 단위: 원)
순 해당
연도 출장자
특근 
매식비 
지급일
출장일 출장목적 출장장소
출장여비 
중 식비
지급액
(A)
특극
매식비 
지급액(B)
중복
지급
금액(c)
1 2022 ***
2022-
07-01
2022-
07-01 
자동차보수도장 
의무검정 
응시학생 인솔
줄포자동차공
업고등학교 20,000 4,500 4,500
2 2022 ***
2022-
07-11 
2022
-07-11 
직업계고 
홍보지원단 활동
진안여자중학
교 11,000 4,500 4,500
3 2022 *** 2022-
07-18 
2022-
07-18 
진로진학상담 진안부귀중학
교 11,000 4,500 4,500
4 2022 *** 2022-
07-20 
2022-
07-20 
상시기능사 13회 
단체응시 학생 
인솔
한국산업인력
공단 
전북지사
16,000 4,500 4,500
5 2022 ***
2022-
09-07 
2022-
09-07 
2023학년도대학
수학능력시험 접
수 원서 제출
남원교육지원
청 11,000 4,500 4,500
6 2022 ***
2022-
09-13 
2022-
09-13 
직업계고 정책 
협의회 참석
도교육청 
창조나래관 16,000 4,500 4,500
7 2022 *** 2022-
10-25 
2022-
10-25 
교육과정 설명 
및 협의
무주 안성중, 
적상중 20,000 4,500 4,500
8 2023 *** 2023-
06-15 
2023-
06-15 
직업계고혁신지
구 사업 설명회 
참석
도교육청창조
나래관
15,000 5,000 5,000
- 29 -
관계기관 의견
  전북유니텍고등학교는 감사 결과를 수용하면서 앞으로 이러한 일이 없도록 
특근매식비 지급 업무를 철저히 하겠다는 의견을 제시하였다.
조치할 사항 
전북유니텍고등학교장은 
①〔통보〕 앞으로 관련 법령과 규정 등에 따라 특근매식비 지급을 철저히 
하여 주기 바랍니다.
순 해당
연도 출장자
특근 
매식비 
지급일
출장일 출장목적 출장장소
출장여비 
중 식비
지급액
(A)
특극
매식비 
지급액(B)
중복
지급
금액(c)
9 2023 ***
2023-
09-19 
2023-
09-19 
2023년직업계고 
취업박람회 학생 
인솔
전북테크비즈
센터 15,000 5,000 5,000
10 2023 *** 2023-
10-18 
2023-
10-18 
2023년직업계고 
기능인재한마당 
체험부스 운영
전주 
치명자산 
평화의 전당
15,000 5,000 5,000
11 2024 *** 2024-
11-19 
2024-
11-19 
교육과정 설명 
및 진로상담
전주일대(기
전중, 풍남중, 
전주남중, 
곤지중, 
양지중)
15,000 5,400 5,400
12 2024 ***
2024-
12-03 
2024-
12-03 
공동실습소 교육 
인솔(2-1반)
전주공동실습
소 15,000 5,400 5,400
13 2024 ***
2024-
12-30 
2024-
12-30 
현장실습생 
순회지도
충북 음성군 
대소면 
대소산단로20
(CJ 푸드빌 
음성공장)
20,000 5,400 5,400
14 2025 *** 2025-
04-07 
2025-
04-07 
2025 지방기능
경기대회참가 학
생 인솔
전주공업고등
학교 20,000 5,900 5,900
합    계 220,000 68,600 68,600
- 30 -
②〔시정〕 중복 지급된 특근매식비 68,600원을 아래 관련자로부터 ‘회수’
하여 학교회계에 세입 조치하시기 바랍니다.
관   련   자 
순 소속 직급 성명 금액
1 *****고등학교 교사 *** 20,300
2 *****고등학교 교사 *** 9,500
3 *****고등학교 교사 *** 5,400
4 *****고등학교 교사 *** 5,400
5 *********고등학교 교사 *** 10,000
6 *******고등학교 교감 *** 4,500
7 ******고등학교 교사 *** 4,500
8 퇴직 퇴직 *** 9,000
합     계 68,600
- 31 -
전북특별자치도교육청
시정(회수) 요구 및 통보
제        목     복무(가족돌봄휴가, 공가) 사용 부적정 
소 관  기 관     전북유니텍고등학교
조 치  기 관     전북유니텍고등학교 
내        용
1. 업무개요
  전북유니텍고등학교는 「국가공무원 복무규정」 및 「국가공무원 복무‧징계 
관련 예규」에 따라 소속 교원의 복무를 관리‧감독하고 있으며, 「전북특별
자치도교육감 소속 교육공무직원 관리 규정」에 따라 소속 교육공무직원에 
대한 복무를 관리‧감독하고 있다.
2. 관계법령 및 판단기준  
  가. 가족돌봄휴가 사용 부적정
  「국가공무원 복무규정」제20조(특별휴가) 제14항 제4호에 따르면 질병, 
사고, 노령 등의 사유로 조부모, 외조부모, 부모(배우자의 부모를 포함한다), 
배우자, 자녀 또는 손자녀를 돌봐야 하는 경우 연간 10일의 범위에서 가족돌봄
휴가를 받을 수 있고, 제14항에 따른 가족돌봄휴가는 무급으로 하되, 자녀(같은 항 
제4호의 경우에는 미성년자 또는 장애인인 자녀로 한정한다)를 돌보기 위한 
일련번호 전북유니텍고등학교-9
- 32 -
가족돌봄휴가는 연간 2일(자녀가 2명 이상이거나 장애인인 경우 또는 해당 
공무원이「한부모가족지원법」 제4조 제1호의 모 또는 부에 해당하는 경우에는 
3일)까지 유급으로 한다고 되어 있고,
  「국가공무원 복무‧징계 관련 예규」에 따르면 부서장은 유급 가족돌봄휴가 
승인 시 관련 증빙서류를 확인하여야 한다고 되어 있다.
  
나. 공가 사용 부적정
  “전북특별자치도교육감(구, 전라북도교육감) 소속 교육공무직원 관리규정”
제47조(공가)에 따르면 건강진단, 건강검진 또는 결핵 검진 등을 받는 경우 
직접 필요한 기간을 공가로 허가받을 수 있고, 공가기간은 유급으로 한다고 
되어 있다.
3. 감사결과 확인된 문제점 
  가. 가족돌봄휴가 사용 부적정
   그런데도 전북유니텍고등학교 교사 ***는 2022. 12. 29. 가족돌봄휴가(유급) 사
유가 아닌‘배우자 건강검진’사유로 가족돌봄휴가(유급)를 승인받아 부
적정하게 사용한 사실이 있다.
※ 가족돌봄휴가(유급) 사용 부적정 현황
연도 직급 성명 사용기간 사용일수 종별 사유
정당
복무처리 비고
2022 교사 *** 2022. 12. 29. 1일 가족돌봄휴가(유급) 배우자 
건강검진
연가, 
가족돌봄
휴가(무급)
  ※ 2022년 사용 가능 연가일수 14일 중 10일 사용
 
 
- 33 -
나. 공가 사용 부적정
  그런데도 전북유니텍고등학교 ***** ***는 2022. 11. 16.(수) 공가 사유가 아닌 건
강검진 결과에 따른 재검진의 사유로 공가를 승인받아 공가를 부적정하게 사용한 
사실이 있고,
※ 공가 사용 부적정 내역 
연도 직급 성명 사용기간 사용일수 사유 부적정내역 정당
복무처리
2022 ***** *** 2022. 11. 16. 1일 건강검진 결과에 
다른 재검진 공가 연차
 그 결과 【표】“연차수당 과다 지급 내역”과 같이 2022년 연차수당 81,330원을 과다 
지급받은 사실이 있다.                    
【표】연차수당 과다 지급 내역
   (단위:원)
관계기관 의견
  전북유니텍고등학교는 감사 결과를 수용하면서 앞으로 관련 법령을 숙지하여 
교직원 복무 처리를 철저히 하겠다는 의견을 제시하였다.
연도 직급 성명
연가일수
기지급액
(A)
정당
지급액
(B)
과다지급
받은금액
(C=A-B)
비고
법정
실제 지급일 수 정당 지급 일수
사용
일수
연차수당 
지급 일수
사용
일수
연차수당 
지급 일수
2022 ***** *** 16 6 10 7 9 813,280 731,950 81,330
- 34 -
조치할 사항 
전북유니텍고등학교장은
①〔통보〕 앞으로 관련 법령과 규정 등에 따라 복무 관리를 철저히 하여 
주시기 바랍니다.
②〔시정〕 ***** ***에게 과다 지급한 연차수당 81,330원을 ‘회수’하여 교육비특
별회계로 세입 조치하시기 바랍니다.
- 35 -
전북특별자치도교육청
시정(회수) 요구 및 통보 
제        목     인건비(연가보상비, 겸임수당) 지급 부적정 
소 관  기 관     전북유니텍고등학교
조 치  기 관     전북유니텍고등학교 
내        용
1. 업무개요
  전북유니텍고등학교는 「지방공무원 보수규정」등에 따라 인건비를 지급하고 
있다.
2. 관계법령 및 판단기준
  가. 연가보상비 지급 부적정
   「지방공무원수당 등에 관한 규정」제18조의 5(연가보상비)에 따르면 
공무원이 사용하지 못한 연가에 대해 예산 범위 내에서 보상비를 지급할 
수 있다고 규정되어 있다.
  
일련번호 전북유니텍고등학교-10
- 36 -
  나. 겸임수당 지급 부적정
  「전북특별자치도교육감소속지방공무원 보직관리규정」제4조의 2(병설·
부설·통합 운영학교 행정실 근무자의 보직)에 따르면 병설·부설·통합 
운영학교 행정실에 보직된 지방공무원의 경우 겸임 발령을 받은 것으로 
본다고 되어있고, 「지방공무원 보수 규정」제31조에 따르면 공무원이 겸임된 
경우에는 겸임수당을 지급할 수 있다고 되어있다.
3. 감사결과 확인된 문제점 
  가. 연가보상비 지급 부적정
   그런데도 전북유니텍고등학교는 2023. 1. 1. ******** ***의 **휴직(20**. *. *. 
~ 20**. *. *.)후 복직에 따른 2023. 1. 17. 급여 지급 시 근무기간에 따른 법정
연가일수를 재산정하여 4일분을 회수처리하였으나1), 그 결과 근무기간에 
따른 연가보상일수 4일을 보상하지 아니하고 1일을 보상하여 연가 3일에 
대한 보상비 147,020원을 과소지급한 사실이 있다. 
 ※ 연가보상비 과소 지급 내역
 (금액 단위: 원)
1) 2022년 연가보상비 상반기 조기집행에 따라 2022년 6월 연가보상비 5일분 보상받았으며, ******** *** 20**. *. *.자 **휴직
하였고, 복직 후 급여에서 회수처리함 
   20**. *. *일자 **휴직에 따라 ***의 실제근무기간은 2022. 3.1. ~ 2022. 6. 30일로 4개월이며, 연가보상일수 산정을 
위한 재직기간은 군 복무 기간(1년 9개월)을 포함하여 재직 기간은 2년 이상 3년  미 만 이 며, 이 에  따 른  연 가  가 용  일 수 는  14일., 
연가 산정식(14일 * 4/12월 = 4.66…)에 따라 법정연가일수는 4일, 2022년 6월 연가보상비 조기집행에 따라 기지급된 5일
분 중 1일분의 연가보상비를 회수처리 하였어야 하나, 적용 오류로 4일분 중 4일분을 회수처리 함
연도 직급 성명
연가일수
기지급
액
(A)
정당
지급액
(B)
과소
지급
액
(C=A-B)법정
실제 지급 정당 지급 과소
지급
일수사용 연차수당 
지급 일수 사용 연차수당 
지급 일수
2022 ******** *** 4 0 1 0 4 3 49,010 196,030 147,020
- 37 -
나. 겸임수당 지급 부적정
  그런데도 전북유니텍고등학교는 2022. 7. 급여 지급 시 ******** ***이 전임
교에서 수령한 겸임수당 지급 자격을 20**. *. *. 전입으로 인하여 상실
하여 겸임수당 지급대상자가 아님에도 겸임수당(병설유치원겸임수당) 50,000
원을 과다 지급한 사실이 있다. 
※ 겸임수당 과다 지급 내역
 (금액 단위: 원)
 
관계기관 의견
  전북유니텍고등학교는 감사 결과를 수용하면서 앞으로 관련 법령을 숙지하여 
교직원 급여 지급 업무를 철저히 하겠다는 의견을 제시하였다.
조치할 사항 
전북유니텍고등학교장은 
①〔통보〕 앞으로 관련 법령과 규정 등에 따라 인건비 지급 업무를 철저히 
하여 주시기 바랍니다.
②〔시정〕  ******** ***에게 과소 지급된 연가보상비 147,020원을 ‘추가’지급하시
기 바라며,  ******** ***에게 과다 지급된 겸임수당 50,000원‘회수’하
여 교육비특별회계로 세입 조치하시기 바랍니다.
연도 직급 성명
겸임
발령
여부
수당
명 지급월 기지급액(A) 정당지급액(B) 과다지급액
(C=A-B)
2022 ******** *** 해당
없음
겸임
수당 2022. 7. 50,000 0 50,000
- 38 -
전북특별자치도교육청
 시정(회수) 요구 및 통보 
제        목     수도광열비 세입 조치 부적정
소 관  기 관     전북유니텍고등학교
조 치  기 관     전북유니텍고등학교 
내        용
1. 업무개요
  전북유니텍고등학교는 2022∼2023회계연도에‘누리테라스 조성 공사’등 2건의 
시설공사를 시행하였으며, 이에 대한 공사감독과 준공검사 등의 업무를 추진
하였다.
2. 관계법령 및 판단기준  
  「지방자치단체 입찰 및 계약집행기준」 제2장 제5절 제3관(공사 원가계산)에 
따르면 경비는 공사의 시공을 위하여 소요되는 순공사원가 중 재료비, 
노무비를 제외한 원가라고 되어 있고, 해당 경비의 세비목은 전력비, 수도광열비, 
운반비, 기계경비, 특허권사용료, 기술료, 연구개발비, 품질관리비 등으로 
구성된다고 되어 있으며, 원가계산 시 수도광열비는 경비에 포함된다고 되어 있다. 
  또한 전북특별자치도교육청의 “계약실무편람”에 따르면 준공검사시 전기
ㆍ수도사용료 징수한다고 되어 있다.
일련번호 전북유니텍고등학교-11
- 39 -
3. 감사결과 확인된 문제점 
  그런데도 전북유니텍고등학교는 2022. 6. 30. ‘누리테라스 조성 공사’를 
계약하면서 공사 목적물 완성에 필요한 수도광열비를 원가계산서에 기타경비 
항목으로 반영하고서도 준공처리를 하면서 계약업체로부터 수도광열비 83,320원을 
세입 조치하지 않는 등【표】“수도광열비 세입 미조치 현황”과 같이 총 2건, 
합계 106,670원을 학교회계로 세입조치 하지 않은 사실이 있다.
【표】 수도광열비 세입 미조치 현황
                                                    (단위: 원) 
공사명 계약금액
(천원) 계약자 계약
일자
준공 
일자
수도광열비
세입 미조치 
현황
수도광열비
산출 기준
누 리 테 라 스 
조 성  공 사 43,411 유한회사 ****
대표: ***
2022. 
6. 30.
2022 
7. 14. 83,320 (재료비+노무비)
×0.24%＊
배 수 로  설 치  공 사 15,475
유한회사 ******
대표: ***
2023.
8. 14.
2023.
8. 31. 23,350
(재료비+노무비)
×0.20%＊ ＊
합    계 106,670
＊ [알림]2022년 공사원가 제비율 적용 변경 알림(시설과-4299, 2022. 4. 26.) 수도광열비 요율 적용
＊ ＊    [알 림]2023년  공 사 원 가  제 비 율  적 용  변 경  알 림(시 설 과-5530, 2023. 5. 9.) 수 도 광 열 비  요 율  적 용
관계기관 의견
  전북유니텍고등학교는 감사 결과를 수용하면서 앞으로 관련 법령을 숙지하여 
수도광열비 징수 업무를 철저히 하겠다는 의견을 제시하였다.
- 40 -
조치할 사항 
전북유니텍고등학교장은 
①〔통보〕 앞으로 관련 법령과 규정 등에 따라 수도광열비 징수를 철저히 
하여 주시기 바랍니다.
②〔시정〕 미징수된 수도광열비를 유한회사 ****으로부터 83,320원, 유한회사 
******로부터 23,350원, 각각‘회수’하여 학교회계로 합계 106,670
원을 세입 조치하시기 바랍니다."
종합감사 결과 공개 자료(탑재용).pdf,PDF,"부안여자고등학교 종합감사 결과 공개
2026. 1.
 (감 사 관)
부안여자고등학교 종합감사 결과 공개
 감사결과의 공개는 국민의 알권리 충족과 기관 운영의 투명성을 강화하기 위한 
공익적 조치입니다. 따라서 감사결과 실명이 공개된 모든 기관이 비리에 연관되어 
있는 것은 아님을 알려드립니다. 
□ 감사 개요
○ 감사 기간: 2025. 9. 9. ~ 9. 11. (3일)
○ 감사 인원: 6명 
○ 감사 범위
 - 교무·학사 2022. 3. 1.~2025. 9. 8.(2022. 3. 1. 이 후  교 무·학 사  감 사  미 실 시)
 - 행정·회계 2022. 6. 7.~2025. 9. 8.(지 난 번  감 사  이 후 부 터  금 번  감 사  전 일  까 지)
□ 감사 결과
 ○ 총괄
기관명
신분상(명) 행정상(건) 재정상
조치징계 경고 주의 계 기관
주의 시정 통보 개선 계
학교법인
낭주학회 · ․ 7
(1건)
7
(1건) · 1 · 1 ·
부안여자
고등학교 · 1
(1건)
23
(9건)
24
(9건) · 2 · · 2  ž 시정(회수 등) 3건
  - 12,161,650원
합계 · 1
(1건)
30
(10건)
31
(10건) · 3 · · 3  ž 시정(회수 등) 3건
  - 12,161,650원
 ※ ( )안은 신분상 조치 대상자에 대한 지적 건수 총 합계로 중복 건수 존재
○ 분야별 지적건수
 
유형별 법인 교무·학사 예산·회계 복 무·인 건 비시설 계
지적사항 1 4 3 1 1 10
○ 지적사항(총 10건)
연번 분야별 지적건명 처분
 ❍ 학교법인 낭주학회
1 법인 학교법인 운영 부적정 ▪ 시정
▪ 주의(7명)
 ❍ 부안여자고등학교
1 교무·학사 교내상 수상경력 관리 부적정 ▪ 주의(3명)
2 교무·학사 학업중단 학생 학적 처리 부적정 ▪ 시정
▪ 주의(5명)
3 교무·학사 학생 출결 관리 부적정 ▪ 주의(1명)
4 교무·학사 학교스포츠클럽 운영 부적정 ▪ 주의(4명)
5 예산·회계 교비회계 집행 부적정
▪ 시정
   520,000원 전출
▪ 주의(3명)
6 예산·회계 계 약  관 련  개 인 정 보  안 전 성  확 보  조 치  미 이 행▪ 주의(1명)
연번 분야별 지적건명 처분
7 예산·회계 물품 관리 부적정 ▪ 시정
▪ 주의(2명)
8 복무·인건비 시간외근무수당 지급 부적정
▪ 시정(회수)
   469,650원
▪ 주의(2명)
9 시설 시설공사 준공검사 부적정
▪ 시정(회수)
   11,172,000원
▪ 경고(1명)
▪ 주의(2명)
- 5 -
일련번호 학교법인 낭주학회-1 
전북특별자치도교육청
시정·주의요구
제        목     학교법인 운영 부적정
소 관  기 관     학교법인 낭주학회
조 치  기 관     ① 학교법인 낭주학회 ② 부안여자고등학교 ③ 전북특별자치도교육청
내        용
1. 업무개요
    학교법인 낭주학회는 「사립학교법」 및 정관이 정한 바에 따라 이사회를 
통해 부안여자고등학교 운영의 제반 사항을 종합적으로 관리·감독하고 있다.
2. 법인 정관 미개정
  가. 관계법령 및 판단기준
    「사립학교법」 제9조(학교법인의 권리능력 등)에 따르면 학교법인의 권리능력과 
불법행위능력에 관하여는 「민법」 제34조 및 제35조를 준용한다고 되어 있고, 
「민법」 제34조(법인의 권리능력)에 따르면 법인은 법률의 규정에 좇아 정관으로 
정한 목적의 범위 내에서 권리와 의무의 주체가 된다고 되어 있다.
- 6 -
  나. 감사결과 확인된 문제점
    그런데도 학교법인 낭주학회는 2020. 3. 24. 개정(2020. 9. 25. 시행)된 「사립
학교법」 제52조 제2항 ‘휴직기간은 자녀 1명에 대하여 3년 이내로 하되 분할
하여 휴직할 수 있다’의 개정내용을 학교법인 정관에 반영하지 않은 등 [표 1]과 
같이 2020~2021년도 상위법령 개정으로 변경된 사항 총 2건(개정 1건, 신설 1건)을 
학교법인 정관에 반영하지 않은 사실이 있다.
[표 1] 학교법인 낭주학회 정관 미개정 내역(2020~2021년도) [생략]
3. 사무직원 학교법인 사무 겸임 미발령
  가. 관계법령 및 판단기준
    「사립학교법」 제70조의2 제2항에 따르면 각급 학교 소속 사무직원은 학교의 장의 
제청으로 학교법인 또는 사립학교경영자가 임용하고, 같은 법 제2조에 따라 
‘임용’에는 ‘신규채용’뿐만 아니라 ‘겸임’도 포함되며 학교 소속 사무직원이 
학교의 행정사무 외에 겸임을 하는 경우에는 학교의 장이 학교법인에 겸임 제청을 
하고, 학교법인이 이를 승인하는 절차를 거쳐야 한다고 되어 있다.
    또한 전북특별자치도교육청(구, 전라북도교육청)의 “사립학교 사무직원 인사운영 
지침”에 따르면 신규임용, 겸임, 정직, 해임 등 인사발령시 인사발령 통지서를 
교부하고, NEIS 인사기록카드 및 발령대장의 기록·보관하도록 되어 있다.
  
- 7 -
나. 감사결과 확인된 문제점
    그런데도 학교법인 낭주학회는 20**. *. *. 부안여자고등학교 사무직원 A를 겸임 
발령 없이 학교법인 사무를 처리하게 하는 등 [표 2]와 같이 20**. *. *. ~ 20**. *. *. 
사무직원 3명을 겸임 발령 없이 학교법인 사무를 처리하게 한 사실이 있다.
[표 2] 사무직원 학교법인 사무 겸임 미발령 내역(2022~2025년) [생략]
4. 사무직원 채용 절차 부적정
  가. 관계법령 및 판단기준
    전북특별자치도교육청(구, 전라북도교육청)의 “사립학교 사무직원 인사운영 
지침”에 따르면 임용시험은 시험, 서류전형, 면접 등의 방법으로 하며 공개전형이 
시행에 필요한 사항은 임용권자가 정하여 실시하도록 되어 있고 시험전형(시험, 
서류전형, 면접 등) 위원회 구성·운영은 최소 3명 이상으로 하며, 최종 전형의 
위원 1/3이상은 반드시 외부위원으로 구성해야 한다고 되어 있다.
  나. 감사결과 확인된 문제점
    그런데도 학교법인 낭주학회는 20**. *. *.자 사무직원(2명)을 신규 채용을 하면서 
최종 전형위원(2차 심층 면접) 총 7명 중 외부위원 최소 구성 기준(7명×1/3 이상=2.33명) 
3명이 아닌 2명으로 구성하여 2차 심층 면접전형을 진행한 사실이 있다.
※ 사무직원 채용 최종 전형위원(2차 심층 면접) 구성 현황(7인) [생략]
    그 결과 학교법인 운영의 합법성과 행정의 신뢰성이 저하되었으며, 학교 
법인 사무의 책임 소재가 불명확한 상태로 운영되었다.
- 8 -
관계기관 의견     학교법인 낭주학회는 감사 결과를 받아들이면서 앞으로 관련 
법령과 지침을 준수하여 학교법인 사무를 철저히 수행하겠다는 의견을 제시하였다.
조치할 사항     
학교법인 낭주학회이사장은 
① 상위 법령과 맞게 법인 정관을 개정하고, 부안여자고등학교 사무직원 2명(A, B)에 
대하여 겸임 발령 후 법인사무를 처리하도록 하여 주시고(시정)
② 앞으로 관련 법령과 지침 등에 따라 교직원 채용 업무를 철저히 하시기 바랍니다.
부안여자고등학교장은     관련자에게 주의를 촉구하시기 바랍니다.(주의 3명)
전북특별자치도교육감은     관련자에게 주의를 촉구하시기 바랍니다.(주의 4명)
 
- 9 -
일련번호 부안여자고등학교-1 
전북특별자치도교육청
주  의  요  구
제        목     교내상 수상경력 관리 부적정
소 관  기 관     부안여자고등학교
조 치  기 관     ① 부안여자고등학교 ② 전북특별자치도부안교육지원청
내        용
1. 업무개요
    부안여자고등학교는 학생 수상 관리의 적정을 기하기 위해 교육부의 “학교
생활기록 작성 및 관리지침” 및 “학교생활기록부 기재요령”에 따라 학생 시상
업무 및 수상경력 관리를 하고 있다.
2. 관계법령 및 판단기준
    교육부의 “학교생활기록 작성 및 관리지침” 제9조(수상경력)에 따르면 
학교생활기록부의 수상경력은 재학 중 학생이 교내에서 수상한 상의 명칭, 등급(위), 
수상연월일, 수여기관, 참가대상(참가인원)을 입력한다고 되어 있다. 
- 10 -
    또한 교육부의 “2022~2024학년도 학교생활기록부 기재요령”에 따르면 
학년 초 학교교육계획서에 따라 실시한 교내상만을 기재하며, 수상 사실은 수상
경력 이외의 어떠한 항목에도 입력하지 않는다고 되어 있고, 학년 초 학교교육
계획서에 연간 대회 및 수상내용 등의 실시계획(시행학기, 수상비율, 담당부서, 
공개방식 등)을 기재한다고 되어 있다.
3. 감사결과 확인된 문제점 
    그런데도 부안여자고등학교 교사 A는 20**학년도 학교교육계획서에 포함되어 
있지 않은 학교장상 외 7종, 학생 22명의 교내상 수상경력을 학교생활기록부에 
기재하는 등 [표] 및 [별표] “교내상 수상경력 관리 부적정 세부 현황”과 같이 
20**~20**학년도 교사 3명이 학교교육계획서에 포함되어 있지 않은 교내상 26종, 
학생 193명(20**학년도 22명, 20**학년도 148명, 20**학년도 23명)의 교내상 수상
경력을 학교생활기록부에 기재한 사실이 있다.
[표] 교내상 수상경력 관리 부적정 현황(20**~20**학년도) [생략]
    그 결과 학생 교내상 수상 관리의 신뢰성 및 학교생활기록부 기재의 공정성이 
저하되었다. 
관계기관 의견     부안여자고등학교는 감사 결과를 받아들이면서 앞으로 관련 
법령과 지침을 준수하여 학생 교내상 수상 경력 관리를 철저히 수행하겠다는 의견을 
제시하였다. 
- 11 -
조치할 사항     
부안여자고등학교장은 
① 앞으로 관련 법령과 규정 등에 따라 학생 교내상 수상경력 관리 업무를 철저히 하고
② 관련자에게 주의를 촉구하시기 바랍니다.(주의 2명)
전북특별자치도○○교육지원청교육장은 관련자에게 주의를 촉구하시기 바랍니다.(주의 1명)
[별표]
교내상 수상경력 관리 부적정 세부 현황(20**~20**학년도) [생략]
- 12 -
일련번호 부안여자고등학교-2 
전북특별자치도교육청
시정·주의요구
제        목     학업중단 학생 학적 처리 부적정
소 관  기 관     부안여자고등학교
조 치  기 관     ① 부안여자고등학교 ② 전북특별자치도부안교육지원청
내        용
1. 업무개요
    부안여자고등학교는 학교생활기록의 적정을 기하기 위해 교육부의 “학교생활기록 
작성 및 관리지침”에 따라 학업중단 학생의 학적변동에 관한 사항을 관리하고 있다.
2. 관계법령 및 판단기준
    교육부의 “학교생활기록 작성 및 관리지침” 제7조에 따르면 인적·학적사항의 
특기사항 란에는 학적변동 사유를 입력한다고 되어 있고, 제8조 [별표8](출결상황 
관리 등)에 따르면 수업일수는 학교장이 정한 학년별 학생이 연간 총 출석해야 할 
일수를 말하며, 학적변동(면제·유예·휴학·제적·자퇴·퇴학·전출 등) 당일
까지를 수업 일수에 산입 한다고 되어 있다. 
- 13 -
   또한 교육부의 “2022~2025학년도 학교생활기록부 기재요령”에 따르면 자퇴·
퇴학·휴학·재입학·편입학·복학·유급·조기진급 등 중요한 학적변동인 경우 
학적사항의 ‘특기사항’ 란에 학적변동의 사유를 입력한다고 되어 있고, 학생이 
전출·휴학·제적·자퇴·퇴학할 경우에도 원적교에서는 해당 학생이 재학할 때
까지의 각종 자료를 교육정보시스템 등에 입력하여 보관해야 한다고 되어 있으며, 
‘각종 자료’라 함은 학적 특기사항, 출결 상황, 창의적 체험활동상황 영역별 특기
사항, 교과학습발달상황 세부능력 및 특기사항, 행동특성 및 종합의견 등을 말한다고 
되어 있다. 
3. 감사결과 확인된 문제점 
    그런데도 부안여자고등학교 교사 A는 20**. *. *. 검정고시 준비 사유로 자퇴한 
*학년 *반 B학생의 학적을 반영하면서 학적사항 ‘특기사항’란에 학적변동의 
사유를 입력하지 않는 등 [표 1]과 같이 20**~20**학년도 교사 3명이 학업중단 
학생 9명(20**학년도 2명, 20**학년도 3명, 20**학년도 3명, 20**학년도 1명)의 학적변동 
사유를‘특기사항’란에 입력하지 않은 사실이 있다.
[표 1] 학업중단 학생 학적사항 ‘특기사항’ 미입력 현황(20**~20**학년도) [생략]
    또한 부안여자고등학교 교사 B는 20**. *. *. 부적응 사유로 자퇴한 *학년 *반 
C학생의 학적을 처리하면서 학적 반영일(20**. *. *.)이 아닌 20**. *. *. 기준으로 출결
반영을 하여 정당 수업일수인 176일보다 5일 부족한 171일로 학교생활기록부에 
기재하는 등 [표 2] 와 같이 20**~20**학년도 교사 3명이  학업중단 학생 4명(20**학년도 1명, 
20**학년도 2명, 20**학년도 1명)의 출결상황을 학적변동일 기준으로 반영하지 않아 
정당 수업일수보다 최소 2일~최대 14일 과부족하게 학교생활기록부에 기재한 
사실이 있다.
- 14 -
[표 2] 학업중단 학생 출결상황 처리 부적정 현황(20**~20**학년도) [생략]
    아울러, 교사 B는 20**학년도 *학년 *반 C학생의 학교생활기록부 출결상황 중 
미인정결석을 정당 횟수보다 5회 부족하게 기재하는 등 [표 3]과 같이 20**~20**학년도 
교사 2명이 학업중단 학생 3명(20**학년도 1명, 20**학년도 1명, 20**학년도 1명)의 학교
생활기록부 세부 출결 상황(결석, 지각, 조퇴, 결과) 횟수를 최소 1회~최대 5회 부족하게 
기재한 사실이 있다.
[표 3] 학업중단 학생 세부 출결상황 불일치 현황(20**~20**학년도) [생략]
    그 결과 학교생활기록부 기재의 신뢰성과 공정성이 저하되었다. 
관계기관 의견     부안여자고등학교는 감사 결과를 받아들이면서 앞으로 관련 
법령과 지침을 준수하여 학업중단 학생 학적 관리를 철저히 수행하겠다는 의견을 
제시하였다. 
조치할 사항     
부안여자고등학교장은 
① 20**~20**학년도 학업중단 학생 9명의 학적변동 사유를 학교생활기록부 학적 
‘특기사항’란에 입력하고, 20**~20**학년도 학업중단 학생 4명의 학교생활기록부 
출결상황을 나이스 출결상황과 일치하도록 정정 처리하고(시정)
② 앞으로 관련 법령과 규정 등에 따라 학업중단 학생 학적 관리 업무를 철저히 하며
③ 관련자에게 주의를 촉구하시기 바랍니다.(주의 4명)  
전북특별자치도○○교육지원청교육장은 관련자에게 주의를 촉구하시기 바랍니다.(주의 1명)
- 15 -
일련번호 부안여자고등학교-3 
전북특별자치도교육청
주  의  요  구
제        목     학생 출결 관리 부적정
소 관  기 관     부안여자고등학교
조 치  기 관     부안여자고등학교
내        용
1. 업무개요
    부안여자고등학교는 학생지도 및 상급학교 학생 선발에 활용할 수 있도록 
교육부의 “학교생활기록 작성 및 관리지침”등에 따라 학생들의 결석, 지각, 
조퇴, 결과에 관한 사항을 관리하고 있다.
2. 관계법령 및 판단기준
    교육부의 “학교생활기록 작성 및 관리지침” 제8조(출결상황) 제2항에 따르면 
‘결석일수’, ‘지각’, ‘조퇴’, ‘결과’는 별표 8에 따라 질병·미인정·기타로 
구분하여 연간 총일수 또는 횟수를 각각 입력한다고 되어 있고, 
[별표 8](출결상황 관리 등)에 따르면 질병으로 인한 결석은 결석한 날부터 5일 이내에 
의사의 진단서 또는 의견서(의사 소견서, 진료 확인서 등으로 병명, 진료 기간 등이 
- 16 -
기록된 증빙서류)를 첨부하여 결석 신고서를 제출하여 학교장의 승인을 받은 경우
이며 다만, 상습적이지 않은 2일 이내의 결석은 질병으로 인한 결석임을 증명할 수 
있는 자료(학부모 의견서, 처방전, 담임교사 확인서 등)가 첨부된 결석 신고서를 
5일 이내에 제출하여 학교장의 승인을 받은 경우라고 되어 있다. 
3. 감사결과 확인된 문제점 
    그런데도 부안여자고등학교 20**학년도 **학년 부장교사 A는 “부안여자
고등학교 사무위임 전결규정(2012. 4. 5.)”에 의하여 결석계 관리 전결권자임에도 
*학년 *반 학생 8명의 질병으로 인한 결석 93일에 대한 결석 신고서를 결재하지 
않는 등 [표] 및 [별표] “결석 신고서 관리 부적정 세부 현황”과 같이 20**학년도 
*학년 총 4학급 학생 26명의 질병으로 인한 결석 213일에 대한 결석 신고서를 
결재하지 않은 사실이 있다.
【표】 결석 신고서 관리 부적정 현황(20**학년도) [생략]
    
    그 결과 학생 출결 관리의 공정성과 신뢰도가 저하되었다.
관계기관 의견     부안여자고등학교는 감사 결과를 받아들이면서 앞으로 관련 
법령과 지침을 준수하여 학생 출결 및 결석 신고서 관리를 철저히 수행하겠다는 
의견을 제시하였다. 
조치할  사항     부안여자고등학교장은 
① 앞으로 관련 법령과 규정 등에 따라 학생 출결 관리 업무를 철저히 하고
② 관련자에게 주의를 촉구하시기 바랍니다.(주의 1명)
[별표]
결석 신고서 미결재 세부 현황(20**학년도) [생략]
- 17 -
일련번호 부안여자고등학교-4 
전북특별자치도교육청
주  의  요  구
제        목     학교스포츠클럽 운영 부적정
소 관  기 관     부안여자고등학교
조 치  기 관     ①  부 안 여 자 고 등 학 교  ②  전 북 특 별 자 치 도 교 육 청  ③  전 북 특 별 자 치 도 부 안 교 육 지 원 청
내        용
1. 업무개요
    부안여자고등학교는 「학교체육 진흥법」에 따라 학생들의 신체적 건강 증진과 
바른 인성 함양을 위해 다양한 스포츠 활동 참여 기회를 제공하고자 학교스포츠
클럽을 운영하고 있다.
2. 관계법령 및 판단기준
    「학교체육 진흥법」 제10조(학교스포츠클럽 운영) 제1항에 따르면 학교의 장은 
학생들이 신체활동 프로그램에 참여할 수 있도록 학교스포츠클럽을 운영하여 학생
들의 체육활동 참여 기회를 확대하여야 한다고 되어 있다. 
- 18 -
    또한 전북특별자치도교육청 (구, 전라북도교육청 )의 “2022~2025 학년도 
학교스포츠클럽 운영 매뉴얼”에 따르면 학교스포츠클럽을 활성화하기 위하여 
학교체육소위원회를 구성(필수)하고, 학생 의견수렴 및 모집, 전체 및 클럽별 
연간 운영계획 수립(필수), 학교체육소위원회 심의 및 학교장 승인, NEIS 클럽명 
및 학생 등록, 클럽별 활동 전개, 활동내역 NEIS 입력, 만족도 조사 및 평가, 
평가 결과 반영 등의 절차를 수행하도록 안내하고 있다.
3. 감사결과 확인된 문제점 
    그런데도 부안여자고등학교는 20**학년도 학교스포츠클럽 종목(스트레칭, 8개 
클럽)을 운영하면서 학교체육소위원회를 구성하지 않고 심의 절차 없이 운영하는 등 
[표]와 같이 20**~20**학년도 학교스포츠클럽 스트레칭(1개) 종목만을 운영하면서 
연간 계획을 수립하지 않고 학교체육소위원회의 구성·심의를 받지 않은 사실이 
있다.
[표] 학교스포츠클럽 운영 부적정 내역(20**~20**학년도) [생략]
    그 결과 학생들에게 다양한 스포츠 활동 참여 기회를 제공하지 못하였으며, 
안전한 체육활동 환경 조성을 위한 체계적인 시스템이 구축되지 못하였다. 
관계기관 의견     부안여자고등학교는 감사 결과를 받아들이면서 앞으로 관련 
법령과 지침을 준수하여 학교스포츠클럽 운영 업무를 철저히 수행하겠다는 의견을 
제시하였다. 
- 19 -
조치할  사항     부안여자고등학교장은 
① 앞으로 관련 법령과 규정 등에 따라 학교스포츠클럽 운영 업무를 철저히 하며
② 관련자에게 주의를 촉구하시기 바랍니다.(주의 2명)
전북특별자치도교육감은     관련자에게 주의를 촉구하시기 바랍니다.(주의 1명)
전북특별자치도○○교육지원청교육장은     관련자에게 주의를 촉구하시기 바랍니다.(주의 1명)
- 20 -
일련번호 부안여자고등학교-5 
전북특별자치도교육청
시정·주의요구
제        목     교비회계 집행 부적정
소 관  기 관     부안여자고등학교
조 치  기 관     ① 부안여자고등학교 ② 학교법인 낭주학회 ③ 전북특별자치도교육청
내        용
1. 업무개요
    부안여자고등학교는 ｢사립학교법｣ 및 ｢사학기관 재무·회계 규칙｣ 등에 따라 
교비회계를 집행하고 있다.
2. 관계법령 및 판단기준
    ｢사립학교법｣ 제29조(회계의 구분 등) 제1항 및 제6항에 따르면 학교법인의 
회계는 그가 설치․경영하는 학교에 속하는 회계와 법인의 업무에 속하는 회계로 
구분하고, 교비회계에 속하는 수입은 다른 회계에 전출·대여하거나 목적 외로 부정
하게 사용할 수 없다고 되어 있고, 
- 21 -
    ｢사학기관 재무·회계 규칙｣ 제4조에 따르면 법인과 학교의 재무와 회계는 
건전하게 운영하여야 하며 국가의 정책과 사회의 공공기관으로서의 의무와 그 
설립목적에 반하여서는 아니된다라고 되어 있다.
    또한 전북특별자치도교육청(구, 전라북도교육청)에서 매년 안내한 “교비회계 
예산 검토·분석 결과”에 따르면 교비회계는 세출예산 과목에 맞게 예산을 편성해야 
하며, 교비회계에 속하는 세출예산은 학교운영에 필요한 인건비 및 물건비, 학교
교육에 직접 필요한 시설·설비를 위한 경비, 기타 학교교육 및 학교운영에 직접 
필요한 경비 등으로 이를 목적 외에 사용하지 못하며, 신규교사 채용 업무비, 장애인 
고용부담금 등 교비회계가 아닌 법인회계에서 예산편성하여 집행하도록 안내하고 있다.  
3. 감사결과 확인된 문제점 
    그런데도 부안여자고등학교는 20**. *. *. 학교법인 낭주학회가 부담해야 할 
‘20**학년도 신규교사 선발 평가 협의회비’ 420,000원을 교비회계에서 집행하는 등 
[표]와 같이 20**회계연도 총 2건, 합계 520,000원을 법인회계가 아닌 교비회계에서 
집행한 사실이 있다.
[표] 교비회계 집행 부적정 내역(20**회계연도) [생략]
    그 결과 교비회계 집행의 투명성과 공정성이 저하되었다.
관계기관 의견     부안여자고등학교는 감사 결과를 받아들이면서 앞으로 관련 
법령을 준수하여 교비회계 집행을 철저히 수행하겠다는 의견을 제시하였다. 
- 22 -
조치할 사항     
학교법인 낭주학회 이사장은     교비회계에서 지급한 520,000원을 법인회계에서 
교비회계로 전출하시기 바랍니다.(시정)
부안여자고등학교장은 
① 앞으로 관련 법령과 지침 등에 따라 교비회계 집행을 철저히 하시기 바라며
② 관련자에게 주의를 촉구하시기 바랍니다.(주의 2명)
전북특별자치도교육감은     관련자에게 주의를 촉구하시기 바랍니다.(주의 1명)
- 23 -
일련번호 부안여자고등학교-6 
전북특별자치도교육청
주  의  요  구
제        목     계약 관련 개인정보 안전성 확보 조치 미이행
소 관  기 관     부안여자고등학교
조 치  기 관     부안여자고등학교
내        용
1. 업무개요
    부안여자고등학교는 매년 신입생 교복 구매 물품계약 및 교육과정 운영에 
따른 현장체험학습 등 용역계약 업무를 추진하고 있다.
2. 관계법령 및 판단기준
    ｢개인정보 보호법｣ 제26조(업무위탁에 따른 개인정보의 처리 제한) 제4항에 
따르면 위탁자는 업무 위탁으로 인하여 정보주체의 개인정보가 분실ㆍ도난ㆍ유출ㆍ
위조ㆍ변조 또는 훼손되지 아니하도록 수탁자를 교육하고, 처리 현황 점검 등 수탁자가 
개인정보를 안전하게 처리하는지를 감독하여야 한다고 되어 있다.
- 24 -
    또한 전북특별자치도교육청(구, 전라북도교육청)의 “학교정보 업무 매뉴얼”과 
“[중요알림] 학교 알림 서비스 이용 등 개인정보 처리 업무 위탁 시 유의사항
(미래인재과-2135, 2021. 2. 2.)”에 따르면 개인정보가 포함된 업무 위탁 시 개인정보 
안전성 확보를 위하여 개인정보처리위탁 계약서 작성, 계약업체 개인정보 교육, 
위탁 업무 종료 후 개인정보 파기 확인서를 징구 하여야 한다고 되어 있다.
3. 감사결과 확인된 문제점 
    그런데도 부안여자고등학교는 20**학년도 A업체와 ‘학생 교복 구입(계약일자: 
20**. *. *., 계약금액: 20,120천원)’을 체결하면서 *학년 학생 81명의 개인정보
(이름, 성별, 학년, 반)가 포함된 개인정보처리 위탁 계약서를 작성하지 않고, 계약
업체 개인정보 교육을 실시하지 않았으며, 사업수행 이후 개인정보 파기 확인서를 
징구하지 않는 등 [표]와 같이 20**~20**회계연도 총 11건에 대하여 학생·교직원 
합계 832명(20**회계연도 294명, 20**회계연도 314명, 20**회계연도 224명)의 개인
정보 안전성 확보 조치를 이행하지 않은 사실이 있다.
[표] 개인정보 안전성 확보 조치 미이행 내역(20**~20**회계연도) [생략]
    그 결과 학생 및 교직원의 개인정보가 분실·도난·유출·변조 등에 노출될 
위험을 초래하였다.
관계기관 의견     부안여자고등학교는 감사 결과를 받아들이면서 앞으로 관련 
법령을 준수하여 계약 시 개인정보 안전성 확보를 철저히 수행하겠다는 의견을 
제시하였다. 
- 25 -
조치할 사항     부안여자고등학교장은 
① 앞으로 관련 법령과 규정 등에 따라 개인정보 위탁 업무를 철저히 하시기 바라며
② 관련자에게 주의를 촉구하시기 바랍니다.(주의 1명)
- 26 -
일련번호 부안여자고등학교-7 
전북특별자치도교육청
시정·주의요구
제        목     물품 관리 부적정
소 관  기 관     부안여자고등학교
조 치  기 관     부안여자고등학교
내        용
1. 업무개요
    부안여자고등학교는 「사학기관 재무ㆍ회계 규칙」에 따라 정기재물조사를 
실시하고, 물품을 운용 관리하고 있다.
2. 관계법령 및 판단기준
    「사학기관 재무ㆍ회계 규칙」 제47조(물품의 범위)에 따르면 비품은 품질이나 
형상의 변동없이 비교적 장기간 사용할 수 있는 물품을 의미하며,
같은 규칙 제49조(물품의 관리의무) 및 제50조(물품의 관리)에 따르면 물품관리자
ㆍ물품출납원 및 물품사용자는 선량한 관리자로서의 주의와 의무를 다하고, 물품
관리자는 물품 출납의 사유가 생겼을 때에는 그 물품 출납원에게 그 출납을 명해야 
- 27 -
하며, 물품관리자는 2년마다 정기적으로 학년도 말을 기준으로 재물조사를 실시하여야 
한다고 되어 있다.
    또한 같은 규칙 제53조(학교에 비치할 장부와 서류)와 제53조의2(증빙서류 
및 장부의 보존) 및 제54조(각종서식)에 따르면 물품의 출납명령은 비품수급부 
또는 전산처리하여 관리하도록 되어 있고, 이 규칙에서 정하는 법인과 학교의 
각종 장부와 서류는 별지 제1호 서식부터 별지 제49호의2 서식까지에 따른다고 
되어 있으며, [별지 제38호 서식]에 비품대장을 명시하고 있다. 
3. 감사결과 확인된 문제점  
    그런데도 부안여자고등학교는 20**. *. *. ~ 20**. *. *. 정기적으로 2년마다
실시해야 하는 재물조사를 실시하지 않았다.
    또한 부안여자고등학교는 20**. *. *. 취득한 커피메이커(수량 1개, 174,120원)를 
비품수급부 또는 전산처리시스템(K-에듀파인, 물품취득관리)에 등재하지 않는 등 
[표] 및 [별표] “비품수급부(또는 전산처리시스템) 미등재 세부 현황(20**~20**회계
연도)”와 같이 20**~20**회계연도 총 77건(20**회계연도 40건, 20**회계연도 37건) 
합계 254,337,800원의 물품을 비품수급부 또는 전산처리시스템(K-에듀파인, 물품
취득관리)에 등재하지 않은 사실이 있다.
[표] 비품수급부(또는 전산처리시스템 미등재 현황(20**~20**회계연도) [생략]
    
 
    그 결과 학교 보유 물품의 전반적인 현황을 파악하지 못하여 물품 관리의 
효율성과 적정성이 저하되었다.
- 28 -
관계기관 의견     부안여자고등학교는 감사 결과를 받아들이면서 앞으로 관련 
법령을 준수하여 물품 관리 업무를 철저히 수행하겠다는 의견을 제시하였다. 
조치할 사항     부안여자고등학교장은 
① 즉시 재물조사를 실시하시고, 등재하지 않은 비품 77건을 비품수급부(또는 
전산처리시스템)에 등재하여 정리하고(시정)
② 앞으로 관련 법령과 규정 등에 따라 물품 관리 업무를 철저히 하며
③ 관련자에게 주의를 촉구하시기 바랍니다.(주의 2명)
[별표]
비품수급부(또는 전산처리시스템) 미등재 세부 현황(20**~20**회계연도) [생략]
- 29 -
일련번호 부안여자고등학교-8 
전북특별자치도교육청
시정·주의요구
제        목     시간외근무수당 지급 부적정
소 관  기 관     부안여자고등학교
조 치  기 관     부안여자고등학교
내        용
1. 업무개요
    부안여자고등학교는 「학교법인 낭주학회 정관」에 따라 교원의 보수는 「교육
공무원 보수규정」을 준용하여 지급하고, 전북특별자치도교육청(구, 전라북도교육청) 
“현장체험학습 운영 매뉴얼”에 의하여 학생 현장체험학습을 운영하고 있다.
2. 관계법령 및 판단기준
    「공무원 보수규정」제31조(수당의 지급)에 따르면 수당 지급에 필요한 사항은 
따로 정하도록 되어 있고, 「공무원보수 등의 업무지침」에 따라 수당과 실비
변상 등의 지급기준․절차․방법 등에 관하여 구체적으로 정하고 있으며,
- 30 -
    「공무원보수 등의 업무지침」에 따르면 시간외근무시간 산정방법은 시간외
근무명령에 따라 1일 1시간 이상 시간외근무를 한 경우에 평일은 1시간을 공제한 
후 분 단위까지 합산하고 휴일 및 토요일은 공제 없이 분 단위까지 합산하여 
월간으로 계산한다고 되어 있으며, 시간외근무시간에 대하여 다른 방법으로 금전적 
보상을 하는 경우 시간외근무수당 지급을 제외하도록 명시하고 있다.
    또한 전북특별자치도교육청(구, 전라북도교육청)의 “현장체험학습 운영 
매뉴얼”에 따르면 인솔교원의 시간외 근무수당은 활동 실시 전(운영 계획서에 
명시)에 시간외 근무명령을 득한 자에 한하여 시간외 근무수당을 지급하도록 
되어 있고,
    전북특별자치도교육청(구, 전라북도교육청)의 “2023학년도 사학기관 예산
편성 및 운영지침(교비회계)”에 따르면 현장체험학습이나 학생수련활동 실시 
전에 학교장의 초과근무명령을 득하고 시간외근무를 하였을 경우 시간외근무
수당 지급 가능하며, 이 경우 시간외근무 확인이 있어야 한다고 되어 있다.
3. 감사결과 확인된 문제점
    그런데도 부안여자고등학교는 교사 A에게 20**. *. *. ~ *. *. 시간외근무수당을 
산정하면서 같은 날 16:40~17:30(50분) 방과후학교 수업 강사수당을 별도로 지급
하였는데도 해당 시간에 대한 시간외 근무수당을 공제하지 아니하고 중복 지급
하는 등 [표 1]과 같이 20**. *. ~ 20**. *. 교사 A 외 7명에게 시간외근무수당 
합계 259,090원을 과다 지급한 사실이 있다.
- 31 -
[표 1] 방과후학교 강사수당과 중복지급으로 인한 시간외근무수당 과다지급 현황(20**~20**년) [생략]
    또한 부안여자고등학교는 20**. *. *. ‘20**학년도 *학년 *학기 현장체험학습
(** ****)’을 실시하면서 인솔교원의 시간외 근무를 운영 계획서에 사전 명시하지 
않고서 NEIS 시간외 근무명령 및 수기 시간외 근무 확인서1) 만으로 교사 B에게 
20**. *. *. *시간(*:*~*:*, *:*~*:*)에 대한 시간외 근무수당 52,020원을 지급하는 등 
[표 2]와 같이 총 4명의 교사에게 시간외 근무수당 합계 210,560원을 과다 지급한 
사실이 있다.
[표 2] 현장체험학습 운영계획서 내 명시하지 않은 시간외 근무수당 지급 내역(20**년) [생략]
    그 결과 시간외근무수당 지급의 적정성이 저하되었고 예산의 낭비를 초래하였다.
관계기관 의견     부안여자고등학교는 감사 결과를 받아들이면서 앞으로 관련 
법령을 준수하여 시간외 근무수당 지급 업무를 철저히 수행하겠다는 의견을 제시
하였다. 
조치할 사항     부안여자고등학교장은
① 과다 지급된 시간외 근무수당 469,650원을 관련자로부터 ‘회수’하여 교비
회계로 세입 조치하며(시정)
- 관련자 - [10명, 생략]
② 앞으로 관련 법령과 규정 등에 따라 시간외 근무수당 지급 업무를 철저히 하고
③ 관련자에게 주의를 촉구하시기 바랍니다.(주의 2명)
1) 확인자: 담당교사 000, 결재자: 교감 000(학교 사무위임전결 규정상 교사의 시간외 근무 확인자: 교장)
- 32 -
일련번호 부안여자고등학교-9 
전북특별자치도교육청
시정 ․ 경고․ 주의요구
제        목     시설공사 준공검사 부적정
소 관  기 관     부안여자고등학교
조 치  기 관     ① 전북특별자치도교육청 ② 부안여자고등학교
내        용
1. 업무개요
    부안여자고등학교는 20**~20**회계연도에‘그린스마트스쿨 □□동 리모델링 
전기공사’외 5건의 시설공사를 시행하였으며, 이에 대한 공사감독과 준공검사 
등의 업무를 추진하였다.
2. 관계법령 및 판단기준
    ｢지방자치단체를 당사자로 하는 계약에 관한 법률｣ 제16조(감독) 및 제17조
(검사)에 따르면 계약 담당자는 공사·물품·용역 등의 계약을 체결한 경우에 
그 계약을 적절하게 이행하도록 하기 위하여 필요하다고 인정하면 계약서·설계서 
및 그 밖의 관계 서류에 따라 감독하거나 소속 공무원 등에게 그 사무를 위임하여 
감독하게 하여야 한다고 되어 있고, 
- 33 -
    계약상대자가 계약의 전부 또는 일부의 이행을 끝내면 이를 확인하기 위하여 
계약서·설계서 및 그 밖의 관계 서류에 따라 이를 검사하거나 소속 공무원 등에게 
위임하여 검사하게 하여야 한다고 되어 있으며, 
    ｢지방자치단체를 당사자로 하는 계약에 관한 법률 시행령｣ 제64조(검사) 제5항에 
따르면 검사를 함에 있어서 계약 상대자의 계약이행 내용의 전부 또는 일부가 
계약에 위반되거나 부당함을 발견하였을 때에는 지체 없이 필요한 시정조치를 
명하여야 한다고 되어 있다.
3. 감사결과 확인된 문제점
    그런데도 부안여자고등학교는 20**. *. **. ○○○○와 계약한(계약일 20**. *. *. 
계약금액 715,516천원)‘그린스마트스쿨 □□동 리모델링 전기공사’를 준공 처리
하면서, 케이블 트레이 커버가 부족 시공(493m→235m) 되었음에도 계약 금액을 
감액 정산하지 않고 9,289,000원을 과다 지급하는 등 [표]와 같이 20**~20**회계연도 
총 6건(20**회계연도 1건, 20**회계연도 1건, 20**회계연도 4건) 공사비 합계 
11,172,000원을 과다 지급한 사실이 있다.
[표] 공사비 과다 지급 내역(20**~20**회계연도) [생략]
                                                     
    그 결과 시설공사 계약의 공정성과 투명성이 저하되었으며 예산의 손실을 
초래하였다. 
관계기관 의견     부안여자고등학교는 감사 결과를 받아들이면서 앞으로 관련 
법령을 준수하여 시설공사 준공검사 업무를 철저히 수행하겠다는 의견을 제시하였다.
- 34 -
조치할 사항     
부안여자고등학교장은
① 과다 지급된 공사비 11,172,000원을 관련 업체로부터‘회수’하여 교비회계에 
세입 조치하고(시정)
- 관련 업체 - [6개 업체, 생략]
② 앞으로 준공검사 시 공사비 정산 서류를 철저히 검토하여 공사비를 과다 지급하는 
일이 없도록 관련 업무를 철저히 하며
③ 관련자에게 경고를 촉구하시기 바랍니다.(경고 1명)
전북특별자치도교육감은     관련자에게 주의를 촉구하시기 바랍니다.(주의 2명)
[별표 1]  공사비 과다 지급 세부 내역(20**회계연도) [생략]
▷ 공사명: 그린스마트스쿨 □□동 리모델링 전기공사 
[별표 2]  공사비 과다 지급 세부 내역(20**회계연도) [생략]
▷ 공사명: 기숙사 주변 ◇◇설치                                                       
[별표3]  공사비 과다 지급 세부 내역(20**회계연도) [생략]
▷ 공사명: 운동장 ◈◈ 보수 공사   
[별표 4]  공사비 과다 지급 세부 내역(20**회계연도) [생략]
▷ 공사명: 부안여고 ○○○ 개축 전기공사         
[별표 5]  공사비 과다 지급 세부 내역(20**회계연도) [생략]
▷ 공사명: 부안여고 ◎◎◎◎ 개축 통신공사  
[별표 6]  공사비 과다 지급 세부 내역(20**회계연도) [생략]
▷ 공사명: 부안여고 ◎◎◎◎ 개축 기계설비공사"
종합감사결과공개(탑재용).pdf,PDF,"원광고등학교 종합감사 결과 공개
2025. 7.
 (감 사 관)
원광고등학교 종합감사 결과 공개
 감사결과의 공개는 국민의 알권리 충족과 기관 운영의 투명성을 강화하기 위한 
공익적 조치입니다. 따라서 감사결과 실명이 공개된 모든 기관이 비리에 연관되어 
있는 것은 아님을 알려드립니다. 
□ 감사 개요
○ 감사 기간: 2025. 5. 28.∼5. 30.(3일)
○ 감사 인원: 6명 
○ 감사 범위
 - 교무·학사 2023. 4. 3.∼2025. 5. 27.(지난번 감사 이후부터 금번 감사 전일 까지)
 - 행정·회계 2021. 7. 20.∼2025. 5. 27.(지난번  감사 이 후부터  금번 감 사 전일  까지)
□ 감사 결과
 ○ 총괄
 
신분상(명) 행정상(건)
재정상
조치징계 경고 주의 계 기관
경고
기관
주의 시정 통보 개선 계
. 7
(2건)
23
(8건)
30
(10건)
· · 1 · · 1  ·회수(5건)
  - 7,439,120원   
 ※ ( )안은 신분상 조치 대상자에 대한 지적 건수 총 합계임.
 ○ 분야별 지적건수
 
유형별 교무·학사 예산·회계·
복무·일반행정인건비·인사 시설 계
지적사항 3 4 1 2 10
- 3 -
○ 지적사항(총 10건)
연번 제   목 처분요구
   【교무·학사】
1  출결 관리 부적정  ▪ 주의(1명)
2  수상경력 관리 부적정  ▪ 주의(1명)
 ▪ 시정
3  학교생활기록부 행동특성 및 종합의견 기재 부적정 ▪ 주의(5명)
   【예산·회계·복무·일반행정 분야】
4  회계관직 운용 부적정  ▪ 경고(5명), 주의(1명)
5  관내 출장여비 지급 부적정  ▪ 주의(2명)
 ▪ 시정(회수) 320,000원
6  방과후학교 강사수당 과다 지급  ▪ 주의(5명)
 ▪ 시정(회수) 287,000원
7  건강검진 공가 사용 부적정  ▪ 주의(4명)
 ▪ 시정(회수) 361,170원
  【인건비·인사 분야】
8  인건비 과다 지급  ▪ 주의(2명)
 ▪ 시정(회수) 1,177,090원
   【시설 분야】
9  시설공사 계약 부적정  ▪ 경고(2명)
10  시설공사 준공검사 부적정  ▪ 주의(2명)
 ▪ 시정(회수) 5,293,860원
- 4 -
일련번호 원광고등학교-1 
전북특별자치도교육청
주의 요구
제        목     출결 관리 부적정
소 관  기 관     원광고등학교
조 치  기 관     원광고등학교 
내        용
1. 업무개요
  원광고등학교는 학생의 학업성취도와 인성 등을 종합적으로 관찰·평가
하여 학생지도 및 상급학교의 학생 선발에 활용하는 자료가 될 수 있도록
“학교생활기록 작성 및 관리지침”과 “학교생활기록부 기재 요령”에 따라 
학생 출결에 관한 사항을 관리하고 있다. 
2. 관계법령 및 판단기준  
  「초·중등교육법」 제25조(학교생활기록)에 따르면, 학교의 장은 학생의 
학업성취도와 인성(人性) 등을 종합적으로 관찰·평가하여 학생 지도 및 
상급학교의 학생 선발에 활용할 수 있도록 하기 위하여 교육부령으로 정하는 
기준에 따라 학교생활기록을 작성·관리하여야 한다고 되어 있다.
  또한, 교육부의 “학교생활기록 작성 및 관리지침(교육부훈령)” 제8조(출결상황)에 
따르면 ‘결석일수’, ‘지각’, ‘조퇴’, ‘결과’는 질병·미인정·기타로 구분하여 
- 5 -
연간 총일수 또는 횟수를 각각 입력한다고 되어 있고, “학교생활기록부 기재
요령” 별표8(출결상황 관리 등)에서 기타결석은 부모·가족 봉양, 가사 조력, 
간병 등 부득이한 개인사정에 의한 결석, 기타 합당한 사유에 의한 결석임을 
학교장이 인정하는 경우라고 되어 있으며, 학원수강(예술·체육계 포함)으로 
인한 결석은 미인정 결석 중 기타 합당하지 않은 사유로 결석한 경우임을 
명시하고 있다.
3. 감사결과 확인된 문제점
  그런데도 원광고등학교 교사 A는 2023학년도 *학년 *반 a, b 학생이 예체능 
대회 및 입시 준비를 이유로 신청한 3일간(2023. 7. 19. ~ 7. 21.)의 조퇴를 미인정 
조퇴로 처리하지 아니하고【표】“기타조퇴 처리 부적정 현황”과 같이 기타
조퇴로 처리한 사실이 있다.
【표】 기타조퇴 처리 부적정 현황 
학년도 학년반
(담임명) 학생명 기간
(일수) 조퇴사유 실제
출결처리
정당
출결처리
2023 *-*
(A)
a 7. 19.~7. 21.
(3일)
예체능 대회 
및 입시 준비
기타조퇴
(5, 6, 7교시)
미인정
조퇴b  
관계기관 의견
  원광고등학교는 감사결과를 수용하면서 앞으로 관련 법령을 숙지하여 학생 
출결 관리 업무를 철저히 수행하겠다는 의견을 제시하였다.
조치할 사항 
원광고등학교장은 
① 앞으로 관련 법령과 규정 등에 따라 학생 출결 관리를 철저히 하여 
주시기 바랍니다.
②〔주의〕 관련자에게 ‘주의’ 조치하시기 바랍니다. [주의 1명]
- 6 -
일련번호 원광고등학교-2 
전북특별자치도교육청
주의 및 시정 요구
제        목     수상경력 관리 부적정
소 관  기 관     원광고등학교
조 치  기 관     원광고등학교 
내        용
1. 업무개요
  원광고등학교는 “학교생활기록 작성 및 관리지침”과 “학업성적관리규정”에 
따라 교과 관련 대회 및 교내상 시상 기준을 정하여 학생의 수상경력을 
관리하고 있다.
2. 관계법령 및 판단기준 
  「초·중등교육법」제25조(학교생활기록)에 따르면 학교의 장은 학생의 학업
성취도와 인성(人性) 등을 종합적으로 관찰ㆍ평가하여 학생지도 및 상급학교의 
학생 선발에 활용할 수 있도록 하기 위하여 학교생활기록을 작성·관리하도록 
되어 있고, 교육부의 “학교생활기록 작성 및 관리지침” 제9조(수상경력)에 
따르면 학교생활기록부의 수상경력은 재학 중 학생이 교내에서 수상한 상의 
명칭, 등급(위), 수상연월일, 수여기관, 참가대상(참가인원)을 입력한다고 되어 있다.
- 7 -
  또한, 원광고등학교의 “2023학년도 학업성적관리규정” 교과 관련 대회 
및 시상 규정에 따르면 1년 정근상 대상자는 결석, 지각, 조퇴, 결과가 3일 
미만인 자로 하고 3개년간 정근한 자는 정근상을 수여한다고 되어 있다.
3. 감사결과 확인된 문제점
  그런데도 원광고등학교 교사 B은 2023학년도 *학년 *반 c 학생의 재학 기간 
출결상황이 결석 3일, 지각 1회, 조퇴 1회로 결석 일수가 3일을 초과하여 3년 
정근상 대상자가 아닌데도【표】“수상경력 관리 부적정 현황”과 같이 학교
생활기록부 수상경력에 ‘3년 정근상’을 입력한 사실이 있다.
【표】 수상경력 관리 부적정 현황 
학년도 담임명
(학급) 학생명 출결상황(3개년간) 수상경력
입력내용 수상연월일 부적정 내역결석 지각 조퇴 결과
2023 B
(*-*) c 3 1 1 0 3년 정근상 2024. 2. 6.
결석일수 초과로
3년 정근상
수상 불가
관계기관 의견
  원광고등학교는 감사 결과를 수용하면서 앞으로 관련 법령을 숙지하여 
학생 수상경력 관리 업무를 철저히 수행하겠다는 의견을 제시하였다.
조치할 사항 
원광고등학교장은
① 앞으로 관련 법령과 규정 등에 따라 학생 수상경력 관리를 철저히 
하여 주시기 바랍니다.
②〔시정〕 부적정하게 기재된 2023학년도 1명 학생의 학교생활기록부 3년 
정근상 수상경력을 정정(삭제) 처리하시기 바랍니다.
③〔주의〕 관련자에게 ‘주의’ 조치하시기 바랍니다. [주의 1명]
- 8 -
일련번호 원광고등학교-3 
전북특별자치도교육청
주의 요구
제        목     학교생활기록부 행동특성 및 종합의견 기재 부적정
소 관  기 관     원광고등학교
조 치  기 관     원광고등학교 외 1개 기관
내        용
1. 업무개요
  원광고등학교는 “학교생활기록 작성 및 관리지침”과 “학교생활기록부 기재 
요령”에 따라 학생을 관찰하여 누가 기록된 행동특성을 바탕으로 학생을 
총체적으로 이해할 수 있는 종합의견을 교육정보시스템(NEIS) ‘행동특성 
및 종합의견’에 전산으로 입력하여 관리하고 있다.
2. 관계법령 및 판단기준
  「초·중등교육법」 제25조(학교생활기록)에 따르면 학교의 장은 학생의 
학업성취도와 인성(人性) 등을 종합적으로 관찰·평가하여 학생 지도 및 
상급학교의 학생 선발에 활용할 수 있도록 하기 위하여 교육부령으로 정하는 
기준에 따라 학교생활기록을 작성·관리하여야 하고, “학교생활기록 작성 
및 관리지침(교육부훈령)” 제16조(행동특성 및 종합의견)에는 학생을 수시로 
관찰하여 누가 기록된 행동특성을 바탕으로 총체적으로 학생을 이해할 수 
- 9 -
있는 종합의견을 담임교사가 문장으로 입력한다고 되어 있으며, 제4조(처리요령)에 
따르면 학교생활기록부 작성에 필요한 보조부는 각 학교의 실정에 맞게 
계획을 수립하여 전산입력·관리하도록 되어 있다. 
  또한, 교육부의 ‘2023~2024 학교생활기록부 기재요령’ 학교생활기록부 작성 시 
유의사항에 따르면 학교생활기록부에는 학교교육계획이나 학교교육과정에 
따라 학교에서 실시한 각종 교육활동의 이수상황(활동내용에 따른 개별적 
특성이 드러나는 사항 중심)을 기재하는 것이 원칙이라고 되어 있다.
3. 감사결과 확인된 문제점 
  그런데도 원광고등학교 교사 C은 2023학년도 *학년 *반 학생 d와 e의 학교
생활기록부 ‘행동특성 및 종합의견’ 항목에서 100% 동일한 내용을 중복 
기재하는 등 【표】“학교생활기록부 행동특성 및 종합의견 중복 기재 현황”과 
같이 교사 5명이 2023학년도 1학년 1개반 2명, 2학년 1개반 2명, 3학년 1개반 
2명, 2024학년도 2학년 2개반 4명, 합계 10명의 학생들에게 학교생활기록
부 ‘행동특성 및 종합의견’을 중복 기재한 사실이 있다.
【표】 학교생활기록부 ‘행동특성 및 종합의견’ 중복 기재 현황
학년도 담임교사명
(학년반) 해당 학생 중복 비율 내용
2023
C
(*-*) 총 28명 중 2명 7.1% 동일한 내용을 2명씩 1건, 
총 2명의 학생에게 중복하여 기재함
D
(*-*) 총 20명 중 2명 10.0% 동일한 내용을 2명씩 1건, 
총 2명의 학생에게 중복하여 기재함
E
(*-*) 총 28명 중 2명 7.1% 동일한 내용을 2명씩 1건, 
총 2명의 학생에게 중복하여 기재함
2024
F
(*-*) 총 25명 중 2명 8.0% 동일한 내용을 2명씩 1건, 
총 2명의 학생에게 중복하여 기재함
G
(*-) 총 29명 중 2명 6.9% 동일한 내용을 2명씩 1건, 
총 2명의 학생에게 중복하여 기재함
- 10 -
※ 학교생활기록부 ‘행동특성 및 종합의견’ 중복 기재 상세 내용
학년도 담임명
(학년반)
학생명
(번호) 중복 기재 내용
2023
C
(*-*)
d(~~)
e(~~)
기본적인 학습 규칙을 잘 이행하며 자신의 목표가 뚜렷한 
학교 생활을 하고, 모든 일에 솔선수범하며 협력학습 활동에 
적극적으로 참여하는 모범적인 학생임. 학력 향상에 대한 
기대와 의지가 명확하여 수동적으로 기존 학습 습관을 유지
하는 것이 아니라 계속 지난 학습 과정을 돌아보고 계획을 
수정해 나가는 자기주도성이 돋보여 향후 지속적 성장이 기대됨. 
매사 긍정적인 태도를 보여 선생님들과 좋은 관계를 유지하며 
교과 학습은 물론 학교 생활에 대한 의문점이 있을 때 적극적으로 
선생님께 질문하며 문제를 해결해가는 모습을 보임. 자신의 
의견을 내세우기 보다는 다른 사람의 주장을 잘 들어주는 
넉넉한 성품이면서도 학습 활동 중의 토론이나 자율활동시 
글쓰기 과제 등에서 차분하고 논리 정연하게 자신의 의견을 
전개해 나가는 능력을 갖추었음. 특히 공동체 의식이 뛰어나 
교과학술제, 진로 체험 등 학교에서 마련한 각종 행사에 
누구보다 적극적으로 참여하였으며 학급에서 봉사가 필요한 
일이 생길 때 마다 가장 먼저 손을 들어 늘 분주한 학교 생활을 
하였음. 원만하고 부드러운 성격과 운동을 좋아하는 활동력으로 
교우 관계가 넓고 친밀하여 은근히 학급의 여론을 이끄는 
힘과 영향력을 발휘하였음. 
D
(*-*)
f(~~)
g(~~)
학습의욕이 높거나 성적이 우수하지는 않지만 사교성이 좋고 
성격이 활달하며 어려운 친구를 잘 도와주고, 담임교사의 
지도와 조언을 경청하고 수용하려는 자세가 보임. 어려움을 
겪는 친구를 도와주고 타인의 의견을 존중하며 이해할 줄 
알고 먼저 양보할 줄 아는 자세를 가짐.성격이 온순하고 내
성적이나 친하게 지내는 친구들과의 교우관계가 좋음. 새로운 
것에 대한 도전보다는 하고 있는 것을 끝까지 하려는 학생임. 
성품은 조용하지만 자신의 의견을 조리있고 당당하게 말할 
줄 알며 주관이 뚜렷함. 학습에 있어서 자신의 부족한 점을 
잘 알고 있어 이를 보완하기 위해 애씀. 학급일을 하는 데 
있어서 적극적으로 앞장서기보다는 자신을 희생하고 일을 
뒷받침하여 모든 일이 잘 마무리되도록 하는 데 익숙함. 
어른들에 대한 예의가 바르고, 잘못한 일에 대해 반성할 줄 
아는 바람직한 태도를 지님
E
(*-*)
h(~~)
i(~~)
성격이 온순하고 명랑한 학생으로 자신의 이익보다는 남을 
배려할 줄 아는 마음을 지니고 있어 주변에 친구들이 많이 
모이고 급우들 사이에 인기가 좋음. 모둠 단위로 이루어지는 
활동에서 모둠장을 맡아 학습활동이나 진로체험활동을 원활하게 
진행함. 모둠원의 다양한 의견을 효과적으로 조율하고, 모둠원 
각자의 역할을 잘 나누어서 모둠의 목표를 완벽하게 달성하고, 
보고서 작성도 주도함. 수업시간 학습에 대한 몰입도가 높고, 
발표와 질의응답에 적극적으로 참여함. 담임교사와의 상담을 
통해 학습 계획과 방법에 대해 조언을 얻고 학습 과정에서 
변화를 주어야 하는 부분을 성찰하여 학업 능력 향상을 위
해 많은 노력을 기울임. 
- 11 -
관계기관 의견
  원광고등학교는 감사결과를 수용하면서 앞으로 관련 법령을 숙지하여 
학교생활기록부 작성 및 관리 업무를 철저히 하겠다는 의견을 제시하였다.
조치할 사항 
원광고등학교장은
① 앞으로 관련 법령과 규정 등에 따라 학생생활기록부 작성 및 관리를 
철저히 하여 주시기 바랍니다.
② 〔주의〕 관련자에게 ‘주의’ 조치하시기 바랍니다. [주의 4명]
◉◉고등학교장은
① 〔주의〕 관련자에게 ‘주의’ 조치하시기 바랍니다. [주의 1명]
학년도 담임명
(학년반)
학생명
(번호) 중복 기재 내용
2024
F
(*-*)
j(~~)
k(~~)
학급 ooo부 부원(2024.03.01. - 2025.02.28.)으로 활동하며 학급 
홈페이지 관리, 게시판 및 서가 정리, 칠판 정리 등의 역할을 
성실히 수행함. 학교 규칙을 잘 준수하며, 복장, 시간 엄수, 
언행 등 모든 면에서 학생으로서의 모범을 보임. 학습 태도
가 바르고 언행이 고우며, 항상 밝은 얼굴로 급우들에게 친
절하게 대하는 등 이해와 배려심을 바탕으로 한 성숙한 
모습을 보여줌. 자신의 의견을 표현할 때는 주변 여건과 
상황을 세심히 고려하며, 합리적이고 공손한 자세로 의견을 
제시하는 태도를 통해 긍정적이고 고운 심성을 드러냄. 수업 
시간에는 항상 뛰어난 집중력을 발휘하며, 스스로 시간 관리를 
철저히 하는 등 학업 성취를 위해 꾸준히 노력하고 있음. 
진중하고 과묵한 성격을 가지면서도 자신의 감정을 솔직히 
표현하고, 목표를 명확히 설정하며 이를 성취하기 위해 성실히 
노력하는 모습은 매우 인상적임. 인성과 학습 태도가 훌륭하여 
발전 가능성이 큰 학생으로, 따뜻한 마음과 성실한 자세를 
바탕으로 미래에 더욱 큰 성장을 이룰 것으로 기대됨.
G
(*-*)
l(~~)
m(~~)
조용하고 차분한 성격이지만 맡은 일을 책임감 있게 수행하며, 
성실한 태도로 학급 및 학교 활동에 기여함. 친구들과 원만한 
관계를 형성하며, 갈등 상황에서도 침착하게 조율하는 능력을 
보여줌. 기본적인 예절을 잘 갖추고 있으며, 교사 및 친구들과의 
관계에서 예의를 지키며 신뢰를 쌓음.
- 12 -
일련번호 원광고등학교-4 
전북특별자치도교육청
경고·주의 요구
제        목     회계관직 운용 부적정
소 관  기 관     원광고등학교
조 치  기 관     원광고등학교 외 1개 기관
내        용
1. 업무개요
  원광고등학교는 ｢사학기관 재무·회계 규칙｣ 및 전북특별자치도교육청
(구, 전라북도교육청) “사학기관 예산편성 및 운영지침(교비회계)”에 따라 
회계관직을 지정하고 교비회계를 집행하고 있다.
2. 관계법령 및 판단기준
  「사학기관 재무·회계 규칙」 제25조(수입기관과 지출명령기관)에 따르면 
학교의 수입기관·지출명령기관은 학교의 장으로 하며, 학교장은 수입에 
있어서는 세입징수자, 지출에 있어서는 지출명령자라고 되어 있다. 
   또한, 전북특별자치도교육청(구, 전라북도교육청)의 “사학기관 예산편성 
및 운영지침(교비회계)”에 따르면 회계관직(임시출납원 포함)은 회계질서의 
문란방지, 예산의 낭비요인 사전차단, 행정의 능률성 등을 종합적으로 
고려하여 적정하게 지정ž운용하여야 하며 회계관계공무원에 대하여는 
반드시 재정보증을 설정해야 한다고 되어 있다.
- 13 -
3. 감사결과 확인된 문제점
  그런데도 원광고등학교는 2021. 9. 30. ‘식생활관 냉난방기 개선공사비
(관급자재, 금액 47,060,260원)’ 지출원인행위에 대해 지출명령자(교장)가 아닌 
교감이 최종 결재하는 등 【표】“회계관직 운용 부적정 현황”과 같이 
2021∼2023회계연도 총 51건, 합계 1,244,531,390원을 회계관직(지출명령자)으로 
지정되지 않은 교감이 지출원인행위에 대한 최종 결재한 사실이 있고, 
재정보증도 설정하지 않은 사실이 있다.
【표】 회계관직 운용 부적정 현황
(단위 : 원)
순 회계
연도
지 출 원 인 행 위
결재일자 제목 금액(원) 작 성 자
최 종  결 재 자학교장
복무직 위 성명
1
2021
2021. 9. 30 식생활관 냉난방기 
개선공사비(관급자재) 47,060,260 D 교감 G 관외출장
2 2021. 9. 30 학습자 중심 활동 공간 
생활교양과 예산 집행    700,600 D 교감 G 관외출장
3 2021. 9. 29 2021. 9월 방역도우미 
4대보험 학교부담금 납부    250,720 E 교감 G 관외출장
4 2021. 9. 29 2021. 9월 교육공무직 
급식종사자 인건비 지급 28,829,600 E 교감 G 관외출장
5 2021. 9. 29 2021. 9월 교육공무직 회계직원 
4대보험 학교부담금 납부 1,213,630 E 교감 G 관외출장
6 2021. 9. 29 2021. 9월  교 육 공 무 직 
회 계 직 원(교 무 실 무 사  외) 인 건 비  지 급 13,688,110 E 교감 G 관외출장
7 2021. 9. 29 2021. 9월 교직원 건강보험 
학교부담금 납부 8,781,940 E 교감 G 관외출장
8 2021. 9. 29 2021. 9월 급식종사자 4대보험 
학교부담금(영양사) 납부    328,350 E 교감 G 관외출장
9 2021. 9. 29 2021. 9월 급식종사자 4대보험 
학교부담금(영양실무사) 납부   232,840 E 교감 G 관외출장
10 2021. 9. 29 2021. 9월 급식종사자 4대보험 
학교부담금(조리사) 납부    284,570 E 교감 G 관외출장
11 2021. 9. 29 2021. 9월 급식종사자 4대보험 
학교부담금(조리원) 납부 1,926,040 E 교감 G 관외출장
12 2021. 9. 29 2021. 9월 기간제교원 
4대보험 학교부담금 납부 6,551,030 E 교감 G 관외출장
- 14 -
순 회계
연도
지 출 원 인 행 위
결재일자 제목 금액(원) 작 성 자
최 종  결 재 자학교장
복무직 위 성명
13
2021
202
2021. 9. 29 2021. 9월 방역도우미 인건비  6,011,280 E 교감 G 관외출장
14 2021. 9. 29 2021. 9월 학교운동부지도자  
(유도부코치) 인건비 지급  2,335,000 E 교감 G 관외출장
15 2021. 9. 29 2021. 9월  학 교 운 동 부 지 도 자(유 도 코 치) 
4대 보 험  학 교 부 담 금  납 부    247,790 E 교감 G 관외출장
16 2021. 9. 29 9월 전기요금(본관심야전기) 지급     4,120 F 교감 G 관외출장
17 2021. 9. 29 9월  전 기 요 금(식 생 활 관  심 야 전 기) 납 부     36,720 F 교감 G 관외출장
18 2021. 9. 29 CMS 수납(9/29) 수수료 납부     11,940 F 교감 G 관외출장
19 2021. 9. 29 교정 잔디네잎클로버 제거제 살포     52,800 F 교감 G 관외출장
20 2021. 9. 29 물티슈 구입     35,640 F 교감 G 관외출장
21 2021. 9. 29 수학과에 필요한 학습자 중심 
자료 구입  1,000,000 F 교감 G 관외출장
22 2021. 9. 30
2021학년도 2학기 방과후학교 
자유수강권 지원 대상 학생 2차 
교재 구입
  832,050 F 교감 G 관외출장
23 2021. 9. 30 2021학년도 2학기 
진로진학상담을 위한 다과 구입    149,530 F 교감 G 관외출장
24 2021. 10. 1 2021학 년 도  8월  자 랑 스 런  원 광 인 
시 상 품  구 입  및  배 너  제 작    180,000 F 교감 G 관내출장
25 2021. 9. 30 2021학년도 8월 자랑스런 원광인 
시상품 구입 및 배너 제작     30,000 F 교감 G
관외출
장
26 2021. 9. 30 2021학년도 9월 유도부 
방과후학교 지도수당 지급  1,500,000 F 교감 G 관외출장
27 2021. 9. 30 9월 전기요금 납부 9,970,510 F 교감 G 관외출장
28 2021. 9. 30 밴드부 동아리 준비물 구입    300,000 F 교감 G 관외출장
29 2021. 9. 30 밴드부 동아리 준비물 구입    119,500 F 교감 G 관외출장
30 2021.12.27 12월 급식식재료 - 가금류 4,614,100 F 교감 G 연가
31 2021.12.27 12월 급식식재료 - 공산품 14,697,250 F 교감 G 연가
32 2021.12.27 12월 급식식재료 - 농산물 1,103,200 F 교감 G 연가
33 2021.12.27 12월 급식식재료 - 수산물  1,324,300 F 교감 G 연가
34 2021.12.27 12월 급식식재료 - 유제품류 2,554,800 F 교감 G 연가
35 2021.12.27 12월 급식식재료 - 육류  3,927,170 F 교감 G 연가
36 2021.12.27 12월  급 식 식 재 료  - 지 역 산 가 공 품)  2,289,950 F 교감 G 연가
37 2021.12.27 12월  급 식 식 재 료  - 친 환 경 농 산 물3,531,400 F 교감 G 연가
38 2021.12.27 2021년  제2차  학 교 도 서 관  장 서  확 충 
다 변 화  지 원  사 업  도 서  구 입  2,137,820 F 교감 G 연가
39 2021.12.27 고교학점제 대비 
교육과정협의회 실시     60,000 D 교감 G 연가
40 2021.12.27 12월 급식식재료-친환경쌀류  1,408,200 D 교감 G 연가
- 15 -
관계기관 의견
  원광고등학교는 감사 결과를 수용하면서 앞으로 관련 법령을 숙지하여 
회계관직 운용 업무를 철저히 하겠다는 의견을 제시하였다.
조치할 사항
원광고등학교장은
① 앞으로 관련 법령과 규정 등에 따라 회계관직 운용을 철저히 하여 
주시기 바랍니다.
②〔경고〕 관련자에게 ‘경고’ 조치하시기 바랍니다. [경고 4명]
③〔주의〕 관련자에게 ‘주의’ 조치하시기 바랍니다. [주의 1명]
전북특별자치도◍◍교육지원청교육장은
①〔경고〕 관련자에게 ‘경고’ 조치 하시기 바랍니다. [경고 1명]
순 회계
연도
지 출 원 인 행 위
결재일자 제목 금액(원) 작 성 자
최 종  결 재 자학교장
복무직 위 성명
41
2022
2022. 5. 16 2022. 5월 교직원 급여 지급 361,105,890 E 교감 G 연수
42 2022. 5. 16 2022. 5월  사 학 연 금  학 교 부 담 금  납 부 16,434,130 E 교감 G 연수
43 2022. 10. 6 친목회 교직원 격려 회식   125,000 F 교감 G 관외출장
44 2022. 10. 6 교 과 보 충  프 로 그 램(학 습 도 움 닫 기) 운 영 비   109,000 F 교감 G 관외출장
45 2022. 10. 6 교직원 시모 열반 부의금    50,000 F 교감 G 관외출장
46 2022. 10. 6 교 직 원  친 목 행 사  교 직 원  격 려  간 식    301,800 F 교감 G 관외출장
47 2022. 10. 6 음악학습준비물 구입    500,000 F 교감 G 관외출장
48
2023
2023. 1. 16 2023. 1월  교 육 공 무 직  명 절 휴 가 비  9,700,000 E 교감 G 관외출장
49 2023. 1. 16 2023. 1월 교직원 급여 지급 669,244,090 D 교감 G 관외출장
50 2023. 1. 16 2023. 1월  사 학 연 금  학 교 부 담 금  납 부 16,647,460 D 교감 G 관외출장
51 2023. 5. 2 2023. CMS 이체수수료 납부(4/27)      1,260 F 교감 G 관외출장
합계 1 ,244 ,530 ,130
- 16 -
일련번호 원광고등학교-5 
전북특별자치도교육청
주의 및 시정(회수) 요구
제        목     관내 출장여비 지급 부적정
소 관  기 관     원광고등학교
조 치  기 관     원광고등학교 외 1개 기관
내        용
1. 업무개요
  원광고등학교는 소속 직원이 공무(公務)로 여행을 하는 경우에 공무의 원활한 
수행을 위하여 ｢공무원 여비 규정｣ 등 관련 법령에 따라 소속 직원에게 출장 
여비를 지급하고 있다. 
2. 관계법령 및 판단기준
  전북특별자치도교육청(구, 전라북도교육청)의 “사학기관 예산편성 및 운영
지침(교비회계)”에 따르면 여비에 관한 사항은 ｢공무원여비규정(대통령령)｣, 
｢공무원보수 등의 업무지침(인사혁신처 예규)｣에 따라 예산의 범위 내에서 
지급하도록 되어 있다.
  「공무원 여비 규정」 제18조(근무지 내 국내 출장 시의 여비)에 따르면 
출장 여행시간이 4시간 이상인 공무원에게는 2만원을 지급하고, 4시간 미만인 
- 17 -
공무원에게는 1만원을 지급하고, 공무용 차량을 이용하는 경우 등 인사혁신처장이 
정하는 바에 따라 출장을 하는 공무원에게는 1만원을 감액하여 지급한다고 
되어 있고, 제28조(여비의 조정)에 따르면 소속 기관의 장은 예산의 부족 
또는 그 밖의 사유로 여비를 지급하지 아니할 충분한 이유가 있다고 인정될 
때에는 지급하는 여비를 감액하거나 여비의 전부 또는 일부를 지급하지 
아니할 수 있다고 되어 있다. 
  또한, 「지방공무원 복무에 관한 예규」 Ⅶ. 출장에 따르면 근무지내 출장 중 왕복 
2km 이내의 근거리 출장으로 실비가 발생하지 않는 경우에는 여비 지급 없이 
출장으로 처리한다고 되어 있다.
3. 감사결과 확인된 문제점
  그런데도 원광고등학교는 2021. 11. 5. 교사 H의 2021학년도 2학년 테마식 
현장체험학습(출장지: 원광보건대학교) 근무지내 출장여비를 지급하면서 전세버스를 
이용하였음에도 여비 1만원을 감액하지 않고 지급하는 등 【표】“관내 
출장여비 과다 지급 내역”과 같이 2021~2025회계연도 총 24건, 합계 
320,000원의 관내 여비를 과다 지급한 사실이 있다.
 【표】 관내 출장여비 과다 지급 내역
(단위: 원)
순 직 출장자 출장
구분 출장일시 출장목적 출장지
여비 지급 내역(일비)
비고기
지급액
정당
지급액
과다
지급액
1 H 관내-
종일
2021. 11. 5.
08:30~14:00
2021학년도 
2학년 테마식 
현장체험학습
원광보건
대학교 20,000 10,000 10,000 
전세버스
이용
2 I 관내-
종일
2021. 11. 5.
08:30~14:00
2021학년도 
2학년 테마식 
현장체험학습
원광보건
대학교 20,000 10,000 10,000 
3 J 관내-
종일
2021. 11. 5.
08:30~14:00
2021학년도 
2학년 테마식 
현장체험학습
원광보건
대학교 20,000 10,000 10,000 
4 K 관내-
종일
2021. 11. 5.
08:30~14:00
2021학년도 
2학년 테마식 
현장체험학습
원광보건
대학교 20,000 10,000 10,000 
- 18 -
순 직 출장자 출장
구분 출장일시 출장목적 출장지
여비 지급 내역(일비)
비고기
지급액
정당
지급액
과다
지급액
5 L 관내-
종일
2021. 11. 5.
08:30~14:00
2021학년도 
2학년 테마식 
현장체험학습
원광보건
대학교 20,000 10,000 10,000 
전세버스 
이용
6 M 관내-
종일
2021. 11. 5.
08:30~14:00
2021학년도 
2학년 테마식 
현장체험학습
원광보건
대학교 20,000 10,000 10,000 
7 N 관내-
종일
2021. 11. 5.
08:30~14:00
2021학년도 
2학년 테마식 
현장체험학습
원광보건
대학교 20,000 10,000 10,000 
8 O 관내-
종일
2021. 11. 5.
08:30~14:00
2021학년도 
2학년 테마식 
현장체험학습
원광보건
대학교 20,000 10,000 10,000 
9 P 관내-
종일
2021. 11. 5.
08:30~14:00
2021학년도 
2학년 테마식 
현장체험학습
원광보건
대학교 20,000 10,000 10,000 
10 Q 관내-
종일
2021. 11. 5.
08:30~14:00
2021학년도 
2학년 테마식 
현장체험학습
원광보건
대학교 20,000 10,000 10,000 
11 R 관내-
반일
2023. 4. 20.
13:20~16:20
과학실험실 
담담교사 
직무연수
전북과학
교육원 
(1.7km)
10,000 0 10,000
2km미만
(영수증
미첨부)
12 S 관내
반일
2024. 7. 3.
13:00~16:20 계약실무 교육 전북교육
연수원 10,000 0 10,000
중복지급
(연수원
지급)
13 T 관내-
종일 
2024. 8. 2.
13:30~17:30
2024년 
조리실무사 
청렴교육 및 
위생교육
전북과학
교육원 
(1.7km)
20,000 0 20,000
2km미만
(영수증
미첨부)
14 U 관내-
종일 
2024. 8. 2.
13:30~17:30
2024년 
조리실무사 
청렴교육 및 
위생교육
전북과학
교육원 
(1.7km)
20,000 0 20,000
15 V 관내-
종일 
2024. 8. 2.
13:30~17:30
2024년 
조리실무사 
청렴교육 및 
위생교육
전북과학
교육원 
(1.7km)
20,000 0 20,000
16 W 관내-
종일 
2024. 8. 2.
13:30~17:30
2024년 
조리실무사 
청렴교육 및 
위생교육
전북과학
교육원 
(1.7km)
20,000 0 20,000
17 X 관내-
종일 
2024. 8. 2.
13:30~17:30
2024년 
조리실무사 
청렴교육 및 
위생교육
전북과학
교육원 
(1.7km)
20,000 0 20,000
18 Y 관내-
종일 
2024. 8. 2.
13:30~17:30
2024년 
조리실무사 
청렴교육 및 
위생교육
전북과학
교육원 
(1.7km)
20,000 0 20,000
- 19 -
관계기관 의견
  원광고등학교는 감사 결과를 수용하면서 앞으로 관련 법령을 숙지하여 
출장여비 지급을 철저히 하겠다는 의견을 제시하였다.
조치할 사항 
원광고등학교장은
① 앞으로 관련 법령과 규정 등에 따라 출장여비 지급을 철저히 하여 
주시기 바랍니다.
②〔시정〕 과다 지급된 출장여비 320,000원을 관련자로부터 ‘회수’ 하여 
교비회계로 세입 조치하시기 바랍니다.
③〔주의〕 관련자에게 ‘주의’ 조치하시기 바랍니다. [주의 1명]
전북특별자치도◍◍교육지원청교육장은
①〔주의〕 관련자에게 ‘주의’ 조치 하시기 바랍니다. [주의 1명]
순 직 출장자 출장
구분 출장일시 출장목적 출장지
여비 지급 내역(일비)
비고기
지급액
정당
지급액
과다
지급액
19 G 관내-
종일 
2024. 8. 2.
13:30~17:30
2024년 
조리실무사 
청렴교육 및 
위생교육
전북과학
교육원 
(1.7km)
20,000 0 20,000
2km미만
(영수증
미첨부)
20 AA 관내-
종일 
2024. 8. 2.
13:30~17:30
2024년 
조리실무사 
청렴교육 및 
위생교육
전북과학
교육원 
(1.7km)
20,000 0 20,000
21 AB 관내-
종일
2025. 4. 4 
16:30~21.30
학생자치회 
역량강화 연수 
학생 교육활동 
및 안전지도
익산
유스호스텔 20,000 10,000 10,000 
전세버스
이용
22 AC 관내-
종일
2025. 4. 4 
16:30~21.30
학생자치회 
역량강화 연수 
학생 교육활동 
및 안전지도
익산
유스호스텔 20,000 10,000 10,000 
23 AD 관내-
종일
2025. 4. 4 
16:30~21.30
학생자치회 
역량강화 연수 
학생 교육활동 
및 안전지도
익산
유스호스텔 20,000 10,000 10,000 
24 AE 관내-
종일
2025. 4. 4 
16:30~21.30
학생자치회 
역량강화 연수 
학생 교육활동 
및 안전지도
익산
유스호스텔 20,000 10,000 10,000 
합계 460,000 140,000 320,000
- 20 -
일련번호 원광고등학교-6
 전북특별자치도교육청
주의 및 시정(회수) 요구
제        목     방과후학교 강사수당 과다 지급
소 관  기 관     원광고등학교
조 치  기 관     원광고등학교
내        용
1. 업무개요
  원광고등학교는 학생과 학부모의 요구와 선택을 반영하여 정규 수업 이외의 
교육활동으로 학교 계획에 따라 방과후학교를 운영하고 있다.
2. 관계법령 및 판단기준
  전북특별자치도교육청(구, 전라북도교육청)의 “전북방과후학교 운영 길라
잡이”에 따르면 강사료는 사업부서에서 검사조사 후 제출한 프로그램 활동일지와 
학생 출석부에 근거해 지급하도록 되어 있다.
3. 감사결과 확인된 문제점
  그런데도 원광고등학교 교사 AF은 2023학년도 7월 방과후학교(교과) 
수업을 지도하면서 2023. 7. 10.에 근무상황(병조퇴) 처리로 실제 수업을 
하지 않고서도 수업을 한 것으로 해당일 출석부를 작성하여 강사수당 
38,000원을 지급받는 등 [표] “방과후학교 강사수당 부적정 지급 받은 내역”과 
- 21 -
같이 2023~2024회계연도 총 5명의 교사가 합계 287,000원의 방과후학교 
강사수당을 부적정하게 지급 받은 사실이 있다.
 【표】 방과후학교 강사수당 부적정 지급 받은 내역
(단위:원)
회계
연도 건명 수업
교사명 수업일시 수업
시간
지급
단가
실제
지 급 액
정당
지급액
부적정 
지급 
받은액
비고
2023 방과후학교 
지 도 수 당(교 과) AF 2023.7.10.
17:30~18:20 1시간 38,000 38,000 0 38,000 2023.7.10.
15:10~16:20, 병조퇴
2024 방과후학교 
지 도 수 당(심 화) AF 2024.6.28.
16:30~17:20 1시간 38,000 38,000 0 38,000 2024.6.28.
14:20~16:20, 병조퇴
소 계 76,000
2024 방과후학교 
지 도 수 당(기 초) AG 2024.5.31.
17:30~18:20 1시간 38,000 38,000 0 38,000 2024.5.31.
16:20~23:00, 출장
소 계 38,000
2023 방과후학교 
지 도 수 당(교 과) AH 2023.7.17.
16:30~17:20 1시간 38,000 38,000 0 38,000 2023.7.17.
16:30~20:00, 출장2023 방과후학교 
지 도 수 당(교 과) AH 2023.7.17.
17:30~18:20 1시간 38,000 38,000 0 38,000
소 계 76,000
2024
방과후학교 
지도수당
(학습코칭)
AI 2024.6.14.
16:30~17:20 1시간 13,000 13,000 0 13,000 2024.6.14.
15:30~16:20, 병조퇴
2024
방과후학교 
지도수당
(학습코칭)
AI 2024.10.25.
16:30~17:20 1시간 13,000 13,000 0 13,000 2024.10.25.
15:20~16:20, 병조퇴
2024
방과후학교 
지도수당
(학습코칭)
AI 2024.11.8.
17:30~18:20 1시간 13,000 13,000 0 13,000 2024.11.8.
14:20~16:20, 병조퇴
2024
방과후학교 
지도수당
(학습코칭)
AI 2024.11.12.
17:30~18:20 1시간 13,000 13,000 0 13,000 2024.11.11.~11.13.
8:20~16:20, 휴가
소 계 52,000
2024 더딤학생 지
도수당 AJ 2024.6.13.
19:20~21:00 1시간 45,000 45,000 0 45,000 2024.6.13.
19:00~21:30, 출장
소 계 45,000
합 계 287,000
- 22 -
관계기관 의견
  원광고등학교는 감사 결과를 수용하면서 앞으로 관련 법령을 숙지하여 
방과후학교 강사수당 지급 업무를 철저히 수행하겠다는 의견을 제시하였다.
조치할 사항 
원광고등학교장은
① 앞으로 관련 법령과 규정 등에 따라 방과후학교 강사수당 지급을 철저히 
하여 주시기 바랍니다.
②〔시정〕부적정하게 지급 받은 강사수당 287,000원을 관련자로부터 ‘회수’
하여 교비회계에 세입 조치하시기 바랍니다.
③〔주의〕 관련자에게 ‘주의’ 조치하시기 바랍니다. [주의 5명]
- 23 -
일련번호 원광고등학교-7
전북특별자치도교육청
주의 및 시정(회수) 요구
제        목     건강검진 공가 사용 부적정
소 관  기 관     원광고등학교
조 치  기 관     원광고등학교
내        용
1. 업무개요
  원광고등학교는 “전북특별자치도교육감 소속 교육공무직원 관리규정” 등에 
따라 소속 교육공무직원의 복무를 관리·감독하고 있다.
2. 관계법령 및 판단기준
  “전북특별자치도교육감 소속 교육공무직원 관리규정” 제47조(공가)에 따르면 
운영기관의 장은 소속 교육공무직원이 「산업안전보건법」 제129조부터 제131조까지의 
규정에 따른 건강검진, 「국민건강보험법」 제52조에 따른 건강검진을 받을 
때에는 공가를 허가하도록 되어 있다.
3. 감사결과 확인된 문제점
  그런데도 원광고등학교 ***** AK은 2021. 10. 8.(금) 건강검진을 사유로 공가
를 허가받고서도 허가일에 건강검진을 받지 않고 2021. 12. 30.(목)에 실제 건강
검진을 받는 등 [표1] “건강검진 공가 사용 부적정 내역”과 같이   총 4
명이 공가를 부적정하게 사용한 사실이 있고,
- 24 -
  그 결과, [표2] “연차수당 과다 지급받은 내역”과 같이 2021~2022년 총 4명이 
연차수당 합계 361,170원을 과다 지급 받은 사실이 있다.
【표1】 건강검진 공가 사용 부적정 내역
【표2】 연차수당 과다 지급 받은 내역
  (단위: 원)
관계기관 의견
  원광고등학교는 감사 결과를 수용하면서 앞으로 관련 법령을 숙지하여 
복무 관련 업무를 철저히 수행하겠다는 의견을 제시하였다.
조치할 사항 
원광고등학교장은
① 앞으로 관련 법령과 규정 등에 따라 복무 관리를 철저히 하여 주시기 
바랍니다.
②〔시정〕 과다 지급된 연차수당 361,170원을 관련자로부터 ‘회수’ 하여 
교비회계에 세입 조치하시기 바랍니다.
③〔주의〕 관련자에게 ‘주의’ 조치하시기 바랍니다. [주의 4명]
순 연도 직종 성명
공가 현황 실제검진현황 부적정
사유
부적정
일수
정당
복무사유 허가일 검진일자 복무
1 2021 AK 건강검진 2021. 10. 8. 2021. 12. 30. 방학
허가일
건강검진
미실시
1일 연차
2 2021 AL 건강검진 2021. 11. 15.2021. 12. 30. ″ ″ 1일 연차
3 2021 AM 건강검진 2021. 11. 16.2021. 12. 23. ″ ″ 1일 연차
4 2022 AN 건강검진 2022. 11. 21.2022. 11. 18. 학습휴가 ″ 1일 연차
순 연도 직종 성명
연차 및 연차수당 지급 일수 기
지급액
(A)
정당
지급액
(B)
과 다  지 급
받 은  금 액
(C=A-B)
비 고연 차
일 수
실제 지급 정당 지급
사 용 일 수지 급 일 수사 용 일 수지 급 일 수
1 2021 AK 19 6 13 7 12 1,218,880 1,125,120 93,760
2 2021 AL 16 1.5 14.5 2.5 13.5 1,301,520 1,211,760 89,760
3 2021 AM 13 1 12 2 11 948,480 869,440 79,040
4 2022 AN 18 3.6 14.3 4.6 13.3 1,417,380 1,318,770 98,610
합 계 361,170
- 25 -
일련번호 원광고등학교-8
전북특별자치도교육청
주의 및 시정(회수) 요구
제        목     인건비 과다 지급(교원연구비, 가족수당, 초과근무수당)
소 관  기 관     원광고등학교
조 치  기 관     원광고등학교 외 1개 기관
내        용
1. 업무개요
  원광고등학교는 ｢학교법인 원창학원 정관｣에 따라 공무원 및 사무직원의 
보수, 수당 규정 등에 준용하여 보수를 지급하고 있다.
2. 관계법령 및 판단기준
  ｢학교법인 원창학원 정관｣ 제46조(보수)에 따르면 교원의 보수는 ｢공무원
보수규정｣ 등을 준용하며, 제86조(보수) 사무직원의 보수는 ｢지방공무원 임용령｣에 
따른 ｢지방공무원 보수규정｣ 및 ｢지방공무원 수당 등에 관한 규정｣ 등을 
준용한다고 되어 있다.
  가. 교원연구비 과다 지급
  ｢교원의 지위 향상 및 교육활동 보호를 위한 특별법 시행령｣제9조(교육
연구비용의 지원) 및 ｢전라북도 교원연구비 지급에 관한 규정｣ 제2조(지급
범위)에 따르면 공립 유치원 교원, 공‧사립의 초등학교‧중학교‧고등학교 및 
특수학교 교원에게 교원연구비를 지급한다고 되어 있다.
- 26 -
  또한, 전북특별자치도교육청(구, 전라북도교육청)의 “사학기관 예산편성 
및 운영 지침”에 따르면 정직․직위해제․휴직 또는 파견으로 당해 학교에 근무
하지 아니한 월의 교원(육)연구비는 지급하지 아니한다고 되어 있다.
  나. 가족수당 과다 지급
  ｢공무원수당 등에 관한 규정｣ 제10조(가족수당) 및 ｢공무원 보수 등의 
업무 지침｣ Ⅲ. 가계보전수당 1. 가족수당에 따르면 가족수당의 지급대상인 
부양가족은 부양의무를 가진 공무원과 주민등록표상 세대를 같이 하여야 
하고, 해당 공무원의 주소 또는 거소에서 실제로 생계를 같이 하여야 한다고 
되어 있다.
  또한, 부양가족이 있는 공무원이 부양가족에 변동이 생긴 때에는 지체 
없이 부양가족신고서에 변동사항을 기재하여 신고하여야 하며, 급여담당자는 
매월 급여 지급 시 NEIS 급여시스템 주민정보연계 결과1)를 점검‧확인하여 
가족수당 이중수급자 여부를 확인하여야 한다고 되어 있다.
 다. 초과근무수당 과다 지급
  ｢공무원 보수 등의 업무지침｣Ⅵ. 초과근무수당 등 시간외근무명령에 따르면 
시간외근무수당이 지급되는 근무명령은 시간은 시간외근무명령에 따라 
공무원이 실제 근무한 시간을 합산하여 산정한다고 되어 있다.
3. 감사결과 확인된 문제점
  가. 교원연구비 과다 지급
  그런데도 원광고등학교는 2023. 5. 1. ~ 2024. 2. 29. 질병 휴직으로 실제 
근무하지 않은 교사 AO에게 교원연구비 420,000원을 과다 지급하는 등 【표1】
“교원연구비 과다 지급 내역”과 같이 총 2명의 교사에게 합계 621,870원의 교원연
구비를 과다 지급한 사실이 있다.
1) 주민등록시스템과 연계되어 가족수당을 지급받는 소속 공무원의 부양가족 변동사항 확인
- 27 -
【표1】 교원연구비 과다 지급 내역
(단위: 원)
순 직 대상 지급(휴직)기간 급여항목 기지급액
(A)
정당지급액
(B)
과다지급액
(C=A-B) 비고
1 교사 AO 23.5.1.~24.2.29. 교원연구비 420,000 0 420,000 질 병 휴 직
2 교사 AP 24.10.7.~25.2.28. 교원연구비 213,480 11,610 201,870 질 병 휴 직
합계 633,480 11,610 621,870
  나. 가족수당 과다 지급
  그런데도 원광고등학교 ***** AQ은 2025. 1월 ~ 2025. 2월 부양가족 변동사항
(’24.12.30. 부모 세대분리)이 생겼음에도 부양가족 신고서(변동신고)를  제출
하지 않은 사실이 있고,
  급여담당자는 가족수당을 지급받는 소속 공무원에 대한 NEIS 급여시스템의 
주민정보연계 결과를 확인하지 않아1) 【표2】“가족수당 과다 지급 내역”과 
같이 계약제교원 AQ에게 가족수당 80,000원을 과다 지급한 사실이 있다.
【표 2】 가족수당 과다 지급 내역
(단위: 원)
직 성명 지급
기간
지급
대상
기지급액
(A)
정당지급액
(B)
과다지급액
(C=A-B) 비고
***** AQ 2025.1.~2.
(2월분)
부 40,000 0 40,000 24.12.30.
세대 분리모 40,000 0 40,000
합계 80,000 0 80,000
1) ’25.1월~2월 NEIS 급여시스템에서 가족수당을 지급받는 소속 공무원의 부양가족 변동사항을 확인하지 않음
- 28 -
 다. 초과근무수당 과다 지급
  그런데도 원광고등학교는 ******* AR에게 2021. 10. 2. 18:00~23:00 초과근무명
령을 하였고 실제 초과근무는 07:06~13:16 이루어졌음에도 불구하고 초과근무
명령시간과 다르게 4시간을 인정하였으며, 그 결과 2021. 10월 초과근무 
인정시간을 48시간이 아닌 56시간으로 산정하여 초과근무수당 113,720원을 
과다 지급하는 등 【표3】“초과근무수당 과다 지급 내역”과 같이 
2021~2024년 총 4명에게 합계 475,220원을 과다 지급한 사실이 있다.
【표 3】 초과근무수당 과다 지급 내역
(단위: 원)
순 직급 성명 연도 해 당
월
기초과근무내역 정당 초과근무내역 과다 초과근무내역
비고기
인 정 시 간
기
지 급 액( A )
정당
인 정 시 간
정당
지 급 액( B )
과다
인 정 시 간
과 다 지 급 액
( C = A - B )
1 AR
2021
10 56:00  7 9 6, 0 4 0 48:00  6 8 2, 3 2 0 08:00  1 1 3 , 7 2 0 
10. 2.
명령 18:00~23:00(04:00)
실제 07:06~13:16(04:00)
인정 07:06~13:16(00:00)
10. 3.
명령 18:00~23:00(04:00)
실제 07:06~14:05(04:00)
인정 07:06~14:05(00:00)
11 52:00  7 3 9, 1 8 0 48:49  6 8 2, 3 2 0 04:00  56,860 
11. 1.
명령 18:00~23:00(04:00)
실제 16:00~21:28(04:00)
인정 18:00~21:28(02:28)
11. 2.
명령 18:00~23:00(04:00)
실제 16:00~21:21(04:00)
인정 18:00~21:21(02:21)
2022
3 55:48  7 9 4, 5 3 0 52:47  7 5 1, 2 0 0 03:00  43,330 
3. 21.
명령 18:00~23:00(04:00)
실제 16:00~21:16(04:00)
인정 18:00~21:16(02:16)
3. 22.
명령 18:00~23:00(04:00)
실제 16:00~21:43(04:00)
인정 18:00~21:43(02:43)
4 64:00  8 2 3, 4 3 0 56:00  8 0 8, 9 8 0 01:00  14,450 
4. 23.
명령 18:00~23:00(04:00)
실제 07:49~12:02(04:00)
인정 07:49~12:02(00:00)
4. 24.
명령 18:00~23:00(04:00)
실제 07:18~12:48(04:00)
인정 07:18~12:48(00:00)
소계 227:48 3 , 1 5 3 , 1 8 0205:36 2 , 9 2 4 , 8 2 016:00 228,360
2 AS 2022 1 51:23 736,750 50:03 722,300 01:00 14,450
1. 4.
명령 16:30~21:30(04:00)
실제 16:10~20:30(03:20)
인정 16:30~20:30(03:00)
1. 5.
명령 16:30~21:30(04:00)
실제 16:10~20:35(03:25)
인정 16:30~20:35(03:05)
- 29 -
순 직급 성명 연도 해 당
월
기초과근무내역 정당 초과근무내역 과다 초과근무내역
비고기
인 정 시 간
기
지 급 액( A )
정당
인 정 시 간
정당
지 급 액( B )
과다
인 정 시 간
과 다 지 급 액
( C = A - B )
1. 6.
명령 16:30~21:30(04:00)
실제 16:10~19:10(02:00)
인정 16:30~19:10(01:40)
1. 7.
명령 16:30~21:30(04:00)
실제 16:30~19:22(02:22)
인정 16:30~19:22(01:52)
5 24:35 346,700 23:58 332,250 01:00 14,450
5. 14.
명령 12:00~17:00(04:00)
실제 11:23~14:25(03:02)
인정 12:00~14:25(02:25)
7 22:11 317,810 21:51 303,360 01:00 14,450
7. 2.
명령 09:01~16:30(04:00)
실제 07:51~12:41(04:40)
인정 09:01~12:41(03:40)
2023
4 53:17 778,670 51:56 749,290 02:00 29,380
4. 12.
명령 16:00~21:00(04:00)
실제 06:39~18:01(02:22)
인정 16:00~18:01(01:01)
7 39:31 572,980 38:56 558,290 01:00 14,690
7. 15.
명령 08:00~16:00(04:00)
실제 07:44~11:52(04:00)
인정 08:00~11:52(03:52)
7. 29.
명령 08:00~16:00(04:00)
실제 07:33~11:19(03:46)
인정 08:00~11:19(03:19)
2024
1 40:00 602,360 39:44 587,300 01:00 15,060
1. 20.
명령 09:00~16:00(04:00)
실제 08:09~12:44(04:00)
인정 09:00~12:44(03:44)
2 25:29 376,470 24:59 361,410 01:00 15,060
2. 17.
명령 09:00~17:00(04:00)
실제 08:16~12:30(04:00)
인정 09:00~12:30(03:30)
4 35:32 527,060 34:23 512,000 01:00 15,060
4. 14.
명령 08:00~13:00(04:00)
실제 07:55~11:23(03:28)
인정 08:00~11:23(03:23)
4. 15.
명령 16:00~19:00(02:00)
실제 16:00~19:53(02:53)
인정 16:00~19:00(02:00)
4.17.
명령 16:00~20:00(03:00)
실제 16:00~20:06(03:06)
인정 16:00~20:00(03:00)
4. 22.
명령 16:00~19:00(02:00)
실제 16:00~19:05(02:05)
인정 16:00~19:00(02:00)
소계 291:58 4 , 2 5 8 , 8 0 0285:50 4 , 1 2 6 , 2 0 009:00 132,600
3 AT
2022 10 04:00 44,520 03:32 33,390 01:00 11,130
10. 1.
명령 12:00~16:00(04:00)
실제 07:32~15:32(04:00)
인정 12:00~15:32(03:32)
2023 9 08:00 100,250 07:35 87,710 01:00 12,540
9.23.
명령 11:30~16:00(04:00)
실제 12:25~16:52(04:00)
인정 12:25~16:00(03:35)
소계 12:00 144,770 11:07 121,100 02:00 23,670
- 30 -
순 직급 성명 연도 해 당
월
기초과근무내역 정당 초과근무내역 과다 초과근무내역
비고기
인 정 시 간
기
지 급 액( A )
정당
인 정 시 간
정당
지 급 액( B )
과다
인 정 시 간
과 다 지 급 액
( C = A - B )
4 AU
2021 7 27:54 265,460 25:54 245,800 02:00 19,660
7.3.
명령 09:00~13:00(04:00)
실제 07:53~12:21(04:00)
인정 09:00~12:21(03:21)
7.4.
명령 09:00~13:00(04:00)
실제 07:54~12:28(04:00)
인정 09:00~12:28(03:28)
7.10.
명령 09:00~13:00(04:00)
실제 07:32~12:37(04:00)
인정 09:00~12:37(03:37)
7.18.
명령 09:00~13:00(04:00)
실제 09:32~13:26(03:54)
인정 09:32~13:00(03:28)
2021 8 20:00 196,640 19:18 186,800 01:00 9,840
8.21.
명령 08:00~13:00(04:00)
실제 09:42~16:35(04:00)
인정 09:42~13:00(03:18)
2021 9 31:49 304,800 30:58 294,960 01:00 9,840
9.4.
명령 09:00~14:00(04:00)
실제 07:35~12:40(04:00)
인정 09:00~12:40(03:40)
9.5.
명령 09:00~13:00(04:00)
실제 09:31~14:28(04:00)
인정 09:31~13:00(03:29)
2022 7 42:08 419,670 41:47 409,670 01:00 10,000
7.3.
명령 09:00~14:00(04:00)
실제 10:21~16:15(04:00)
인정 10:21~14:00(03:39)
2022 12 55:24 549,560 42:13 539,560 01:00 10,000
12.17.
명령 10:00~14:00(04:00)
실제 10:07~14:13(04:00)
인정 10:07~14:00(03:53)
12.18.
명령 10:00~14:00(04:00)
실제 10:43~14:22(03:39)
인정 10:43~14:00(03:17)
12.24.
명령 10:00~15:00(04:00)
실제 11:42~16:02(04:00)
인정 11:42~15:00(03:18)
소계 177:15 1 , 7 3 6 , 1 3 0160:10 1 , 6 7 6 , 7 9 006:00 59,340
5 AV 2024 12 10:16 104,160 07:48 72,910 03:00 31,250
11. 16.
명령 10:00~14:00(04:00)
실제 13:37~16:28(02:51)
인정 13:37~14:00(00:23)
소계 10:16 104,160 07:48 72,910 03:00 31,250
합계 719:17 9 , 3 9 7 , 0 4 0 670:31 8 , 9 2 1 , 8 2 0 36:00 475,220 
- 31 -
관계기관 의견
  원광고등학교는 감사 결과를 수용하면서 앞으로 관련 법령을 숙지하여 
인건비 지급 관련 업무를 철저히 수행하겠다는 의견을 제시하였다.
조치할 사항 
원광고등학교장은
① 앞으로 관련 법령과 규정 등에 따라 인건비 지급 업무를 철저히 하여 
주시기 바랍니다.
②〔시정〕 과다 지급된 인건비 1,177,090을 관련자로부터 ‘회수’ 하여 교비
회계에 세입 조치하시기 바랍니다.
③〔주의〕 관련자에게 ‘주의’ 조치하시기 바랍니다. [주의 1명]
◉◉고등학교장은
① 〔주의〕 관련자에게 ‘주의’ 조치하시기 바랍니다. [주의 1명]
- 32 -
일련번호 원광고등학교-9
전북특별자치도교육청
경고 요구
제        목     시설공사 계약 부적정
소 관  기 관     원광고등학교
조 치   기 관     원광고등학교 외 1개 기관
내        용
1. 업무개요
  원광고등학교는 2021년도 ‘음악실 현대화 사업’ 외 2건 사업을 시행하기 
위한 계약 업무를 추진하였다.
2. 관계법령 및 판단기준
  「지방자치단체를 당사자로 하는 계약에 관한 법률 시행령」 제77조(공사의 
분할계약 금지) 제1항 및 제2항에 따르면 지방자치단체의 장 또는 계약담당자는 
행정안전부장관이 정하는 동일 구조물공사 또는 단일공사로서 설계서 등에 
따라 전체 사업내용이 확정된 공사에 대해 시기적으로 분할 하거나 공사량을 
분할하여 계약할 수 없다고 되어 있고, 지방자치단체의 장 또는 계약담당자는 
공사의 예산편성과 기본설계 등 사업의 계획 단계부터 분할·분리계약 가능 
여부를 검토하여야 한다고 되어 있다.
- 33 -
  또한, 제30조(수의계약대상자의 선정절차 등)에 따르면 지방자치단체의 장 
또는 계약담당자는 수의계약을 체결하려는 경우에는 2인 이상으로부터 견적서를 
받아야 한다고 되어 있고, 전라북도교육청의 “1인 견적 제출 가능 수의계약 
금액 기준 연장 알림(재무과-25167, 2020.12.29.)”에 따르면 추정가격 2천만원을 
초과하는 수의계약의 경우에는 지정정보처리장치를 이용하여 2인 이상 
견적서를 제출받아야 한다고 되어 있다.
3. 감사결과 확인된 문제점
  그런데도 원광고등학교는 2021. 11. 22. 계약한 ‘음악실 현대화 사업(계약금액 
13,880,000원)’ 외 2건의 시설공사는 교사동 수선의 단일공사로서 전문건설업
(실내건축공사)으로 통합 발주하여야 하고 총 품의금액이 46,230,000원으로 
추정가격 2천만원을 초과하여 지정정보처리장치를 이용한 2인 이상 견적으로 
발주하여야 함에도, 2021. 11. 22. 동일 업체[(주)OOOOO)]와 분할하여 
수의계약을 하는 등 【표】“시설공사 분할 수의계약 현황”과 같이 총 3건을 
각각 1인 견적 수의계약으로 부적정하게 처리한 사실이 있다.
【표】 시설공사 분할 수의계약 현황
(금액단위: 원)
회 계
연 도 사업명 예 정(품 의)
금 액
계 약
방 법
계약
금액 계약일 준공일 계약자 비 고
2 0 2 1
음악실 현대화사업 13,880,000 수의
(1인견적) 13,880,0002021.11.222021.12.17 ㈜OOOOO
***
실내건축
공사
진로교육 전용교실 
구축사업 14,950,000 수의
(1인견적) 14,950,0002021.11.222021.12.17 ㈜OOOOO
***
실내건축
공사
상담실 환경개선 
시설공사 17,400,000 수의
(1인견적) 17,400,0002021.11.222021.12.17 ㈜OOOOO
***
실내건축
공사
계 46,230,000 46,230,000
- 34 -
관계기관 의견
  원광고등학교는 감사 결과를 수용하면서 앞으로 관련 법령을 숙지하여 
시설공사 계약 업무를 철저히 수행하겠다는 의견을 제시하였다.
조치할 사항 
원광고등학교장은
① 앞으로 관련 법령과 규정 등에 따라 시설공사 계약 업무를 철저히 하여 
주시기 바랍니다.
②〔경고〕 관련자에게 ‘경고’ 조치하시기 바랍니다. [경고 1명]
전북특별자치도◍◍교육지원청교육장은
①〔경고〕 관련자에게 ‘경고’ 조치하시기 바랍니다. [경고 1명]
- 35 -
일련번호 원광고등학교-10
전북특별자치도교육청
주의 및 시정(회수) 요구
제        목    시설공사 준공검사 부적정
소 관  기 관    원광고등학교
조 치  기 관    원광고등학교
내        용
1. 업무개요
  원광고등학교는 2024년 ‘기숙사 리모델링공사’를 시행하고 이에 대한 공사
감독과 준공검사 등의 업무를 추진하였다.
2. 관계법령 및 판단기준
  「지방자치단체 입찰 및 계약집행기준」제9장(계약일반조건) 제6절(공사 
설계변경, 용역 과업내용변경 및 물품수량조절 등)에 따르면 설계서의 내용이 
불분명하거나 누락·오류 또는 상호 모순되는 점이 있을 경우 또는 그 밖에 
발주기관이 설계서를 변경할 필요가 있다고 인정할 경우 공사의 설계변경을 
할 수 있고 설계변경으로 시공방법의 변경, 투입자재의 변경 등 공사량의 
증감이 발생한 경우는 계약금액을 조정해야 한다고 되어 있고, 제9절(검사와 
대가지급)에 따르면 계약담당자(공사감독관)는 준공검사 시 계약서, 설계서, 
준공신고서 그 밖의 관계 서류에 따라 그 날로부터 14일 이내에 계약상대자의 
- 36 -
입회하에 그 이행을 확인하기 위한 검사를 해야 한다고 되어 있으며, 검사에 
있어서 계약상대자의 계약이행 내용의 전부 또는 일부가 계약에 위반되거나 
부당함을 발견한 때에는 필요한 시정조치를 해야 한다고 되어 있다.
  또한, 「지방자치단체를 당사자로 하는 계약에 관한 법률」 제16조(감독) 및 
제17조(검사)에 따르면 계약담당자는 공사·물품·용역 등의 계약을 체결한 
경우에 그 계약을 적절하게 이행하도록 하기 위하여 필요하다고 인정하면 
계약서·설계서 및 그 밖의 관계 서류에 따라 감독하거나 소속 공무원 등에게 
그 사무를 위임하여 감독하게 하여야 하고, 계약상대자가 계약의 전부 또는 
일부의 이행을 끝내면 이를 확인하기 위하여 계약서·설계서 및 그 밖의 
관계 서류에 따라 이를 검사하거나 소속 공무원 등에게 위임하여 검사하여야 
한다고 되어 있다.
  아울러, 같은 법 시행령 제64조(검사) 제5항에 따르면 지방자치단체의 장, 
계약담당자는 검사를 할 때 계약상대자의 계약이행내용의 전부 또는 일부가 
계약에 위반되거나 부당함을 발견하였을 때에는 지체없이 필요한 시정조치를 
명하여야 한다고 되어 있다.
3. 감사결과 확인된 문제점
  그런데도 원광고등학교는 2025. 2. 17. “원광고등학교 기숙사 리모델링공사
(계약일 2024. 12. 9., 계약금액 602,412천원)”를 설계도서와 맞지 않게 기숙사 
숙소 천장 MDF 몰딩이 미시공(638.1M)되었음에도 설계변경 및 계약금액을 
조정하지 않고 준공검사 처리함으로써 【표1】“시설공사 미시공에 따른 
공사비 과다 지급 현황”과 같이 공사비 5,293,860원을 과다 지급한 사실이 
있다.
- 37 -
 【표1】 시설공사 미시공에 따른 공사비 과다 지급 현황 
          (단위:원)
공사명
계약
금액
(천원)
계약자 계약
일자
준공 
일자
부적정
시공
내역
공사비 지급내역
실제
지급액
(A)
정당
지급액
(B)
과다
지급액
(C=A-B)
원광고등학교 
기숙사 리모
델링공사
602,412,310
유한회사
***
대표 OOO
2024.
12.09
2025.
02.17
MDF몰딩
638.1M
미설치
602,412,310 597,118,450 5,293,860
【표1-1】 시설공사 미시공에 따른 공사비 과다 지급 세부 내역
▷공사명: 원광고등학교 기숙사 리모델링공사                              (단위: 원)
                     구 분
 비 목
요율
(%)
실제 지급액
(A)
정당 지급액
(B)
과다 지급액
(A-B)
순
공
사
원
가
재
료
비
직접재료비 299,234,485 301,868,562 -2,634,077
간접재료비
계 299,234,485 301,868,562 -2,634,077
노
무
비
직접노무비 144,037,577 138,599,051 5,438,526
간접노무비 직접노무비×12.2% 18,148,734 17,463,480 685,254
계 162,186,311 156,062,531 6,123,780
경
비
기계경비 1,254,207 1,037,253 216,954
품질시험비 1,093,497 1,093,497
건설안전관리비 1,668,060 1,668,060
산재보험료 노무비×3.56% 5,773,832 5,555,826 218,006
고용보험료 노무비×1.01% 1,638,081 1,576,231 61,850
국민건강보험료 노무비×3.545% 5,106,132 4,913,336 192,796
국민연금보험료 노무비×4.5% 6,481,690 6,236,957 244,733
노인장기요양보험료 건강보험료×12.81% 661,244 636,277 24,967
산업안전관리비 (재+직 노)×1.86%+5,349천 원 15,688,505 15,636,343 52,162
기타경비 (재료비+노무비)×5.2% 23,993,881 23,812,416 181,465
환경보전비 (재 료 비+직 노+기 경)×0.3% 1,333,578 1,324,514 9,064
폐기물처리비 13,501,256 13,504,256
하도급지급수수료 (재+직노+경비)×0.081% 360,066 357,618 2,448
건설기계수수료 (재 료 비+직 노+기 경)×0.07% 311,168 309,053 2,115
- 38 -
관계기관 의견
  원광고등학교는 감사 결과를 수용하면서 앞으로 관련 법령을 숙지하여 
시설공사 준공검사 업무를 철저히 수행하겠다는 의견을 제시하였다.
조치할 사항 
원광고등학교장은 
① 앞으로 관련 법령과 규정 등에 따라 시설공사 준공검사 업무를 철저히 
하여 주시기 바랍니다.
②〔시정〕 과다 지급된 시설비 5,293,860원을 관련 업체(유한회사 ***)로부터 
‘회수’ 하여 교비회계에 세입 조치하시기 바랍니다.
③〔주의〕 관련자에게 ‘주의’ 조치하시기 바랍니다. [주의 2명]
                     구 분
 비 목
요율
(%)
실제 지급액
(A)
정당 지급액
(B)
과다 지급액
(A-B)
소계 78,865,197 77,661,637 1,206,560
계 540,285,993 535,589,730 4,696,263
일 반 관 리 비 (재 료 비+노 무 비+경 비)×0.9% 4,902,031 4,859,421 42,610
이          윤 (노 무 비+경 비+일 반 관 리 비)× 1 % 2,459,535 2,385,805 73,730
공  급  가  액 547,647,559 542,834,956 4,812,603
부 가 가 치 세 공급가액×10.0% 54,764,755 54,283,495 481,260
총 공 사 금 액 602,412,314 597,118,451 5,293,863
총 계(계수정리) 602,412,310 597,118,450 5,293,860"
산외중감사결과공개.hwp,HWP,
2026년 4~5월 종합감사 결과(공개용).pdf,PDF,"【종합감사】
2026년 4~5월 종합감사 결과 보고서
- 천천초, 수남초 -
Ⅰ. 감사 실시 개요
  1. 감사 대상 및 범위
  2. 감사 중점 사항
    □ 교무․학사관리: 학생생활기록부 및 교육과정 전반 
    □ 재정·회계 관리에 관한 사항
      ❍ 예ㆍ결산 관리 : 예산편성, 이ㆍ전용, 성립전 사용, 이월, 불용액 등
      ❍ 세입관리 : 징수결정, 수납, 과오납금처리, 불납결손 등
      ❍ 세출관리 : 지출원인행위 및 세출의 적정성, 계약업무의 적정 처리 여부 등
      ❍ 발전기금 및 세입세출외현금 관리
    □ 시설공사 설계․시공․집행 및 사후 관리의 적정 여부
    □ 물품․재산관리의 적정성
순 학 교 명 감 사 범 위 비 고
1 천천초등학교 - 교무․학사분야: 2023. 3. 1. ~ 2026. 4. 13.
- 행정․회계분야: 2023. 4. 18. ~ 2026. 4. 13.
2 수남초등학교 - 교무․학사분야: 2023. 3. 1. ~ 2026. 5. 18.
- 행정․회계분야: 2023. 5. 16. ~ 2026. 5. 18.
Ⅱ. 감사 결과
 1. 지적사항 총괄
      (단위: 건, 천원, 명)
합    계
변상
(금액)
징계
(인원)
시정(금액) 현
지
조
치
주의
(인원)
기관
주의
경고
(인원)
개
선
권
고
통
보
고 발
(인 원)총 
건수
신분상
조치인원
재정상
조치금액 소계 회수 추징
35 21 7,804 0 0 7,804 7,788 16 25 9
(21) 1 0 0 0 1 0
 2. 세부 지적내용 및 처분
  - 천천초등학교 -
지적건명 지적내용 처분
【학사·평가】 
1. 교과평가계획 
및 창의적 
체험활동 
평가계획의 
학업성적관리위
원회 사전심의 
미흡
❍ 2023~2024학년도 1, 2학기 전학년 교과별 평가계획 
및 창의적 체험활동 평가계획에 대한 학업성적관리
위원회 심의 및 학교장 결재 누락, 2025학년도 1, 2
학기 전학년 교과별 평가계획, 창의적 체험활동 평
가계획, 학교자율시간 평가계획에 대한 학업성적관
리위원회 심의 및 학교장 결재 누락
【학교생활기록 작성 및 관리지침 제15조 1항, 
초등학교 학업성적관리 시행지침(전북특별자치도교육청)】
❍ 주의(7명) 
【복무】 
2. 공가 사용 
부적정
❍ 건강검진을 사유로 공가를 허가받았으나 허가일에 
건강검진 미실시
【전북특별자치도교육감 소속 교육공무직 관리 규정 제 47조】
❍ 주의(1명) 
❍ 회수
   107,940원
【예산·회계】 
3. 세출예산 집행 
부적정
❍ 세출예산 과목 미준수
❍ 세출예산 부당 집행에 따른 예산 집행의 건전성 
및 효율성 저해
【전북특별자치도(구,전라북도교육청) 공립학교회계 규칙 제18조】
❍ 기관주의 및 
통보 
○ 현지조치사항
지적건명 지적내용 처분
4. 업무추진비 집행 
부적절
❍ 학교 자체 워크숍 추진 시 전체 교직원을 대상으로 
기념품 지급
【학교회계예산편성 및 운영 지침
[전북특별자치도교육청(구,전라북도교육청)]】
❍ 주의(1명) 
❍ 회수 297,000원
5. 골프꿈나무 
여름캠프 강사비 
지급 소홀
❍ 학교장에 대한 강사수당 지급
【전북 방과후학교 운영·계획 길라잡이】
❍ 주의(3명) 
❍ 회 수  1,400,000원
【인건비】 
6. 담임업무수당 지급 
소홀
❍ 병가 중인 담임교사와 담임업무 수행을 위해 채용한 
기간제교원 모두에게 담임업무수당 지급
【 공무원수당 등에 관한 규정 제14조, 
공무원 보수 등의 업무지침 제7장 공무원수당 등의 업무처리 기준】
❍ 주의(1명) 
❍ 회 수  533,350원
지적건명 지적내용 처분
【학사·평가】 
1. 학교규칙 정보공시, 
홈페이지 미등록
❍ 2024학년도 학교 규칙 미공시  및 2023~2025학년도 학교홈페이지 
미탑재
【 교육관련기관의 정보공개에 관한 특례법 제5조, 
교육관련기관의 정보공개에 관한 특례법 시행령 제3조】
❍ 시정
2. 학 생  출 결(교 외 체 험 학 습) 
관 리  부 적 정
❍ 23-24년도 교외체험학습 신청서와 보고서 등 증빙자료 관리 
소홀
【 ｢초‧중등교육법 시행령｣ 제48조 제5항
학교생활기록 작성 및 관리지침 제8조】
❍ 시정
3. 학생과 학부모에게 
평가계획 사전공개 
및 이의제기 안내 
미흡
❍ 2024학년도 1학기, 2025년도 1, 2학기 평가계획 홈페이지 사전 미
공지
❍ 2023~2025년에 평가 결과에 대한 이의신청 절차 안내 미흡
【 전북특별자치도 초등학교 학업성적관리 시행 지침 3장 8조】
❍ 시정
4. 개별화교육 
평가·관리 미비
❍ 2023학년도 2학기 개별화교육계획에 따른 평가 결과에 대하여 학생 
또는 보호자, 통합학급 담임에게 미통보
【 ｢장애인 등에 대한 특수교육법｣ 제2조, 제22조 
 ｢장애인 등에 대한 특수교육법 시행규칙｣ 제4조】
❍ 시정
5. 학교도서관
   운영위원회 운영 
미비
❍ 2023학년도 학교도서관 운영위원회 개최하지 않고 도서 구입
❍ 2024~2025학년도 학교도서관 운영 계획 미심의
【 ｢학교도서관법｣ 제10조 
 ｢전북특별자치도교육청 학교도서관 진흥에 관한 조례｣ 제4조】
❍ 시정
                                                                
지적건명 지적내용 처분
6. 학교폭력 
전담기구 구성의 
적정성 미비
❍ 2025학년도 학교폭력전담기구 학부모 위원 구성 시 사전에 학교운영
위원회 심의 및 추천을 받지 않고 위촉
【 ｢학교폭력예방 및 대책에 관한 법률｣ 제14조】
❍ 시정
7. 학업중단숙려제 
운영 소홀
❍ 2023~2025학년도 학업중단숙려제 운영계획 미수립 및 학업중단예방
위원회 미운영
【 ｢초·중등교육법｣ 제28조
전북특별자치도교육청 학업중단숙력제 운영 계획】
❍ 시정
【예산·회계】 
8. 간주처리예산 
학교운영위원회 
미보고
❍ 2023학년도 제4차 추경예산을 간주처리 시 학교운영위원회 
사전・사후 미보고
【학교회계예산편성 및 운영 지침
[전북특별자치도교육청(구,전라북도교육청)]】
❍ 시정
9. 근무지외 
출장여비 지급 
부적정
❍ 관외출장여비 중복 지급 및 식비 및 숙박비 1,335,420원 
과다 지급
【「공무원 보수 등의 업무지침(인사혁신처 예규)」 제9장】
❍ 시정(회수) 
10. 인건비 지급 
부적정
❍가족수당(자녀) 지급 발생 월 일할 계산 및 누락에 따른 149,360
원 과소 지급
❍금 전 적  보 상 을  지 급  받 았 음 에 도  시 간 외 수 당(정 액 분) 21,000원  과 다  지 급
❍국외출장 시 시간외근무수당 251,590원 과다 지급
【「공무원 보수 등의 업무지침(인사혁신처 예규)」 제7장】
❍ 시정(회수) 
【기타】 
11. 개인정보 
안전성 확보 
조치 미이행
❍ 2023학년도 졸업앨범 외 7건의 계약 체결 시 개인정보 안전성 
확보 조치 미이행
【「개인정보 보호법」제26조
전북특별자치도교육청“학교정보 업무 매뉴얼” 】
❍ 시정
- 수남초등학교 -
○ 현지조치사항
지적건명 지적내용 처분
【학사·평가】 
1. 학교폭력 
전담기구 구성 
절차 미준수
❍ 2023~2026학년도(2023. 3. 1. ~ 2026. 현재) 학교폭력 전담
기구 학부모 위원을 구성하면서 학교운영위원회의 심의 
및 추천 없이 학부모 위원 위촉
【 「학교폭력예방 및 대책에 관한 법률」제14조】
❍ 시정
2. 학업중단숙려제 
운영 소홀
❍ 2023~2025학년도에 학업중단숙려제 운영 계획 미수립, 학업
중단예방위원회 미운영
【「초·중등교육법」제28조 
전북특별자치도교육청 학업중단숙려제 운영 계획】
❍ 시정
3. 학교규칙 
정보공시 미등록
❍ 2023~2024년도 학교규칙 미공시
【 「교육관련기관의 정보공개에 관한 특례법」 제5조】
❍ 시정
4. 학생 출결 관리 
부적정
❍ 2023년도 출석인정결석(감염병), 2025년도 질병결석에 대한 
증빙자료 관리 소홀
【“학교생활기록 작성 및 관리지침(교육부훈령)” 제8조】
❍ 시정
지적건명 지적내용 처분
【예산·회계】 
1. 간주처리예산 
편성 절차 소홀
❍ 2024학년도 제4차 추경예산을 간주처리 시 회계연도 종료 
후 간주처리예산 확정 및 학교운영위원회 사전・사후 미보고
【학교회계예산편성 및 운영 지침
[전북특별자치도교육청(구,전라북도교육청)]】
❍ 주의(1명)
2. 시설공사 정산 업무 
및 하자관리 소홀
❍ 원가계산서에 기타경비를 반영하고도 수도광열비 16,130원 미징수
❍ 시설공사에 대한 정기검사 및 만료검사 미실시(2건)
【「지방자치단체 입찰 및 계약집행기준」제2장
「지방자치단체를 당사자로 하는 계약에 관한 법률 시행령」제70조】
❍ 주의(1명) 
❍ 추징 16,130원
3. 방과후학교 
강사수당 지급 
부적정
❍ 강사료 지급 대상이 아닌 교감에 대한 강사수당 지급
【전북 방과후학교 운영 길라잡이】
❍ 주의(5명) 
❍ 회 수  5,450,000원
【발전기금】 
4. 학교발전기금회계 
업무 인계・인수 
소홀
❍ 학교발전기금회계 출납명령기관인 학교운영위원회위원장 교체
에도 인계・인수서 미작성
【전 북 특 별 자 치 도 교 육 청  “학 교 발 전 기 금 의  조 성·운 용  및  회 계 관 리  요 령”】
❍ 주의(1명) 
지적건명 지적내용 처분
5. 교과 평가계획 및 
창의적 체험활동 
평가계획의 사전 
결재 미흡
❍ 2025학년도 1, 2학기, 2026학년도 1학기 전학년 교과별 평가
계획 및 창의적 체험활동 평가계획, 학교자율시간 평가계획 
심의 완료 후 학년별 교과별 세부 평가계획에 대한 학교장 
결재 누락
❍ 2025학년도 1, 2학기에 실시한 총괄평가 평가지 원안 및 문항
정보표에 대한 학교장 결재(비전자문서) 누락
【“학교생활기록 작성 및 관리지침(교육부훈령)” 제15조】
❍ 시정
6. 학생과 
학부모에게 
평가계획 
정보공시 미흡
❍ 2025학년도 1~2학기 창의적 체험활동 평가계획 및 학교자율
시간 평가계획 미공시
❍ 2026학년도 1학기 학년별 세부 평가계획(교과, 창의적 체험활동, 
학교자율시간) 미공시
【 ｢전북특별자치도 초등학교 학업성적관리 시행지침｣ 3장 8조】
❍ 시정
7. 독서교육 계획 
미수립에 관한 
사항
❍ 2023~2026학년도 학교 교육과정 운영계획에 일부 포함되어 있
으나 구체적인 독서교육 계획 미수립
【 ｢초·중등교육법｣ 제23조, ｢학교도서관진흥법｣ 제15조,】
❍ 시정
【예산·회계】 
8. 학교회계 
예산공개 부적정
❍ 2024~2025회계연도 확정된 세입·세출 예산서 4건 지연 공개 
및 2024회계연도 예산집행내역 1회 미공개
【「전북특별자치도공립학교회계규칙」제56조】
❍ 시정
9. 세출예산 과목 집행 
부적정에 관한 사항
❍ 인솔교사 식비 및 숙박비를 여비가 아닌 학생의 교육과정 운영에 
소요되어야 할 교육운영비에서 집행
【「전북특별자치도 공립학교회계 규칙」 제18조】
❍ 시정(회수) 
10. 인건비 지급 
부적정
❍ 지급 사유가 소멸된 부양가족에 대한 가족수당 20,000원 과다 지급
❍ 전월 근무일수를 잘못 산정하여 9,150원의 시간외근무수당
(정액분) 과다 지급
【「공무원 보수 등의 업무지침(인사혁신처 예규)」 제7장】
❍ 시정(회수) 
11. 근무지외 
출장여비 지급 
부적정
❍ 관외 중복 출장에 대해 여비를 일수가 아닌 출장 건으로 지
급하거나 근무지외 국내출장 기준 단가를 초과하는 식비 지급
하여 162,210원 과다 지급
【「공무원 보수 등의 업무지침(인사혁신처 예규)」 제9장】
❍ 시정(회수) 
【복무】 
12. 복무관리 소홀❍ 배우자 간병을 사유로 가족돌봄휴가(유급) 사용
❍ 가족돌봄휴가(유급) 사용일 초과 및 증빙서류 미제출 
❍ 6일 초과 병가 진단서 미첨부에 따른 연차수당 161,150원 회수
❍ 일(日) 최소근무시간(4시간) 미충족 육아시간 사용
【「국가공무원 복무규정」 제20조
전북특별자치도교육청의 “교육공무직원 종합운영계획”
「국가공무원 복무‧징계 관련 예규」】
❍ 시정(회수) 
지적건명 지적내용 처분
13. 초과근무 처리 
절차 소홀
❍ 2024학년도 테마식현장체험학습 담당업무 및 초과근무 등을 
포함한 사전 계획서를 사후 수정하는 등 현장체험학습 인솔 
교직원에 대한 초과근무 처리 절차 소홀
【전북특별자치도교육청 “현장체험학습 운영 매뉴얼”】
❍ 시정
【기타】 
14. 교육공무직(미화원)  
신규채용 시 
장애인 우선고용 
절차 미이행
❍2026학년도 교육공무직(미화원) 신규채용 업무를 처리하면서, 
관련 지침에 명시된 장애인 우선고용 및 추천 절차 등을 사전
에 거치지 않은 채 일반 채용 절차만을 진행하여 선발
【「장애인고용촉진 및 직업재활법」
전북특별자치도교육청 「교육공무직원 종합운영계획】
❍ 시정"
5._(공개용)_2025년11~12월종합감사결과(12월처분심의회)_(전주교육지원청)_25.12.19.pdf,PDF,"- 30 -
20252025202520252025202520252025202520252025202520252025202520252025202520252025202520252025년 년 년 년 년 년 년 년 년 년 년 년 년 년 년 년 년 년 년 년 년 년 년 11~1211~1211~1211~1211~1211~1211~1211~1211~1211~1211~1211~1211~1211~1211~1211~1211~1211~1211~1211~1211~1211~1211~12월 월 월 월 월 월 월 월 월 월 월 월 월 월 월 월 월 월 월 월 월 월 월 종합감사 종합감사 종합감사 종합감사 종합감사 종합감사 종합감사 종합감사 종합감사 종합감사 종합감사 종합감사 종합감사 종합감사 종합감사 종합감사 종합감사 종합감사 종합감사 종합감사 종합감사 종합감사 종합감사 결과 결과 결과 결과 결과 결과 결과 결과 결과 결과 결과 결과 결과 결과 결과 결과 결과 결과 결과 결과 결과 결과 결과 공개공개공개공개공개공개공개공개공개공개공개공개공개공개공개공개공개공개공개공개공개공개공개2025년 11~12월 종합감사 결과 공개
- 12월 처분심의회 결과-
전주교육지원청
Ⅰ  감사개요
  1. 감사목적
 ○ 예산 운용 실태 및 회계 처리의 적정성 여부
 ○ 예산편성·집행의 투명성 및 공정성 확보
  2. 대상기관: 전주00초교 등 총 6교
  3. 심의 방향 및 처분기준
 ○ 종합감사결과 처분요구에 대한 처분 양정 및 처분 여부 등
 - 기처분된 유사한 사항과의 형평성 유지
 - 처분요구사항에 대한 객관성 및 합리적 판단 확보
 - 위법․부당사항에 대한 고의 및 과실 정도의 적합성 확보
  4. 감사기간 및 인원
 ○ 감사 실시기간: 2025. 11. 4.~ 2025. 12. 11.
 ○ 감사인원: 15명
  5. 지적사항 총괄
(단위: 명, 금액단위: 천 원)
합   계
변상
(금액)
징계
(인원)
시정(금액)
경고
(인원)
주의
(인원)
기관
주의 통보
총 
건수
신분상
조치
(인원)
재정상
조치
(금액)
소계 회수 추급
16 31 2,304 - - 2,304 2,304 31 1 3
- 31 -
 ○ 조치 유형별
계
(건/명)
신분상 조치(건/명) 재정상 조치(건/원)
모범
사례계 경고 주의
통보
/기관
주의
계 변상 회수 추급
16/31 16/31 12/31 3/1 5 /
2,304,350 - 5 /
2,304,350 - -
 
 ○ 업무 분야별
구분
(단위) 계 학사‧‧평가 계약‧시설‧물품 예산‧회계‧
학운위 인사‧복무 인건비
건수
(건) 16 2 3 5 4 2
인원
(명) 31 2 8 10 11 0
금액
(원)
회수 
2,304,350
회수
519,000 - - 회수 
639,670원
회수 
1,145,680
Ⅱ  감사결과 분야별 지적사항 및 처분
  [ 학사‧평가[ 학사‧평가 분야  분야 ]]
  가. 교과보충프로그램 운영 소홀
    □ 해당 수업시간에 출장·조퇴를 사용하여 실제 수업을 할 수 없었음에도 지도
일지를 기재하였고, 보강 등의 실시 여부를 확인하지 않은 채 강사비 총 
519,000원을 과다 지급함
    ○ 조치의견: 관련자에게 “기관주의 및 시정” 처분(학교자율형감사)
  나. 학교 생활기록부 기재 소홀
    □ 2024년학년도 4학년 9반 담임교사 000과 6학년 4반 담임교사 000은 학교생활
기록부‘행동특성 및 종합의견’항목에서 동일한 내용을 학년이 다름에도 불구
하고 동일한 내용을 14건 기재함
- 32 -
    ○ 조치의견: 관련자에게 “주의” 처분 
  [ 계약․시설․물품[ 계약․시설․물품 분야  분야 ]]
  가. 학교 구매 계약관리 소홀
    □ 졸업앨범 계약시 개인정보처리 소홀
     - 2022~2024학년도까지 2023. 1. 3.‘2022년도 6학년 졸업앨범 구입’(0000, 총금액 
9,797천원) 등 총 3건(계약금액 27,547천원)을 구매 계약시 학생들의 개인정보를 
위탁 계약·집행하면서 거래처로부터 보안서약서 징구, 수탁자 교육, 계약종료 
후 5일 내 개인정보 파기확인서를 징구하여야 함에도 소홀히 함
    □ 수의계약 배제업체와 계약체결
      -“2022. 4. 1. 전주00초등학교 가금류 소액수의”((주)00, 계약금액 4,034,700원)을 
계약·집행하면서 수의계약배제업체인 ㈜00과 2022. 3. 29. ~ 2022.6.28.까지 
수의계약을 진행할 수 없음에도 사실확인을 소홀히 하여 수의계약배제업체와 계약을 
체결함 
   ○ 조치의견: 관련자에게 “주의” 처분 
  나. 학교 시설공사 계약관리 소홀
    □ 설계용역 손해보험 보험증권 징구 소홀
      - 2023. 8. 8. “2023년 학교 시설환경 개선 사업 설계용역비 지급”(건축사무소 000, 
계약금액 2,400,000원)을 계약·집행하면서 설계용역의 경우 손해배상 보험(공제)
증서를 징구하여야 함에도 불구하고, 미가입· 미징구함
    □ 학교시설공사 하자검사 관리 소홀
      - 2022~2024년까지‘2022년 공간혁신 및 기타공사_실내건축’((주)디자인000, 계약
금액 168,791천원)등 총 8건 총 234,451천원에 대해 공사집행 완료 후 하자담보책임
기간 중 정기하자검사(상ㆍ하반기) 및 최종검사를 실시하지 않거나, 2~3회 부족하게 
실시하여 시설공사 하자관리 업무를 소홀히 함
- 33 -
    □ 학교시설공사 환경보전비 소홀
      - 2022년 공간혁신 및 기타공사_실내건축’((주)디자인000, 계약금액 168,791천원)등 총 
6건 총 308,722천원을 계약·집행하면서 전기, 통신, 소방 이외 공종 경우 
환경보전비를 산정 및 준공시 정산하여야 함에도 이를 소홀히 함
    □ 인지세 납부 증빙서류 징구 소홀
      - 2023. 9. 1.‘2023년 학교환경시설개선 사업 공사’((주) 00000, 계약금액 44,638천원)’
등 총 4건 총 100,395천원을 계약·집행하면서 인지세 납부확인을 위한 증빙서류
를 징구하지 아니함
    □ 산업안전관리 및 위험성 평가 소홀 
      - 2022. 9. 6. ‘2022년 공간혁신 및 기타공사_실내건축’((주)00000, 계약금액 168,791
천원)을 계약·집행하면서 산업재해예방을 위한 산업안전비 계획·집행·정산 및 
시설공사시 유해·위험 요인을 찾기위한 위험성 평가를 실시하지 아니함
   ○ 조치의견: 관련자에게 “주의” 처분 
  다. 학교 시설공사 계약관리 소홀
    □ 학교시설공사 하자검사 관리 소홀
      - 2022~2024년까지‘교내 보도블럭 재설치 공사’((주)00000000, 계약금액 48,639천원) 등 
총 7건에 대해 공사집행 완료 후 공종에 따른 하자담보책임기간을 정당기간보다 
적게 산정하거나, 하자담보책임기간 중 정기하자검사(상ㆍ하반기) 및 최종
검사를 1~2회 부족하게 실시하여 시설공사 하자관리 업무를 소홀히 함
    □ 학교시설공사 환경보전비 소홀
      - 2023. 2. 16.‘전주00초 경계석 설치 공사비 지급’((유)00건설, 계약금액 38,986
천원)등 총 5건 총 84,724천원을 계약·집행하면서 전기, 통신, 소방 이외 공종
의 경우 환경보전비를 산정 및 준공시 정산하여야 함에도 이를 소홀히함
    □ 수의계약 체결제한여부 확인서 징구 소홀
      - 2023. 2. 27. ‘교내 보도블럭 재설치 공사’((주)00000000, 계약금액 48,639천원) 
등 총 2건 총 54,668천원을 계약·집행하면서 수의계약체결제한 여부확인을 
- 34 -
위한 증빙서류를 징구하지 아니함
   ○ 조치의견: 관련자에게 “주의” 처분 
  [ 예산․회계․학운위 분야][ 예산․회계․학운위 분야]
  가. 세출예산 집행 소홀
    □ 2024학년도 시설공사(00초 돌봄교실 벽체시공공사) 대금지급’등 총 9건의 
세출예산을 집행하면서 세출예산 집행관련 일체의 증빙서류(세금계산서, 견적서, 
사업자등록증 사본, 통장사본, 4대보험 완납증명서, 강의확인서 등)를 징구하지 
않고 지출함
   ○ 조치의견: 관련자에게 “주의” 처분
  나. 간주처리예산 편성업무 소홀
    □ 간주처리예산 편성 대상이 아닌 목적사업비전입금 29,127천원, 수익자부담수입
(방과후학교활동비) 4,038천원을 감액 편성하였고, 확정된 추가경정예산에 대해 
사전·사후 학교운영위원회에 설명 및 소명 등을 하지 않았으며 누리집에 235일 
지연하여 공개함
   ○ 조치의견: 관련자에게 “주의” 처분
  다. 세입세출외현금 운영 소홀
    □ 2023. 2. 28. 퇴직연금(확정급여형) 통장 이자 수입(370,640원)을 즉시 세입 조치
하지 않고 12개월 후에 세입 조치하는 등 세입세출외현금 집행잔액을 부적정
하게 보관한 사실이 있으며, 매월 현금출납부 결재 시 매월 말일 기준의 잔액
증명서 또는 통장사본을 첨부하지 않은 상태로 학교장의 결재를 받아 비치하여 
세입세출외현금 관리를 소홀히 함
   ○ 조치의견: 관련자에게 “주의” 처분
  라. 학교발전기금회계 시설공사 소홀
    □ 2023. 1. 25. 돌봄교실 환경개선 시설공사 계약(계약금액 48,839천원)을 여성기업과 
체결하고 2023. 2. 17. 변경계약을 실시하여 총 계약금액이 58,625천원으로 추정
- 35 -
가격 5천만원을 초과하여 지정정보처리장치를 이용한 2인 이상 견적으로 발주하여야 
할 공사임에도 사전 설계 부족으로 1인 견적 수의계약으로 부적정하게 처리한 
사실이 있으며, 학교의 필요에 의해 설계변경을 실시하면서 설계변경개요서, 
수정설계도면 및 공사시방서, 기타 필요한 서류를 첨부하지 않은 사실이 있다.
    □ 또한 동일한 사업을 학교회계와 학교발전기금 재원으로 함께 집행할 경우에 
학교회계로 전출할 사업과 금액을 지정하여 학교운영위원회의 심의·의결을 
거쳐 학교회계로 전출하여 집행했어야 함에도 그러지 아니함
   ○ 조치의견: 관련자에게 “주의” 처분
 
  마. 학교발전기금 운용계획 수립 및 학교회계 전출 소홀
    □ 2022학년도~2025학년도에 학교발전기금을 운용하면서 발전기금 운용계획에 변동
사항이 발생하거나 변동이 예상되는 경우인데도 학교운영위원회의 심의․의결을 
거치지 않았고, 운용계획을 변경하지 않음
    □ 2023학년도 테니스부 육성종목 지원금(총3,700천원), 2024학년도 테니스부 육성종목 
지원금(총2,700천원), 2025학년도 테니스부 육성종목 지원금(총700천원)을 학교발전
기금에서 학교회계로 전출하였는데, 학교회계에 전출하였던 학교발전기금을 사용 
완료 후 차기 학교운영위원회 개최 시 보고하지 않음
   ○ 조치의견: 관련자에게 “주의” 처분
  [ 인건비 분야 ][ 인건비 분야 ]
  가. 보수 지급 소홀
    □ 월중에 직위해제 처분을 받은 교사 000의 급여와 수당을 지급하면서 2024년 2월 
27일부터 2월 29일까지 3일분의 급여 일할계산이 이루어지지 않아 급여와 수당 
317,020원이 과다 지급됨
    □ 육아휴직에서 복직 후 6개월 이상 근무하여 육아휴직 복직합산금 지급 대상인 
교사 000 외 1명에게 복직합산금을 지급하면서 금액이 적정한지 검토하지 않아 복
직합산금 총 228,120원을 과다 지급함
    □ 질병휴직을 하여 교원연구비 부지급 대상인 교사 000에게 3개월간 교원연구비 
126,000원을 과다 지급하며 보수 업무를 소홀히 함
- 36 -
    □ 2023년 1월 11일, 1월 19일에 부모님 병원 입원 및 퇴원 동행의 사유로 무급 
가족돌봄휴가를 사용한 교무실무사 000의 급여를 지급하면서 무급 가족돌봄휴가
를 사용한 2일분의 급여를 감액하지않아 1월분 급여에서 총 129,540원을 과다 지
급받음
     ○ 조치의견: 관련자에게“통보 및 시정” 처분(학교자율형감사)
  나. 여비 지급 소홀
    □ 관용 차량을 이용하거나 차량을 임차하여 사용한 공무원의 출장 여비 1만원을 
감액하지 아니하고 지급하는 등 여비 총 345,000원을 과다 지급함
     ○ 조치의견: 관련자에게“통보 및 시정” 처분(학교자율형감사)
  [ 인사·복무 분야 ][ 인사·복무 분야 ]
  가. 수감자료 작성 및 제출 소홀
    □ 2025년 학교자율형 종합감사 수감기간(2025.11.4.~11.5., 2일간) 동안 ‘2025년도 
학교자율형 종합감사 계획, 전주00초-9765(2025.7.24.)’에 따라 내부감사반을 구성하
였으나, 수감자료(작성기간: 2021.11.23.~2025.8.31.) 점검 및 작성시  ‘예·결산 및 계
약분야’ 1차 점검(2025.9.1.~9.30.) 및 2차 점검(2025.10.13.~10.24.)을 동일 업무담
당자가 실시하여 교차점검을 미실시하였고 수감자료 준비 및 작성을 소홀히 함
 ○ 조치의견: 관련자에게 “통보” 처분(학교자율형감사)
  나. 복무관리 소홀
    □ 교사 000 외 2명은 국민건강보험법 제52조에 따른 건강검진이 아닌 일반 건강검진을 
사유로 공가를 사용하거나 허가일에 건강검진을 실시하지 않아 연차수당 총 139,380원을 
과다 지급 받음
    □ 교무실무사 000은 가족돌봄휴가를 사용하면서 정당 사유가 아닌 가족여행의 사유로 가족
돌봄휴가를 사용하여 연차수당 110,500원을 과다 지급 받음
 ○ 조치의견: 관련자에게 “주의 및 시정” 처분
  다. 교육공무직원 채용업무 소홀
- 37 -
    □ 교육공무직원을 채용하면서, 교육공무직원 인사위원회 심의 절차를 진행하지 않았으며 
성범죄 및 아동학대 관련 범죄전력을 조회하지 않았고, 수습기간 심사평가를 미실시함
 ○ 조치의견: 관련자에게 “주의” 처분
  라. 복무관리 소홀
    □ 6일 초과 병가 진단서 미첨부
      - 연간 누계 6일을 초과하는 병가 사용시 진단서를 첨부하여야 하나, 2022년 교사 
000과 2024년 교사 000은 6일을 초과하는 병가를 사용하고, 진단서를 첨부하지 아니
함
    □ 병가 초과 사용
      - 교사 000는 2024년에 사용가능한 연(年) 병가일수 60일에서 5일 6시간 10분을 초과사
용하였고, 초과한 병가를 잔여연가에서 차감한 결과, 법정휴가를 초과하여 3일 1
시간을 결근하였고, 초과 사용한 병가 3일을 급여에서 공제한 결과 급여 389,790원을 
과다 지급받음
      - 교사 000은 2024년에 사용가능한 연(年) 병가일수 60일에서 4일 6시간을 초과사용 함
 ○ 조치의견: 관련자에게 “주의 및 시정” 처분"
전북특별자치도교육청익산학생교육문화관종합감사결과공개자료.pdf,PDF,"s
전북특별자치도교육청익산학생교육문화관 
종합감사 결과 공개
2025.  6.
  [감  사  관 ]

전북특별자치도교육청익산학생교육문화관
종합감사 결과 공개
 감사결과의 공개는 국민의 알권리 충족과 기관 운영의 투명성을 강화하기 위한 
공익적 조치입니다. 따라서 감사결과 실명이 공개된 모든 기관이 비리에 연관되어 
있는 것은 아님을 알려드립니다. 
□ 감사 개요
○ 감사 기간: 2025. 2. 25.∼ 2. 27.(3일)
○ 감사 인원: 6명 
○ 감사 범위: 2022. 3. 5.∼2025. 2. 24.(지난번 감사 이후부터 금번 감사 전일 까지)
□ 감사 결과
 ○ 총괄
 
신분상(명) 행정상(건)
재정상
조치징계 경고 주의 계 기관
경고
기관
주의 시정 통보 개선 계
. 2
(1건)
23
(7건)
25
(7건)
1 1 · 4 · 6  ·회수(5건)
  - 2,389,360원   
 ※ ( )안은 신분상 조치 대상자에 대한 지적 건수 총 합계임.
 ○ 분야별 지적건수
 
유형별 복무·인사 계약·회계 시설 기타 계
지적사항 2 4 2 1 9
○ 지적사항(총 9건)
연번 제   목 처분요구
   【복무·인사 분야】
1  건강검진 공가 사용 부적정  ▪ 경고(2명), 주의(5명)
 ▪ 시정(회수) 966,600원 
2  성범죄 경력 및 아동학대 범죄 전력 조회 소홀  ▪ 주의(1명)
   【계약·회계 분야】
3  계약 증빙서류 미징구 및 일상경비 회계업무 관리 소홀 ▪ 주의(4명)
 ▪ 통보
4  세출예산 집행과목 준수 소홀  ▪ 기관경고
 ▪ 통보
5  업무추진비 집행 부적정
 ▪ 주의(5명)
 ▪ 통보
 ▪ 시정(회수) 100,000원
6  출장여비 지급 소홀  ▪ 주의(2명)
 ▪ 시정(회수) 463,100원
  【시설 분야】
7  시설공사 준공정산 업무 소홀  ▪ 주의(3명)
 ▪ 시정(회수) 468,000원
8  시설공사 지연배상금 징수 소홀  ▪ 주의(3명)
 ▪ 시정(회수) 391,660원
   【기타】
9  어린이 안전교육 관리 소홀  ▪ 기관주의
 ▪ 통보
- 1 -
일련번호 전북특별자치도교육청익산학생교육문화관-1
전북특별자치도교육청
경고·주의 및 시정(회수) 요구
제        목     건강검진 공가 사용 부적정
소 관  기 관     전북특별자치도교육청익산학생교육문화관
조 치  기 관     전북특별자치도교육청익산학생교육문화관
내        용
1. 업무개요
  전북특별자치도교육청익산학생교육문화관(구, 익산교육문화회관)은 「지방
공무원 복무규정」, 「지방공무원 복무에 관한 예규」 및 「전북특별자치도
교육청 교육공무직원 관리규정」등에 따라 소속 교직원의 복무를 관리‧감독
하고 있다.
2. 관계법령 및 판단기준  
  「지방공무원 복무규정」 제7조의6(공가) 및 「전북특별자치도교육감(구, 
전라북도교육감) 소속 교육공무직 관리 규정」 제47조(공가)에 따르면 지방
자치단체의 장은 소속 공무원과 교육공무직원이 ｢산업안전보건법｣ 제129조
부터 제131조까지의 규정에 따른 건강검진, ｢국민건강보험법｣ 제52조에 따른 
건강검진을 받을 때에는 공가를 허가하도록 되어 있다.
- 2 -
3. 감사결과 확인된 문제점
  그런데도 전북특별자치도교육청익산학생교육문화관(구, 익산교육문화회관) 
○○○은 2022. 5. 3.(화) 건강검진을 사유로 공가를 허가 받고서도 건강검진을 받지 
않고 2022. 9. 3.(토)에 실제 건강검진을 받는 등 【표1】“건강검진 공가 사용 
부적정 내역”과 같이 총 7명이 공가를 부적정하게 사용한 사실이 있고, 특히 ○○○과 
□□□는 2022년과 2024년에 반복적으로 공가를 부적정하게 사용한 사실이 있다.
  그 결과 ○○○은 2022년 연가보상비 128,150원을 과다 지급 받는 등 【표2】
“공가 사용 부적정으로 인한 연가보상비(연차수당) 과다 지급 받은 내역”과 
같이 총 7명이 연가보상비(연차수당) 합계 966,600원을 과다 지급 받은 사실이 있다.
【표 1】 건강검진 공가 사용 부적정 내역
순 연도 직급·렬
(직종) 성명
공가 현황 실제검진현황 부적정
사유
부적정
일수
정당
복무사유 허가일 검진일자 복무
1
2022
*** ○○○ 건강검진 2022.5.3.
(화)
2022.9.3.
(토) .
허가일
건강검진
미실시
1일 연가
2 *** □□□ 건강검진2022.11.30.
(수)
2022.11.26.
(토) .
허가일
건강검진
미실시
1일 연가
3
2023
*** *** 건강검진 2023.9.18.
(월)
2023.9.15.
(금)
08:30~
.
허가일
건강검진
미실시
1일 연가
4 *** *** 건강검진 2023.9.22.
(금)
2023.9.21.
(목)
08:30~
.
허가일
건강검진
미실시
1일 연가
5 *** *** 건강검진 2023.9.22.
(금)
2023.9.21.
(목)
병조퇴
(13:00)
허가일
건강검진
미실시
1일 연가
6
2024
*** ○○○ 건강검진 2024.2.16.
(금)
2024.1.31.
(수)
대체
휴뮤
허가일
건강검진
미실시
1일 연가
7 *** *** 건강검진 2024.2.27.
(화)
2024.3.19.
(화)
학습
휴가
허가일
건강검진
미실시
1일 연가
8 *** □□□ 건강검진 2024.9.6.
(금) 미실시 .
허가일
건강검진
미실시
1일 연가
9 *** *** 건강검진2024.11.14.
(목)
2024.12.23.
(월)
학습
휴가
허가일
건강검진
미실시
1일 연가
합계 9일
- 3 -
 【표 2】 공가 사용 부적정으로 인한 연가보상비(연차수당) 과다 지급 받은 내역 
 (단위 : 원)
※ 교육공무직원의연차수당은연차사용일수를시간 단위로환산하여산정함
관계기관 의견
  전북특별자치도교육청익산학생교육문화관(구, 익산교육문화회관)은 결과를 
수용하면서 앞으로 동일한 사례가 발생되지 않도록 복무 관련 업무를 
철저히 수행하겠다는 의견을 제시하였다.
순 연도 직급·렬
(직종) 성명
연가 및 연가보상비 지급 일수
기
지급액
(A)
정당
지급액
(B)
과 다  지 급
받 은  금 액
(C=A-B)
비 고연 가
일 수
(시 간)
실제 지급 정당 지급
사 용
일 수
(시 간)
지 급
일 수
(시 간)
사 용
일 수
(시 간)
지 급
일 수
(시 간)
1
2022
*** ○○○ 21일 19일 2일 20일 1일 256,290 128,140 128,150
2 *** □□□ 21일 11일 10일 12일 9일 1,040,050 936,040 104,010
3
2023
*** *** 17일
(136) 6시간
16일
2시간
(130)
1일
6시간
(14)
15일
2시간
(122)
1,549,6001,454,240 95,360
통상임금
(시급)
11,920원
4 *** *** 17일 0 17일 1일 16일 1,671,4401,573,120 98,320
통상임금
임금
(시급)
12,290원
5 *** *** 15일 0 15일 1일 14일 1,203,6001,123,360 80,240
통상임금
(시급)
10,030원
6
2024
*** ○○○ 21일 8일 13일 9일 12일 1,736,6201,603,030 133,590
7 *** *** 21일 6일 15일 7일 14일 1,673,7701,562,190 111,580
8 *** □□□ 21일 8일 13일 9일 12일 1,736,6201,603,030 133,590
9 *** *** 7.5일
(60) 5시간 6.875일
(55)
1일
5시간
(13)
5.875일
(47) 562,100 480,340 81,760
통상임금
(시급)
10,220원
합계 11,430,09010,463,490966,600
- 4 -
조치할 사항
전북특별자치도교육청익산학생교육문화관장은 
① 앞으로 관련 규정과 지침에 따라 공가를 사용하도록 복무 관리를 철저히 
하여 주시고,
②〔시정〕 과다 지급된 연가보상비 966,600원을 관련자로부터 ‘회수’하여 
교육비특별회계에 세입 조치하시기 바랍니다.
③〔경고〕 관련자에게‘경고’ 조치하시기 바랍니다. [경고 2명]
④〔주의〕 관련자에게 ‘주의’ 조치하시기 바랍니다. [주의 5명]
- 5 -
일련번호 전북특별자치도교육청익산학생교육문화관-2
전북특별자치도교육청
주의 요구
제        목     성범죄 경력 및 아동학대관련범죄 전력 조회 소홀
소 관  기 관     전북특별자치도교육청익산학생교육문화관
조 치  기 관     전북특별자치도교육청익산학생교육문화관 외 1개 기관
내        용
1. 업무개요
  전북특별자치도교육청익산학생교육문화관(구, 익산교육문화회관)은 「아동․
청소년의 성보호에 관한 법률」, 「아동․청소년의 성보호에 관한 법률 시행령」, 
「아동복지법」 및 「아동복지법 시행령」 등에 따라 채용 업무를 수행하고 있다. 
2. 관계법령 및 판단기준  
  「아동․청소년의 성보호에 관한 법률」 제56조(아동․청소년 관련기관등에의 
취업제한 등) 및 「아동․청소년의 성보호에 관한 법률 시행령」 제25조(성범
죄의 경력 조회), 「아동복지법」 제29조의3(아동관련기관의 취업제한 등) 및 
「아동복지법 시행령」 제26조의5(아동학대관련범죄 전력 조회 절차)에 
따르면 기관장은 노무를 제공하려는 사람의 성범죄 경력 및 아동학대관련
범죄 전력을 확인하여야 한다고 되어 있다. 
- 6 -
3. 감사결과 확인된 문제점
  그런데도 전북특별자치도교육청익산학생교육문화관(구, 익산교육문화회관)은 
2022. 7. 4.∼7. 22. 2022년 □□□ 대체인력 ○○○을 채용하면서 【표】“성범죄 
경력 및 아동학대관련 범죄 전력 조회 소홀 내역”과 같이 노무를 제공한 
대체인력 6명에 대하여 성범죄 경력 및 아동학대 관련 범죄 전력 조회 동의서를 
제출받지 않았으며, 그 결과 전력 조회를 실시하지 않은 사실이 있다.
【표】 성범죄 경력 및 아동학대관련 범죄 전력 조회 소홀 내역
연번 채용명 계약기간 제공 업무
인적사항 동의서
제출
여부
전력 
조회 
여부이름 생년월일
1 2022년 □□□ 대체인력'22. 7. 4.~'22. 7. 22. ***** ○○○ ****.**.**.
미제출미조회
2 2023년 *** 대체인력 '23. 6. 24. ***** *** ****.**.**.
3 2023년 **** 대체인력 '23. 8. 1. ***** *** ****.**.**.
4 2023년 **** 대체인력'23. 8. 22.~'23. 8. 25. ***** *** ****.**.**.
5 2023년 *** 대체인력'23. 10. 18.~'23. 11. 15. ***** *** ****.**.**.
6 2023년 *** 대체인력
'23.
11월 24,27.
***** *** ****.**.**.'23.
12월
1,4,7,8,9,11,14
15,18,21,22,28,29
관계기관 의견
  전북특별자치도교육청익산학생교육문화관(구, 익산교육문화회관)은 결과를 
수용하면서 앞으로 동일한 사례가 발생되지 않도록 채용 시 성범죄 경력 및 
아동학대관련 범죄 전력 조회 업무를 철저히 수행하겠다는 의견을 제시하였다.
- 7 -
조치할 사항
전북특별자치도교육청익산학생교육문화관장은 
① 앞으로 관련 규정과 지침에 따라 성범죄 경력 및 아동학대관련 범죄 전력 
조회 업무를 철저히 하여 주시기 바랍니다.
전북특별자치도□□교육지원청교육장은
①〔주의〕 관련자에게 ‘주의’ 조치하시기 바랍니다. [주의 1명]
- 8 -
일련번호 전북특별자치도교육청익산학생교육문화관-3
전북특별자치도교육청
주의 요구 및 통보
제        목     계약 증빙서류 미징구 및 일상경비 회계업무 관리 소홀 
소 관  기 관     전북특별자치도교육청익산학생교육문화관
조 치  기 관     전북특별자치도교육청익산학생교육문화관외 2개 기관
내        용
1. 업무 개요
  전북특별자치도교육청익산학생교육문화관(구, 익산교육문화회관)은 보다 청렴한 
조직문화 개선을 위하여 물품 ․ 용역 등을 집행 시 「지방자치단체를 당사자로 하는 
법률」,「지방회계법 시행령」등 관련 법령에 따라 계약 업무 및 일상경비의 자금 
교부 및 회계업무 처리를 하고 있다.
2. 관계법령 및 판단기준  
  가. 계약 증빙서류 미징구
  「지방자치단체를 당사자로 하는 계약에 관한 법률」제14조(계약서의 작성 및 계약의 
성립) 제1항에 따르면 계약 담당자는 계약을 체결하려는 경우에는 계약의 목적, 계약 
금액, 이행 기간, 계약보증금, 위험부담, 지연배상금, 그 밖에 필요한 사항을 명백히 
- 9 -
적은 계약서를 작성하여야 한다고 되어 있고, 「지방자치단체를 당사자로 하는 계약에 
관한 법률 시행규칙」제47조 제4항에 따르면 계약보증금의 납부를 면제하는 경우에는 
계약서에 그 사유 및 면제 금액을 적고 계약보증금 지급 각서를 제출하게 하여 
첨부하여야 하며, 「지방자치단체를 당사자로 하는 계약에 관한 법률 시행규칙」
제48조에 따라 계약서의 작성을 생략하는 경우에는 계약상대자로부터 청구서, 각서, 
협정서, 승낙사항 등 계약 성립의 증거가 될 수 있는 서류를 제출받아 갖춰 두어야 
한다고 되어 있고,  
 「지방자치단체를 당사자로 하는 계약에 관한 법률」제6조의2(청렴서약제) 제1항에 
따르면 지방자치단체의 장 또는 계약담당자는 계약의 투명성과 공정성을 높이기 
위하여 입찰참가자 또는 수의계약의 계약상대자에게 청렴서약서를 제출하도록 하여야 
한다고 되어 있다.
  또한, 「공직자의 이해충돌 방지법 시행령」제14조(수 의 계 약  체 결  제 한) 제2항에 따르면 
공공기관의 장은 「공직자의 이해충돌 방지법」제12조(수 의 계 약  체 결  제 한) 제1항에 따른 
수의계약의 상대방이 수의계약 체결 제한 대상에 해당하는 자인지를 확인해야 한다고 
되어 있고, “전북특별자치도교육청 공직자의 이해충돌 방지제도 운영지침” 제11조
(수의계약 체결 제한 대상 확인)에 따르면 계약 업무를 담당하는 공직자는 물품·용역·
공사 등의 수의계약을 체결하는 경우, 「공직자의 이해충돌 방지법」제12조제1항 
각 호에 해당하는 수의계약 체결 제한 여부 확인서를 제출받아야 한다고 되어 있으며,
  전북특별자치도교육청(구,전라북도교육청)「공직자의 이해충돌 방지법」에 따른“수의
계약 체결 제한 의무 이행 관련 안내(감사관-5457, 2022. 7. 6.)”에 의하면 계약 업무 
담당자는 추정가격이 200만 원 미만인 물품의 제조·구매·임차 및 용역 계약을 체결
하는 경우를 제외하고는 수의계약 체결 제한 여부 확인서를 받도록 되어 있다.
- 10 -
  나. 일상경비 회계업무 관리 소홀
「지방회계법 시행령」제41조(일상경비 등에 대한 지급원인행위) 제1항에 따르면 
재무관1)의 사무 일부를 나누어 맡은 공무원(분임재무관)은 지출원2)으로부터 교부된 
일상경비 등에 대하여 그 목별 금액의 범위에서 지급의 원인이 되는 행위를 할 수 
있으며, 같은 법 제43조(계산서의 제출)에 따르면 일상경비 등 출납원은 소관 현금의 
출납에 관하여 출납계산서를 작성하여 지출원을 거쳐 지방자치단체의 장3)에게 
제출해야 하고 현금출납부 등 장부를 비치하고 정리하여야 한다고 되어 있다.
  또한, 전북특별자치도교육청(구,전라북도교육청)의 “일상경비 교부 등 공금관리 
개선방안 알림(재무과-16997, 2017. 8. 16.)”에 따르면 회계장부 월별 결재 비치 및 
금고-시스템 간 잔액 일치 확인을 철저히 하도록 되어 있고, “교육행정기관 회계
사고 재발 방지 추진계획 알림(재무과-20369, 2021. 11. 2.)”에 따르면 출납원 및 
지출담당자 교체 시 월별 현금출납부 사용내역 결재 등의 회계사고 예방교육4)을 
실시하도록 되어 있다. 
1) 「지방회계법」제29조 제2항 지방자치단체의 장이나 그 위임을 받은 공무원을 ‘재무관’이라 한다.
2) 「지방회계법」제31조 재무관이 자기 소관의 세출예산에 의하여 지출원인행위를 하였을때에는 지방자치
단체의 장이 임명한 공무원(이하 ‘지출원’이라 한다)에게 지출원인행위 관계서류를 보내야 한다.
3) 「전북특별자치도 교육비특별회계 재무회계 규칙」제5조(재무관의 직무 위임)제1항의2에 의한 일상경비의 자금 교부의 
사항을 도교육청 재무관은 재무과장인 분임재무관에게 위임하여 처리한다고 되어 있다.
4) 월별 현금출납부 및 법인카드 사용내역 결재, 분기별 출납계산서 제출, 출납원 직·사인 관리 철저, 공금관리 UMS 
및  법 인 카 드 SM S 가 입, K-에 듀 파 인  전 자 결 재  시  증 거 서 류 와  대 조·확 인  후  결 재 처 리  등 의  예 방 교 육 을  실 시 하 도 록  되 어  있 다.
- 11 -
3. 감사결과 확인된 문제점 
  가. 계약 증빙서류 미징구
  그런데도 전북특별자치도교육청익산학생교육문화관(구, 익 산 교 육 문 화 회 관)은 2023. 10. 16. 
‘수영장 여과기 교체(계 약 금 액  5,349,000원)’의 계약 상대자인 ‘○○○’과 수의계약을 
체결하면서 계약 성립의 증거가 될 수 있는 서류(승 낙  사 항, 계 약 보 증 금  지 급  각 서, 수 의 계 약 
각 서, 청 렴 서 약 서) 및 수의계약체결 제한 여부 확인서를 징구하지 않는 등 총 14건의 수의
계약에 대하여 【표】“계약 증빙서류 미징구 현황”과 같이 승낙 사항 등을 제출받지 
않은 사실이 있다.
나. 일상경비 회계업무 관리 소홀
   또한, 전북특별자치도교육청익산학생교육문화관(구, 익산교육문화회관) 총무과는 
전북특별자치도교육청익산학생교육문화관(구, 익산교육문화회관) 함열 분관에서 【표】
“계약 증빙서류 미징구 현황”과 같이 일상경비 회계 증빙서류가 누락되는 등 공금 
출납 처리가 미흡함에도 불구하고, 2022~2024년에 일상경비출납원(1회) 및 지출담당자
(2회) 교체 시마다 회계사고 재발 방지를 위한 교육5)을 실시하지 않는 등 일상경비 
회계업무 관리를 소홀히 한 사실이 있다.
5) 「회 계 사 고  재 발 방 지 를  위 한  자 체 계 획  수 립  및  직 원  교 육  실 시」(총 무 과-439, 2021. 11. 5.) 에  따 르 면  2021년 에  1회  실 시 한 
사실이 있다.
- 12 -
【표】 계약 증빙서류 미징구 현황 
(단위 : 원) 
순 계약건명 계약일자 계약상대자계약금액
서류징구내역
비고승낙
사항
계약보증금
지급각서
수의계약
각서
청렴
서약서
수의계약
체결제한
여부확인서
1 수영장 여과기 교체 2 0 2 3 . 1 0  .1 6 .○ ○ ○5,349,000 × ○ × × ×
본관
2 익산 역사문화체험관 
1일 학교 홍보판 제작 2024. 3. 5. *** 8,0 00,0 00○ ○ ○ ○ ×
3 2024. 4월 자료 구입 2024. 4. 25. *** 6,8 65,2 00○ ○ ○ ○ ×
4 로 비  및  스 마 트  실 
리 모 델 링 에  따 른  청 소 용 역2024. 9. 5. *** 5,5 00,0 00○ ○ ○ ○ ×
5 평생교육 프로그램 
바이올린 구입 2 0 2 3 . 2 .. 1 6 .*** 2,049,000 × × × × ×
함열
분관
6 2023.2차 도서 구입 2 0 2 3 . 5 . 1 0 .*** 5,715,090 × ○ × × ×
7 2023. 3차 도서 구입 2023. 6. 30. *** 7,8 30,0 00 ○ ○ ○ ○ ×
8 2023. 4차 도서 구입 2023. 8. 31. *** 5,3 99,8 00 ○ ○ ○ ○ ×
9 2023. 5차 도서 구입 2023. 11. 1. *** 5,8 50,0 00 ○ ○ ○ ○ ×
10 청 소 년 을  위 한  내 가  사 랑 한 
순 간  레 크 레 이 션  공 연 2 0 2 3 . 1 2 . 5 . *** 3,000,000 × × × × ×
11 청 소 년 을  위 한  내 가 
사 랑 한  순 간  비 보 잉  공 연2 0 2 3 . 1 2 . 5 . *** 3,000,000 × × × × ×
12 2023. 6차 도서 구입 2 0 2 3 . 1 2 . 1 3 .*** 7,6 86,5 50 ○ ○ ○ ○ ×
13 함열분관 사무실 이전 
폐기물처리용역 2 0 2 4 . 3 . 8 . *** 3,696,000 × × ○ ○ ×
14 함열분관 각 실 
블라인드 구입 및 설치 2 0 2 4 . 1 1 . 6 . *** 6,653,000 ○ ○ × ○ ×
  
관계기관 의견
  전북특별자치도교육청익산학생교육문화관(구, 익산교육문화회관)은 결과를 수용하면서 
앞으로 동일한 사례가 발생하지 않도록 계약 관련 업무 및 일상경비 회계업무 관리를 보다 
철저히 수행하겠다는 의견을 제시하였다.
- 13 -
조치할 사항 
전북특별자치도교육청익산학생교육문화관장은 
① 앞으로 관련 규정과 지침에 따라 계약 관련 업무 및 일상경비 회계업무에 철저를 
기하여 주시기 바랍니다.
②〔통보〕 향후 동일한 지적 사항이 발생하지 않도록 자체 교육을 실시하는 등 
회계사고 예방에 필요한 조치를 강구하시기 바랍니다. 
③〔주의〕 관련자에게 ‘주의’조치하시기 바랍니다. [주의 2명]
전북특별자치도☆☆교육지원청교육장은  
①〔주의〕 관련자에게 ‘주의’조치하시기 바랍니다. [주의 1명]
전북특별자치도교육청♧♧학생교육문화관장은  
①〔주의〕 관련자에게 ‘주의’조치하시기 바랍니다. [주의 1명]
- 14 -
일련번호 전북특별자치도교육청익산학생교육문화관-4
전북특별자치도교육청
기관 경고 및 통보
제        목     세출예산 집행과목 준수 소홀
소 관  기 관     전북특별자치도교육청익산학생교육문화관
조 치  기 관     전북특별자치도교육청익산학생교육문화관
내        용
1. 업무개요
  전북특별자치도교육청익산학생교육문화회관(구, 익산교육문화회관)은 ｢지방
재정법｣ 및 ｢지방자치단체 교육비특별회계 예산편성 운영기준｣, “전북특별자치도
교육비특별회계 예산편성 및 운영지침”등의 관계 법령에 따라 세출예산을 
집행하고 있다.
2. 관계법령 및 판단기준
  ｢지방재정법｣ 제3조(지방재정 운용의 기본원칙), 제45조(추가경정예산의 편성 등) 
및 제49조(예산의 전용)에 따르면 지방자치단체는 재정을 건전하고 효율적으로 
운용하여야 하고, 이미 성립된 예산을 변경할 필요가 있을 때에는 추가경정예
산을 편성할 수 있다고 되어 있으며, 지방자치단체의 장은 세출예산에서 정한 
목적 외의 용도로 경비를 사용할 수 없고, 예산에 계상되지 아니한 사업을 
- 15 -
추진하는 경우 지방의회가 의결한 취지와 다르게 사업 예산을 집행하는 경우
에는 전용할 수 없다고 되어 있다.
 
  그리고 전북특별자치도교육청(구, 전북교육청)의 “전북특별자치도교육비
특별회계 예산편성 및 운영지침”에 따르면 자산의 변동을 가져오는 건축물 
시설비는 시설비(420-03)에서 집행하여야 하고, 물품을 구입할 때는 물품의 
내용연수, 취득예상가격 등을 종합적으로 고려하여 예산과목을 정하여야 하며, 
소모성 물품이 아니고 1년 이상 계속 사용할 수 있는 물품으로써 자산의 변동을 
가져오는 물품의 취득은 유형자산(430), 취득비(430-01)에서 집행하여야 한다.
  또한, 세출예산의 성질별 분류는 목그룹, 목, 세목, 원가통계비목별로 분류하며 
세출예산은 예산집행 시 편성된 목적과 【표1】“세출예산 세목 성질별 분류”의 
예산과목에 맞게 집행하게 되어 있다.
【표1】 세출예산 세목 성질별 분류
세목 원가통계비목 설정 비고
210-01
일반수용비 ·통상적인 조직운영에 소요되는 기본적인 행정사무비
·기 타  업 무 수 행 과 정 에 서  소 규 모 로  발 생 하 는  물 품 의  구 입  및  용 역 제 공 에  대 한  대 가
교육경비 ·공무원 위탁교육비 또는 공로연수비
210-02 공공요금
및 제세
·우편요금, 전화요금 등 회선사용료, 전기·가스료, 상·하수도료 등 공공요금
·법령에 의하여 지불·부담하는 제세 및 법령 또는 협약에 의한 협회비 
기타 계약에 의하여 부담하는 각종 부담금
210-03 피복비 ·업무성격상 제복착용(작업복)이 불가피한 경우에 해당업무를 직접 담당
하고 있는 자(무기계약근로자 포함)에게 지급
210-05 특근매식비
·공 무 원 에 게  지 급 하 며, 정 규 근 무 시 간  개 시  1시 간  전 에  출 근 하 여  근 무 하 거 나 
근무종료 후 1시간 이상 근무하는 자 또는 휴일에 1시간 이상 근무하는 
자에게 지급
210-06
운영수당 ·법령·조례 및 사업추진을 위해 설치된 각종 위원회의 민간위원에 대한 
회의 참석 사례비 및 안건 검토비
일숙직비 ·일·숙직비
강사수당 ·공무원교육훈련기관, 직장교육(자체교육 포함) 외래강사료
- 16 -
  아울러, 예산은 편성된 목적대로 집행하는 것이 원칙이나, 세출예산이 부족한 
경우 동일 세부사업 동일 목내 세목 간 예산을 해당부서장 책임하에 변경하여 
상호 융통하여 사용할 수 있다.
3. 감사결과 확인된 문제점
 가. 예산의 목적 외 운영
  그런데도 전북특별자치도교육청익산학생교육문화관(구, 익산교육문화회관)은 
2022. 6. 29. “회관 텃밭 담장 및 본관 내·외벽 도장 공사”를 집행하면서 
‘시설비(420-03)’가 아닌 ‘공공요금및제세(210-02)’에서 19,261,000원을 추가
경정예산 편성 등의 예산변경 없이 집행하는 등 【표2】 “세출예산 목적 외 
집행 현황”과 같이 총 6건, 합계 118,724,670원을 세출예산에서 정한 목적 외 
용도로 집행한 사실이 있다.
【표2】 세출예산 목적 외 집행 현황
(단위: 원)
세목 원가통계비목 설정 비고
210-09 시 설 장 비 유 지 비·건물 및 건축설비(구축물, 기계장치, 보일러 등 난방시설), 공구, 기구, 
비품, 기차 시설물의 유비보수비
210-13
관리용역비
·청사의 시설관리 또는 장비의 유지관리, 전산 운영 등 기관의 운영 
과정에 필요한 시설장비의 유지관리 업무를 용역 계약을 통해 외부에 
대행시키는 비용
일반용역비 ·기관의 업무추진 과정에서 전문성이 필요한 행사운영, 채용, 영상 자료 
제작 등의 일반업무를 용역계약을 통해 대행시키는 비용
순 회계
연도 집행일 /건명 집행금액 실제 집행과목
(원가통계비목)
정당 집행과목
(원가통계비목)
1 2022 2022.6.29.회관 텃밭 담장 및 본관 
내·외벽 도장 공사 19,261,000210-02공공요금및제세
(도시가스료) 420-03 시설비
(건물시설비)
2 2022 2022.6.29.전통 고기와 강판 지붕 
원두막 설치 17,600,000210-02공공요금및제세
(전기요금) 430-01 취득비
(구축물취득비)
- 17 -
  나. 세출 예산과목(세목) 준수 소홀
  또한, 전북특별자치도교육청익산학생교육문화관(구, 익산교육문화회관)은 
2022년 종합감사 결과 ‘세출예산 과목 준수 소홀’과 관련하여 “주의(2명)”
처분(2022. 5. 13.)을 받고서도,
  2022. 12. 21. “2022년 12월분 일반용 전기요금 납부”를 집행하면서 ‘공공요금및
제세(210-02)’ 예산과목이 아닌 ‘특근매식비(210-05)’ 예산과목에서 1,561,030원을 집행
하는 등 【표3】“세출예산(세목) 집행 부적정 내역”과 같이 2022~2024년 
총 21건, 합계 25,597,940원(익산학생교육문화관 7건, 14,832,310원, 함열분관 14건, 
10,765,630원)을 해당부서장의 예산(세목) 변경 사용 승인 없이 세출 예산과목
(세목)에 맞지 않게 집행한 사실이 있다.
순 회계
연도 집행일 /건명 집행금액 실제 집행과목
(원가통계비목)
정당 집행과목
(원가통계비목)
3 2022 2022.11.4.수영장 탈의실 평상 제작 2,618,000210-02공공요금및제세
(도시가스료) 430-01 취득비
(기 타 유 형 자 산 취 득 비)
4 20222022.12.15.
회관 기계실 배수펌프 및 
제어밸브 설치에 따른 
기계설비공사비 지급
(공개견적)
19,406,530210-02공공요금및제세
(전기요금)
420-03 시설비
(기계설비시설비)2,220,940210-01 일반수용비
(각종수수료)
6,161,600210-09시설장비유지비
(시 설 장 비 유 지 비)
소 계 27,789,070
5
20222022.12.29.회 관  야 외  무 대  데 크  공 사 비 
지 급(여 성 기 업)
10,661,140210-02공공요금및제세
(도시가스료) 420-03 시설비
(구축물시설비)35,005,460210-02공공요금및제세
(상하수도료)
소 계 45,666,600
6 20222022.12.29.실내 수영장 여자 탈의실 
사물함 제작 5,790,000210-02공공요금및제세
(전기요금) 430-01 취득비
(기 타 유 형 자 산 취 득 비)
합 계 118,724,670
- 18 -
【표3】 세출 예산과목(세목) 집행 부적정 내역
□ 전북특별자치도교육청익산학생교육문화관 (단위: 원)
□ 전북특별자치도교육청익산학생교육문화관 함열분관
(단위: 원)
순 회계
연도 집행일 건명 집행금액 실제 집행과목
(원가통계비목)
정당 집행과목
(원가통계비목)
1 2022 2022.12.21.2022년 12월분 일반용 
전기요금 납부 1,561,030 210-05 특근매식비 210-02 공 공 요 금  및  제 세
(전기요금)
2 2022 2022.12.21.회 관  내  폐 기 물  처 리 비 
납부 48,000 210-05 특근매식비 210-02 공 공 요 금  및  제 세
(기타제세)
3 2022 2022.12.29.회관  퇴 임 식  행 사  플 래
카드  제 작  및  꽃 다 발 구 입 94,000 210-06 운영수당
(일숙직비) 210-01 일반수용비
4
2022 2022.12.29.2022년 12월 
특근매식비 지급
51,550 210-01 일반수용비
210-05 특근매식비
276,730 210-01 교육경비
소계 328,280
5 2023 2023.12.28.
수영장 탈의실 
바닥교체 및 기타공사 
집행
11,513,000210-02 공 공 요 금  및  제 세
(전기요금) 210-09 시설장비유지비
6 2024 2024.12.10.2024년 11월분 직원 
특근매식비 지급 774,000 210-01 일반수용비 210-05 특근매식비
7
2024 2024.12.26.2024년 12월분 직원 
특근매식비 지급
180,000 210-06 일숙직비
210-05 특근매식비
334,000 210-02 공 공 요 금  및  제 세
(보험료)
소계 514,000
합 계(A) 14,832,310
순 회계
연도 집행일 건명 집행금액 실제 집행과목
(원가통계비목)
정당 집행과목
(원가통계비목)
1
20222022.12.13.2022년 도  제9차(잔 액 분) 구 입
도 서  M ARC 구 축  및  장 비 작 업
16,000210-01 일반수용비
(교육경비) 210-01 일반수용비
235,000210-02공 공 요 금  및  제 세
(기타제세)
소 계 251,000
- 19 -
순 회계
연도 집행일 건명 집행금액 실제 집행과목
(원가통계비목)
정당 집행과목
(원가통계비목)
2
20222022.12.21.도 서 정 리 용 품  구 입
145,700210-01 일반수용비
(운영수당) 210-01 일반수용비
577,310210-02공 공 요 금  및  제 세
(기타공공요금)
소 계 723,010
3
20222022.12.23.2022년 함열분관 마술 공연
1,040,000210-02공 공 요 금  및  제 세
(전기요금) 210-13 용역사업비
(일반용역비)930,000210-02공 공 요 금  및  제 세
(상하수도료)
소 계 1,970,000
4
20222022.12.28.함열분관 홍보를 위한 종이 
가방 제작 및 구입
524,940210-02공 공 요 금  및  제 세
(전기요금)
210-01 일반수용비
446,150210-02공 공 요 금  및  제 세
(인터넷통신요금)
30,000210-02공 공 요 금  및  제 세
(기타공공요금)
256,000210-01 일반수용비
(교육경비)
85,300210-13 용역사업비
(관리용역비)
소 계 1,342,390
5
20222022.12.28.분관시설 및 조경용품 구입
155,390 210-02공 공 요 금  및  제 세
(기타공공요금)
210-01 일반수용비39,030 210-02공 공 요 금  및  제 세
(전기요금)
369,400 210-05 특근매식비
소 계 563,820
6 20222022.12.29도서정리용품(포켓패드) 
구입 45,000 210-06 운영수당
(위원회수당) 210-01 일반수용비
7
20222022.12.30.분관시설 및 조경용품(철제 
배너대) 구입
1,380 210-02공 공 요 금  및  제 세
(우편요금) 210-01 일반수용비
94,600 210-05 특근매식비
소 계 95,980
8
20232023.12.15.2023년 청소년을 위한 문화
예술공연(비보잉)
2,255,640 210-01 일반수용비
210-13 용역사업비
(일반용역비)434,360 210-02공 공 요 금  및  제 세
(기타공공요금)
310,000 210-06 운영수당
(강사수당)
소계 3,000,000
- 20 -
관계기관 의견
  전북특별자치도교육청익산학생교육문화관(구, 익산교육문화회관)은 결과를 수용
하면서 앞으로 동일한 사례가 발생하지 않도록 세출예산 집행 관련 업무를 보다 
철저히 수행하겠다는 의견을 제시하였다.
순 회계
연도 집행일 건명 집행금액 실제 집행과목
(원가통계비목)
정당 집행과목
(원가통계비목)
9
20232023.12.262023년 청소년을 위한 문화
예술 공연 용품구입
576,080 210-02공 공 요 금  및  제 세
(인터넷통신요금)
210-01 일반수용비
159,040 210-13 용역사업비
(관리용역비)
소 계 735,120
10 20232023.12.28.함열분관 시설 및 위생용품 
구입 70,000 210-05 특근매식비 210-01 일반수용비
11 20242024.12.23.2024년 겨울 독서교실 
운영도서 구입 340,200 210-02공 공 요 금  및  제 세
(상하수도료) 210-01 일반수용비
12 20242024.12.24.2025년 도  겨 울 방 학  학 생 교 육 
용품구입(트램펄린) 480,000 210-02공 공 요 금  및  제 세
(상하수도료) 210-01 일반수용비
13
20242024.12.26.함열분관 교육실 및 
청소용품 구입
372,280 210-02공 공 요 금  및  제 세
(상하수도료)
210-01 일반수용비
535,020 210-02공 공 요 금  및  제 세
(인터넷통신요금)
소 계 907,300
14
20242024.12.26.2024년 명예퇴직 공로패 
제작
212,870 210-02공 공 요 금  및  제 세
(전기요금)
210-01 일반수용비23,340 210-02공 공 요 금  및  제 세
(상하수도료)
5,600 210-05 특근매식비
소 계 241,810
합 계(B) 10,765,630
총 계(A+B) 25,597,940
- 21 -
조치할 사항 
전북특별자치도교육청익산학생교육문화관장은
① 앞으로 관련 규정과 지침에 따라 세출예산 집행 업무를 철저히 하여 주시기 바랍니다.
②〔기관경고〕세출예산 집행과 관련하여‘기관경고’조치하니 향후 동일 지적
사항이 발생하지 않도록 각별히 유념하시기 바랍니다.
③〔통보〕앞으로 동일 지적사례가 발생하지 않도록 소속 직원들에게 관련 
규정 및 지침 등 교육을 실시하시기 바랍니다.
 
- 22 -
일련번호 전북특별자치도교육청익산학생교육문화관-5
전북특별자치도교육청
주의·시정(회수) 요구 및 통보
제        목     업무추진비 집행 부적정
소 관  기 관     전북특별자치도교육청익산학생교육문화관
조 치  기 관     전북특별자치도교육청익산학생교육문화관 외 3개 기관
내        용
1. 업무개요
  전북특별자치도교육청익산학생교육문화회관(구, 익산교육문화회관)은 ｢지방교육
행정기관 업무추진비 집행에 관한 규칙｣ 및 ｢지방자치단체 교육비특별회계 세출
예산 집행기준｣ 등의 관계 법령에 따라 업무추진비를 집행하고 있다.
2. 관계법령 및 판단기준  
   ｢지방교육행정기관 업무추진비 집행에 관한 규칙)｣ 제3조(업무추진비의 집행)에 
따르면 업무추진비를 집행하는 회계관계공무원 및 업무추진비 집행 공무원은 
[별표]에 규정된 직무활동1)에 대하여 집행하여야 한다고 되어 있고,
1) 업무추진비 집행대상 직무활동 범위: 1. 학술·문화예술·체육활동 유공자 등에 대한 격려 및 지원, 2. 업무추진을 위한 각종 회
의·간담회·행사, 3. 업무추진 유관기관 협조, 4. 교육활동·재난 피해자 및 교육소외계층에 대한 격려 및 지원, 5. 시책 또는 지역 
홍보, 6. 현업(현장)부서 근무자에 대한 격려 및 지원, 7. 소속 상근직원에 대한 격려 및 지원, 8. 직무수행과 관련된 통상적
인 경비
- 23 -
  직무수행과 관련된 축의·부의금품은 소속 상근직원, 해당 지방의회 의원, 
해당 지방교육행정기관 관할구역 업무 유관기관의 임직원을 대상 업무유관으로 
지급이 가능하고, 동일한 지방교육행정기관 내 상하관계 기관으로서 업무유관이 
있는 경우로서 감독권한을 가진 상급기관에서 하급기관에 한하여 축의·부의금을 
집행할 수 있다고 되어 있으며, 소속 상근직원에 대한 격려 및 지원은 상근직원이 
부상을 당하거나 사망한 경우 유족에 대한 위로금품 지급이 가능하다고 명시
하고 있다.
  또한, ｢지방자치단체 교육비특별회계 세출예산 집행기준(교육부 예규 제91호)｣ 
및 ｢지방자치단체 교육비특별회계 예산편성 운영기준(교육부훈령 제493호)｣에 
따르면 축의·부의금품은‘기관운영 업무추진비’에서만 집행할 수 있다고 되어 
있고, ‘정원가산업무추진비’는 직원 생일 기념품, 직원 사기진작을 위한 체육
대회·단합행사·전통시장행사, 불우 공무원 지원 등 각 지방교육행정기관 소속 
직원의 사기진작을 위한 경비로 집행하도록 되어 있다.
3. 감사결과 확인된 문제점
  그런데도 전북특별자치도교육청익산학생교육문화관(구, 익산교육문화회관)은 
2024. 12. 20. 위로금품 지급 대상이 아닌 사회복무요원 배우자 출산 축하금 
50,000원을 집행하는 등 【표1】“지급대상이 아닌 업무추진비 집행 내역”과 
같이 총 2명, 합계 100,000원을 기관운영 업무추진비로 부적정하게 지급한 
사실이 있다.
  또한, 2023. 1. 16. 집행 과목(세목)이 아닌 정원가산업무추진비에서 ○○○ 부친상 
부의금 50,000원을 집행하는 등 【표2】“정원가산업무추진비 집행 부적정 내역”과 
같이 총 5건, 합계 250,000원을 부적정하게 집행한 사실이 있다.
- 24 -
【표1】 지급대상이 아닌 업무추진비 집행 내역
(단위: 원)
【표2】 정원가산업무추진비 집행 부적정 내역
(단위: 원)
관계기관 의견
  전북특별자치도교육청익산학생교육문화관(구, 익산교육문화회관)은 결과를 수용
하면서 앞으로 동일한 사례가 발생하지 않도록 업무추진비 집행 관련 업무를 
보다 철저히 수행하겠다는 의견을 제시하였다.
조치할 사항
전북특별자치도교육청익산학생교육문화관장은
① 앞으로 관련 규정과 지침에 따라 업무추진비 집행 업무를 철저히 하여 주시고,
②〔시정〕 잘못 지급된 업무추진비 100,000원을‘회수’하여 교육비특별회계에 세입 
조치하시기 바랍니다.
순 회계
연도 집행일 건명 집행액 실제 집행과목(세목) 정당 집행과목(세목)
1 2023 2023.1.16.○ ○ ○  부친상 부의금 50,000
230-03
업무추진비
(정원가산
업무추진비)
230-01
업무추진비
(기관운영
업무추진비)
2 2023 2023.1.27.*** 장인상 부의금 50,000
3 2023 2023.2.24.*** 시모상 부의금 50,000
4 2023 2023.2.24.*** 모친상 부의금 50,000
5 2024 2024.2.28.*** 빙모상 조의금 50,000
합계 250,000
순 회계연도 집행일 건명 집행액 비고
1 2023 2023.4.19. **** 부친상 부의금 50,000
2 2024 2024.12.20. 사 회 복 무 요 원  배 우 자  출 산 축하금 50,000
합계 100,000
- 25 -
③〔통보〕 앞으로 동일 지적사례가 발생하지 않도록 소속 직원들에게 관련 
규정 및 지침 등 교육을 실시하시기 바랍니다.
④〔주의〕 관련자에게 ‘주의’ 조치하시기 바랍니다. [주의 2명]
△△△△고등학교장은
①〔주의〕 관련자에게 ‘주의’ 조치하시기 바랍니다. [주의 1명]
전북특별자치도▽▽교육지원청교육장은  
①〔주의〕 관련자에게 ‘주의’ 조치하시기 바랍니다. [주의 1명]
전북특별자치도☆☆교육지원청교육장은  
①〔주의〕 관련자에게 ‘주의’ 조치하시기 바랍니다. [주의 1명]
- 26 -
일련번호 전북특별자치도교육청익산학생교육문화관-6
전북특별자치도교육청
주의·시정(회수) 요구
제        목     출장여비 지급 소홀
소 관  기 관     전북특별자치도교육청익산학생교육문화관
조 치  기 관     전북특별자치도교육청익산학생교육문화관 외 1개 기관
내        용
1. 업무개요
  전북특별자치도교육청익산학생교육문화관(구, 익산교육문화회관)은 소속 직원이 
공무(公務)로 여행을 하는 경우에 공무의 원활한 수행을 위하여 「공무원 
여비 규정」 등 관련 법령에 따라 소속 직원에게 출장 여비를 지급하고 있다. 
2. 관계법령 및 판단기준  
  「공무원 여비 규정」제18조(근무지 내 국내 출장 시의 여비), 제28조(여비의 
조정) 및 “공무원여비업무 처리기준”에 따르면 근무지 내 국내출장의 경우에 
출장 여행시간이 4시간 이상인 공무원에게는 2만원을 지급하고, 4시간 미만인 
공무원에게는 1만원을 지급한다고 되어있으며, 근무지 외 국내출장 시 식사를 
제공받은 경우에는 그 비용을 감액 후 지급하도록 되어 있다.
- 27 -
3. 감사결과 확인된 문제점 
  그런데도 전북특별자치도교육청익산학생교육문화관 함열분관(구, 익산교육문화회관 
함열분관)은 ○○○의 2022. 2. 10. 근무지 내 출장여비 지급 시 출장이 4시간 
미만인데도 정당 지급액 10,000원보다 과다한 20,000원을 지급하는 등 【표 1】
“관내 출장여비 과다지급 내역”과 같이 2022년 3명에게 총 12건, 합계 
150,000원의 출장여비를 과다 지급한 사실이 있고, 
  또한, 전북특별자치도교육청익산학생교육문화관(구, 익산교육문화회관)은 
□□□의 2022. 5. 26. 근무지 외 출장 여비 지급 시 출장지에서 식사를 제공
받았음에도 출장여비(식비) 6,660원을 과다 지급하는 등 【표 2】“관외 출장여비 
과다 지급 내역”과 같이 2022~2024년 15명에게 총 42건, 합계 313,100원을 과다 
지급한 사실이 있다.
 【표1】 관내 출장여비 과다 지급 내역 
                                                               (금액 단위: 원)
연
번
출 장 자
성명
직위
(급)
회계
연도 구분 출장일자 출장목적 출장지
여비 지급 내역
기지급액
(A)
정당지급액
(B)
과 다  
지급액
(C= A-B )
1 ○○○***** 2022
관내-반일 2022.2.10.
09:00~12:00 *************** ****** 20,000 10,000 10,000
관내-종일 2022.2.11.
09:00~14:00 *************** ****** 40,000 20,000 20,000
관내-종일 2022.2.18.
09:00~14:00 **************** ****** 40,000 20,000 20,000
관내-반일 2022.3.2.
09:00~12:00 *************** ****** 20,000 10,000 10,000
관내-종일 2022.3.4.
09:00~18:00 *************** ****** 40,000 20,000 20,000
합계 160,000 80,000 80,000
2 ◎ ◎ ◎****** 2022
관내-반일 2022.2.15.
09:00~12:00 *************** ****** 20,000 10,000 10,000
관내-반일 2022.2.18.
09:40~10:40 *************** ****** 20,000 10,000 10,000
관내-반일 2022.2.25.
16:00~18:00 *************** ****** 20,000 10,000 10,000
관내-반일 2022.2.28.
14:05~17:00 *************** ****** 20,000 10,000 10,000
관내-반일 2022.3.2.
12:50~14:50 *************** ****** 20,000 10,000 10,000
관내-반일 2022.3.8.
16:05~17:55 ****** 20,000 10,000 10,000
합계 120,000 60,000 60,000
3 ◍◍◍ ***** 2022 관내-반일 2022.2.25.
16:00~18:00 *************** ****** 20,000 10,000 10,000
총합계 150,000
- 28 -
【표2】 관외 출장여비 과다 지급 내역
                                                               (금액 단위: 원)
연
번
출장
자
성명
직위
(급)
회계
연도 출장일자 출장목적 출장지
여비 지급 내역
기지급액(A) 정당지급액(B) 과  다
지급액
(C=A-B)일비 식비 교통
비 계 일비 식비 교통
비 계
1□ □ □*****
2022
2022.05.26.
(16:00~18:00) *************** ****** 20,00020,000 0 40,00020,00013,340 0 33,340 6,660
2022.06.21.
(09:00~18:00) *************** ****** 20,00020,000 0 40,00020,00013,340 0 33,340 6,660
2022.09.30.
(08:30~17:30) *************** 20,00020,000 0 40,00020,00013,340 0 33,340 6,660
합계 60,00060,000 0 120,00060,00040,020 0 100,02019,980
2▤ ▤ ▤*****
2022
2022.05.26.
(16:00~18:00) *************** ****** 20,00020,000 0 40,00020,00013,340 0 33,340 6,660
2022.07.05.
(14:30~18:00) *************** ****** 20,00020,000 0 40,00020,00013,340 0 33,340 6,660
2022.09.30.
(08:30~17:30) *************** ****** 20,00025,000 0 45,00020,00016,670 0 36,670 8,330
합계 60,00065,000 0 125,00060,00043,350 0 103,35021,650
3△ △ △***** 2022 2022.06.21.
(09:00~18:00) *************** ****** 20,00020,000 0 40,00020,00013,340 0 33,340 6,660
4◇ ◇ ◇*****
2022 2022.06.21.
(09:00~18:00) *************** ****** 20,00020,000 0 40,00020,00013,340 0 33,340 6,660
2024
2024.04.09.
(09:00~18:00) *************** ****** 20,00020,000 0 40,00020,00013,340 0 33,340 6,660
2024.05.29.~30
(08:00~18:00) *************** ****** 50,00050,000 0 100,00050,00041,670 0 91,670 8,330
합계 90,00090,000 0 180,00090,00068,350 0 158,35021,650
5♧ ♧ ♧***** 2022 2022.06.22.
(09:00~18:00) *************** ****** 20,00020,000 0 40,00020,00013,340 0 33,340 6,660
6 ◒◒◒ ***** 2022 2022.06.22.
(09:00~18:00) *************** ****** 20,00020,000 0 40,00020,00013,340 0 33,340 6,660
7 ◓◓◓ *****
2022 2022.09.30.
(08:30~17:30) *************** ****** 20,00020,000 0 40,00020,00013,340 0 33,340 6,660
2023 2023.03.10.
(08:30~18:00) *************** ****** 20,00020,00010,60050,60020,00013,34010,60043,940 6,660
- 29 -
연
번
출장
자
성명
직위
(급)
회계
연도 출장일자 출장목적 출장지
여비 지급 내역
기지급액(A) 정당지급액(B) 과  다
지급액
(C=A-B)일비 식비 교통
비 계 일비 식비 교통
비 계
2023.04.18.
(09:00~18:00) *************** ****** 20,00020,000 0 40,00020,00013,340 0 33,340 6,660
2023.06.16.
(14:00~20:00) *************** ****** 20,00020,000 0 40,00020,00013,340 0 33,340 6,660
합계 80,00080,00010,600170,60080,00053,36010,600143,96026,640
8▧ ▧ ▧***** 2023
2023.03.10.
(08:30~18:00) *************** ****** 20,00020,000 0 40,00020,00013,340 0 33,340 6,660
2023.04.18.
(09:00~18:00) *************** ****** 20,00020,000 0 40,00020,00013,340 0 33,340 6,660
2023.06.16.
(14:00~20:00) *************** ****** 20,00020,000 0 40,00020,00013,340 0 33,340 6,660
합계 60,00060,000 0 120,00060,00040,020 0 100,02019,980
9▤ ▤ ▤*****
2023
2023.03.10.
(08:30~18:00) *************** ****** 20,00020,000 0 40,00020,00013,340 0 33,340 6,660
2023.04.18.
(09:00~18:00) *************** ****** 20,00020,000 0 40,00020,00013,340 0 33,340 6,660
2023.06.16.
(14:00~20:00) *************** ****** 20,00020,000 0 40,00020,00013,340 0 33,340 6,660
2024
2024.02.29.
(09:00~18:00) *************** ****** 20,00020,000 0 40,00020,00013,340 0 33,340 6,660
2024.04.11.~
12
(07:30~18:00)
*************** ****** 50,00050,000 0 100,00050,00041,670 0 91,670 8,330
2024.05.29.~
30
(08:00~18:00)
*************** ****** 50,00050,00057,000157,00050,00041,67057,000148,6708,330
2024.06.26.
(09:00~18:00) *************** ****** 20,00020,000 0 40,00020,00013,340 0 33,340 6,660
합계 200,000200,00057,000457 ,000200 ,000150 ,04057,000407,04049,960
10▲ ▲ ▲***** 2024
2024.01.22.
(09:00~18:00) *************** ****** 20,00020,000 0 40,00020,00013,340 0 33,340 6,660
2024.02.23.~24
(09:00~18:00)*************** ****** 40,00040,00029,700109,70040,00020,00029,70089,70020,000
2024.02.29.
(09:00~18:00) *************** ****** 20,00020,000 0 40,00020,00013,340 0 33,340 6,660
2024.04.11.~12
(07:30~18:00)*************** ****** 50,00050,000 0 100,00050,00041,670 0 91,670 8,330
- 30 -
관계기관 의견
 전북특별자치도교육청익산학생교육문화관(구, 익산교육문화회관)은 결과를 수용
하면서 앞으로 동일한 사례가 발생되지 않도록 출장여비 관련 업무를 보다 
철저히 수행하겠다는 의견을 제시하였다.
연
번
출장
자
성명
직위
(급)
회계
연도 출장일자 출장목적 출장지
여비 지급 내역
기지급액(A) 정당지급액(B) 과  다
지급액
(C=A-B)일비 식비 교통
비 계 일비 식비 교통
비 계
2024.04.15.
(09:00~18:00) *************** ****** 20,00020,000 0 40,00020,00013,340 0 33,340 6,660
2024.05.29.~30
(08:00~18:00)*************** ****** 50,00050,000 0 100,00050,00041,670 0 91,670 8,330
2024.06.26.
(09:00~18:00) *************** ****** 20,00020,000 0 40,00020,00013,340 0 33,340 6,660
합계 220,000220,00029,700469,700220,000156,70029,700406,40063,300
11◈ ◈ ◈***** 2024
2024.02.29.
(09:00~18:00) *************** ****** 20,00020,000 0 40,00020,00013,340 0 33,340 6,660
2024.04.11.~12
(07:30~18:00)*************** ****** 50,00050,000 0 100,00050,00041,670 0 91,670 8,330
2024.05.29.~30
(08:00~18:00)*************** ****** 50,00050,000 0 100,00050,00041,670 0 91,670 8,330
2024.06.26.
(09:00~18:00) *************** ****** 20,00020,000 0 40,00020,00013,340 0 33,340 6,660
합계 140,000140,0000 280 ,000140 ,000110 ,0200 250,02029,980
12▣ ▣ ▣***** 2024 2024.04.09.
(09:00~18:00) *************** ****** 20,00020,000 0 40,00020,00013,340 0 33,340 6,660
13☆ ☆ ☆***** 2024
2024.04.11.~12
(07:30~18:00)*************** ****** 50,00050,000 0 100,00050,00041,670 0 91,670 8,330
2024.05.29.~30
(08:00~18:00)*************** ****** 50,00050,000 0 100,00050,00041,670 0 91,670 8,330
합계 100,000100,0000 200 ,000100 ,00083,340 0 183,34016,660
14★ ★ ★***** 20242024.05.29.~30
(08:00~18:00)*************** ****** 50,00050,00037,000137,00050,00041,67037,000128,6708,330
15⊙ ⊙ ⊙***** 20242024.05.29.~30
(08:00~18:00)*************** ****** 50,00050,000 0 100,00050,00041,670 0 91,670 8,330
합계 313,100
- 31 -
조치할 사항 
전북특별자치도교육청익산학생교육문화관장은
① 앞으로 관련 규정과 지침에 따라 출장여비 업무를 철저히 하여 주시고,
②〔시정〕 과다 지급된 여비 463,100원을 관련자로부터‘회수’하여 교육비특별
회계에 세입 조치하시기 바랍니다.
◯3 〔주의〕 관련자에게 ‘주의’ 조치하시기 바랍니다. [주의 1명]
전북특별자치도교육청♧♧학생교육문화관장은  
①〔주의〕 관련자에게 ‘주의’ 조치하시기 바랍니다. [주의 1명]
 
- 32 -
일련번호 전북특별자치도교육청익산학생교육문화관-7
전북특별자치도교육청
주의·시정(회수) 요구
제        목     시설공사 준공정산 업무 소홀
소 관  기 관     전북특별자치도교육청익산학생교육문화관
조 치  기 관     전북특별자치도교육청익산학생교육문화관 외 2개 기관
내        용
1. 업무개요
  전북특별자치도교육청익산학생교육문화관(구,익산교육문화회관)은 자유학기제 운영 
관련 프로그램을 운영하기 위해“법체험실 인테리어공사”를 ○○○과 계약(계약일 
2022.3.15., 계약금액 45,726천원)하여 2022. 4. 15. 준공하였다.
2. 관계법령 및 판단기준  
  ｢건설산업기본법｣제34조(하도급대금의 지급 등) 제2항, 같은 법 시행령 제34조의4에 
따르면, 수급인은 하도급계약을 할 때 하수급인에게 국토교통부령으로 
정하는 바에 따라 적정한 하도급대금의 지급을 보증하는 보증서를 주어야 
하며 건설공사의 도급계약 당사자는 하도급대금지급보증서 발급에 소요되는 
금액을 국토교통부장관이 정하여 고시하는 기준에 따라 도급금액 산출 내역서에 
명시하여야 하고 사용하였는지 여부에 관하여 확인하고 초과하는 경우에는 
그 초과하는 금액을 정산할 수 있으며,
- 33 -
  ｢건설산업기본법｣제68조의3(건설기계 대여대금 지급보증) 및 같은 법 시행령 
제64조의3 제3항에 따르면 건설기계 대여대금이 보호될 수 있도록 수급인 
또는 하수급인은 자신이 시공하는 공사현장에서 대여받을 건설기계의 대여대금을 
보증하는 보증서를 공사 착공일 이전까지 발주자에 제출하여야 하며, 건설공사의 
도급금액 산출내역서에 명시된 금액이 수급인 또는 하수급인이 지출한 금액보다 
많은 경우에는 그 초과하는 금액을 정산하여야 한다고 되어 있다.
  ｢지방자치단체 입찰 및 계약집행기준｣ 제9절 4.(정산 관련 사항)에 따르면 
계약담당자는 보험료 등을 정산하는 경우에는 정산 기준금액은 공사원가
계산서상 명시한 해당 보험료에 해당 보험료에 대한 일반관리비, 이윤, 부가
가치세 등을 합한 금액으로 정산한다고 되어 있다.
3. 감사결과 확인된 문제점 
  그런데도 전북특별자치도교육청익산학생교육문화관(구, 익산교육문화회관)은 
2022.4. 15. ○○○과 계약한(2022. 3. 15.)“법체험실 인테리어공사(계약금액 45,726천원)”를 
준공처리하면서 사용하지 않은 하도급지급보증수수료 25,206원, 건설기계대여대금보증
수수료 21,783원을 감액정산 하지 않았고, 보험료(건강·연금·노인장기요양), 산업안전
보건관리비, 환경보전비는 잘못 감액정산하는 등 【표】“시설공사 준공정산 금액 과다 
지급 내역”과 같이 공사비 합계 468,000원을 과다 지급한 사실이 있다.
【표】 시설공사 준공 정산 금액 과다 지급 내역
(단위: 원)
공 사 명 계약금액 계약자 계약
일자
준공 
일자 과다지급액 비고
법체험실 
인테리어공사 45,726,000 ○○○ 2022.
3. 15.
2022.
4. 15. 468,000
· 하도급대금보증수수료
· 건설기계대여대금보증
수수료
- 34 -
【표-1】 시설공사 준공 정산 금액 과다 지급 세부 내역
                                                            (단위: 원)
공사명 계약금액 실제 지급액
(A)
정당 지급액
(B)
과다 지급액 
(C=A-B)
법체험실 
인테리어공사 45,726,000 43,659,000
(△2,067,000)
43,191,000
(△2,535,000) 468,000
※ 지급액의 (  )는 정산금액으로 본금액에 포함
【표-2】 시설공사 준공 정산 금액 세부 내역 원가 계산
                                                            (단위: 원)
비 목
실제 정산감액(A) 정당 정산감액(B) 과다
지급액
(C=B-A)
비고요율
(%) 금액 요율
(%) 금액
경
비
국민건강보험료 　  348,962 　  348,962 - 정당감액
국민연금보험료  449,308 　  449,308 - 정당감액
노인장기요양보험료   42,817 　   42,817 - 정당감액
산업안전보건관리비  909,603 　  909,603 - 정당감액
환경보전비   93,357 　   93,357 - 정당감액
건 설 기 계 대 여 대 금 보 증 서　 미정산　 　 21,783 21,783 미정산　
하 도 급 지 급 보 증 수 수 료　 미정산 　 25,206 25,206 미정산
순원가(E) 　 1,844,047 　 1,891,036 46,989
일반관리비(F)
F=E×요율(%) 1 18,440 6 113,462 95,022 요율
적용오류
이 윤(G)
G=(E+F)×요율(%) 1 18,625 15　 300,675 282,050 요율
적용오류
공 급 가 액(H)
H=E+F+G 　 1,881,112 2,305,173 424,061
부가가치세(I)
I=(H)×요율(%) 10 188,111 10 230,517 42,406
총 공 사 비 　 2,067,223 　 2,535,690 468,467
결 정 금 액 　 2,067,000 　 2,535,000 468,000 감액
관계기관 의견
  전북특별자치도교육청익산학생교육문화관(구, 익산교육문화회관)은 결과를 수용
하면서 앞으로 동일한 사례가 발생되지 않도록 업무를 보다 철저히 수행하겠다는 
의견을 제시하였다.
- 35 -
조치할 사항
전북특별자치도교육청익산학생교육문화관장은 
① 앞으로 관련 규정을 준수하여 동일 지적사례가 발생하지 않도록 하여 주시고,
②〔시정〕 과다 지급된 시설비 468,000원을 관련 업체로부터‘회수’하여 교육비
특별회계에 세입 조치하시기 바랍니다.
③〔주의〕 관련자에게 ‘주의’ 조치하시기 바랍니다. [주의 1명]
전북특별자치도▽▽교육지원청교육장은  
①〔주의〕 관련자에게 ‘주의’ 조치하시기 바랍니다. [주의 1명]
전북특별자치도□□교육지원청교육장은  
①〔주의〕 관련자에게 ‘주의’ 조치하시기 바랍니다. [주의 1명]
- 36 -
일련번호 전북특별자치도교육청익산학생교육문화관-8
전북특별자치도교육청
주의·시정(회수) 요구
제        목    시설공사 지연배상금 징수 소홀
소 관  기 관    전북특별자치도교육청익산학생교육문화관
조 치  기 관    전북특별자치도교육청익산학생교육문화관 외 3개 기관
내        용
1. 업무개요
  전북특별자치도교육청익산학생교육문화관(구, 익산교육문화회관)은 학생들의 
옥외 야외무대의 활용도를 높이기 위해 “익산교육문화회관 야외무대데크공사”를 
○○○과 계약(계약일 2022.11.16., 계약금액 46,005천원)하여 2022. 12. 26. 준공하였다.
2. 관계법령 및 판단기준  
  「지방자치단체를 당사자로 하는 계약에 관한 법률」 제16조(감독) 및 
제17조(검사)에 따르면 계약담당자는 공사·물품·용역 등의 계약을 체결한 
경우에 계약상대자가 계약의 전부 또는 일부의 이행을 끝내면 이를 확인
하기 위하여 계약서·설계서 및 그 밖의 관계 서류에 따라 이를 검사하거나 
소속 공무원 등에게 위임하여 검사하게 하여야 한다고 되어 있다.
  「지방자치단체를 당사자로 하는 계약에 관한 법률」제30조, 같은 법 시행령 
제90조와 「지방자치단체 입찰 및 계약 집행기준」 제9장 “공사계약 
일반조건” 제8절의 규정에 따르면 계약상대자가 정당한 이유 없이 준공
- 37 -
기한(계약서상 준공신고서 제출기일)내에 공사를 완성하지 아니한 때에는 지연
일수(준공기한 익일부터 준공검사 완료한 날까지)를 산정하여 매 지연일수 마다 
계약서에 정한 지연배상금률을 계약금액에 곱하여 산출한 금액(지연배상금)을 
현금으로 납부하게 하여야 한다고 되어 있다.
3. 감사결과 확인된 문제점 
  그런데도 전북특별자치도교육청익산학생교육문화관(구, 익산교육문화회관)은 
2022. 12. 26. ◯◯◯과 계약(2022. 11. 16.)한 “익산교육문화회관 야외무대 데크공사”
(계약금액 46,005천원)를 준공처리하면서 공사가 지연되어 준공기한(2022. 12. 1.) 
보다 25일 지난 12. 26. 준공하였음에도, 정당한 사유 없이 지연된 25일 중 8일분1)의 
지연배상금 183,400원만 징수하여 17일분의 지연배상금 391,660원을 징수하지 
않은 사실이 있다.
【표】 시설공사 지연배상금 미(未)징수 내역
(단위: 원)
공 사 명 계약금액 계약자 계약일 준공
기한
준공
(검사)일 미징수액 비고
익산교육문화회관 
야외무대데크공사 46,005,000 ◯◯◯ 2022.
11. 16.
2022. 
12. 1.
2022.
12. 26. 391,660 지체일수 25일
 (12.2.~12.26.)
【표-1】 시설공사 지연배상금 미(未)징수 세부 내역
(단위: 원)
구분 준공
기한
준공
검사일 지연일수 지연배상금 비고
정당 2022. 
12. 1.
2022. 
12. 26. 25일 575,060
- 지연일수 25일 (12. 2.~12. 26.)
- 46,005,000원×0.05%(지연배상금률) ×
25일= 575,060원 (원 이하 절사)
실제 2022. 
12. 1.
2022. 
12. 26. 8일 183,400
지연배상금 미징수액 391,660
1) 준공기한 이후의 기상 악화라는 정당하지 않은 사유로 지연배상금 17일분을 미징수함
- 38 -
관계기관 의견
  전북특별자치도교육청익산학생교육문화관(구, 익산교육문화회관)은 은 결과를 수용
하면서 앞으로 동일한 사례가 발생되지 않도록 업무를 보다 철저히 수행하겠다는 
의견을 제시하였다.
조치할 사항 
전북특별자치도교육청익산학생교육문화관장은 
① 앞으로 관련 규정을 준수하여 동일 지적사례가 발생하지 않도록 하여 주시고,
②〔시정〕 과다 지급된 시설비 391,660원을 관련 업체로부터‘회수’하여 
교육비특별회계에 세입 조치하시기 바랍니다. 
△△△△고등학교장은  
③〔주의〕 관련자에게 ‘주의’ 조치하시기 바랍니다. [주의 1명]
전북특별자치도▽▽교육지원청교육장은  
①〔주의〕 관련자에게 ‘주의’ 조치하시기 바랍니다. [주의 1명]
전북특별자치도교육청◎◎교육원장은  
①〔주의〕 관련자에게 ‘주의’ 조치하시기 바랍니다. [주의 1명]
- 39 -
일련번호 전북특별자치도교육청익산학생교육문화관-9
전북특별자치도교육청
기관 주의 및 통보
제        목     어린이 안전교육 관리 소홀
소 관  기 관     전북특별자치도교육청익산학생교"
붙임1. 종합감사 결과 공개자료.pdf,PDF,"신태인고등학교 종합감사 결과 공개
2026. 1.
 (감 사 관)
신태인고등학교 종합감사 결과 공개
 감사결과의 공개는 국민의 알권리 충족과 기관 운영의 투명성을 강화하기 위한 
공익적 조치입니다. 따라서 감사결과 실명이 공개된 모든 기관이 비리에 연관되어 
있는 것은 아님을 알려드립니다. 
□ 감사 개요
○ 감사 기간: 2025. 9. 2. ~ 9. 4. (3일)
○ 감사 인원: 6명 
○ 감사 범위
 - 교무·학사 2022. 3. 1.~2025. 9. 1.(2022. 3. 1. 이 후  교 무·학 사  감 사  미 실 시)
 - 행정·회계 2022. 5. 30.~2025. 9. 1.(지 난 번  감 사  이 후 부 터  금 번  감 사  전 일  까 지)
□ 감사 결과
 ○ 총괄
기관명
신분상(명) 행정상(건) 재정상
조치징계 경고 주의 계 기관
주의 시정 통보 개선 계
학교법인
신태인학원· · 4
(1건)
4
(1건) · 1 · 1 ·
신태인
고등학교 · 4
(1건)
17
(8건)
21
(9건) · 2 4 · 6 ž 회수(1건) 1,832,800원
합계 · 4
(1건)
21
(9건)
25
(10건) · 3 4 · 7 ž 회수(1건) 1,832,800원
 ※ ( )안은 신분상 조치 대상자에 대한 지적 건수 총 합계로 중복 건수 존재
○ 분야별 지적건수
 
유형별 법인 교무·학사 예산 회 계·계 약 시설 계
지적사항 1 4 2 2 1 10
○ 지적사항(총 10건)
연번 분야별 지적건명 처분
 ❍ 학교법인 신태인학원
1 법인 학교법인 운영 부적정  ▪ 주의(4명)
 ▪ 시정
 ❍ 신태인고등학교
1 교무․학사  수행평가 점수 부여 부적정  ▪ 경고(4명)
 ▪ 통보 
2 교무․학사  학교생활기록부 창의적 체험활동상황 입력 부적정 ▪ 주의(1명)
 ▪ 시정
3 교무․학사  학생 출결 관리 부적정
 ▪ 주의(2명)
 ▪ 통보
 ▪ 시정
4 교무․학사  학교스포츠클럽 운영 부적정  ▪ 주의(1명)
5 예산  수익자부담경비 정산 및 공개 미이행  ▪ 주의(2명)
 ▪ 통보
6 예산  세출예산 과목 편성 부적정  ▪ 주의(4명)
 ▪ 통보
7 회계·계약  물품선정위원회 구성·운영 부적정  ▪ 주의(3명)
- 4 -
연번 분야별 지적건명 처분
8 회계·계약  현장체험학습 숙식 계약서류 미구비 및  
위생·안전 점검 미실시  ▪ 주의(2명)
9 시설  시설공사 감독 및 준공정산 부적정
 ▪ 주의(2명)
 ▪ 시정(회수)   
   1,832,800원
- 5 -
일련번호 학교법인 신태인학원-1 
전북특별자치도교육청
시정·주의요구
제        목 학교법인 운영 부적정
소 관  기 관 학교법인 신태인학원
조 치  기 관 ①학교법인 신태인학원  ②신태인고등학교
     ③전북특별자치도교육청 ④전북특별자치도○○교육지원청
내        용
1. 업무 개요
    학교법인 신태인학원은 「사립학교법」 및 「학교법인 신태인학원 정관」에 
따라 이사회를 통해 인사, 재정 등 학교법인 운영의 제반 사항을 종합적으로 관리･
감독하고 있다.
2. 법인 정관 미개정
  가. 관계법령 및 판단기준
    「사립학교법」제9조(학교법인의 권리능력 등)에 따르면 학교법인의 권리능력과 
불법행위능력에 관하여는 「민법」 제34조 및 제35조를 준용한다고 되어 있고 
「민법」 제34조(법인의 권리능력)에 따르면 법인은 법률의 규정에 좇아 정관으로 
정한 목적의 범위 내에서 권리와 의무의 주체가 된다고 되어 있다.
- 6 -
  나. 감사결과 확인된 문제점
     그런데도 학교법인 신태인학원은 2016. 2. 3. 일부 개정(시행일 2016. 8. 4.)된 
「사립학교법」제59조(휴직의 사유) 제1항 제7의2호‘만 19세 미만의 아동 청소년
(제7호에 따른 육아휴직의 대상이 되는 아동은 제외한다)을 입양하는 경우’를 
「학교법인 신태인학원 정관」에 반영하지 않는 등 [표1]과 같이 상위법 개정으로 
변경된 사항 총 8건(신설 2건, 개정 6건)의 사항을 학교법인 정관에 반영하지 않은 
사실이 있다.
[표1] 학교법인 신태인학원 정관 사립학교법 개정 미반영 내역
“기 재 생 략”
3. 사무직원 법인업무 겸임 미발령
  가. 관계법령 및 판단기준
    「사립학교법」제70조의2 제2항에 따르면 각급 학교 소속 사무직원은 학교의 장의 
제청으로 학교법인 또는 사립학교경영자가 임용하고, 같은 법 제2조에 따라 
‘임용’에는 ‘신규채용’뿐만 아니라 ‘겸임’도 포함되며 학교 소속 사무직원이 
학교의 행정사무 외에 겸임을 하는 경우에는 학교의 장이 학교법인에 겸임 제청을 하고, 
학교법인이 이를 승인하는 절차를 거쳐야 한다고 되어 있다.
    또한, 전북특별자치도교육청(구, 전라북도교육청)의 “사립학교 사무직원 인사운영 지침”에 
따르면 신규임용, 겸임, 정직, 해임 등 인사발령 시 인사발령 통지서를 교부하고, 
NEIS 인사기록카드 및 발령대장을 기록·보관하도록 되어 있다.
- 7 -
  나. 감사결과 확인된 문제점
    그런데도 학교법인 신태인학원은 20**. 3. 1. 신태인고등학교 사무직원 지방○○○○ 
A를 겸임 발령 없이 학교법인 사무를 처리하게 하는 등 [표 2]와 같이  20**. 3. 1. ∼ 
20**. 9. 4. 사무직원 2명(신태인중학교 1명, 신태인고등학교 1명)을 겸임 발령 없이 학교법인 
업무를 처리하게 한 사실이 있다.
[표 2] 사무직원 학교법인 겸임 미발령 내역
“기 재 생 략”
    그 결과 학교법인 운영의 합법성과 행정의 신뢰성이 저하되었으며, 학교 
법인 업무의 책임 소재가 불명확한 상태로 운영되었다.
관계기관 의견     학교법인 신태인학원은 감사 결과를 수용하면서 앞으로 관련 법령을 
준수하여 관련 절차가 누락되는 일이 없도록 하겠다는 의견을 제시하였다.
조치할 사항     
학교법인 신태인학원 이사장은 
① 상위 법령과 맞게 학교법인 정관을 개정하시고 신태인중학교 사무직원 지방○○○○ A, 
지방□□□□ B에 대하여 겸임 발령 후 학교법인 사무를 처리하도록 하고(시정)
② 앞으로 관련 법령과 규정 등에 따라 학교법인업무를 철저히 하며
신태인고등학교장은 관련자에게 주의를 촉구하시기 바랍니다.(주의 1명)
전북특별자치도교육감은 관련자에게 주의를 촉구하시기 바랍니다.(주의 2명)
전북특별자치도○○교육지원청교육장은 관련자에게 주의를 촉구하시기 바랍니다.(주의 1명)
- 8 -
일련번호 신태인고등학교-1 
전북특별자치도교육청
경고요구 및 통보
제        목 수행평가 점수 부여 부적정
소 관  기 관 신태인고등학교
조 치  기 관 신태인고등학교
내        용
1. 업무 개요
    신태인고등학교는 학업성적 평가 및 관리의 적정을 기하기 위해 교육부의 
“학교생활기록 작성 및 관리지침” 및 전북특별자치도교육청(구, 전라북도교육청)의 
“고등학교 학업성적관리 시행지침 및 관리방안”과 신태인고등학교 “학업성적관리
규정”에 따라 평가 계획을 수립하여 수행평가를 실시하고 있다. 
2. 관계법령 및 판단기준
    교육부의 “학교생활기록 작성 및 관리지침”에 따르면 수행평가의 점수는 점수화가 
가능한 영역의 점수만을 반영하되 기본점수의 부여 여부, 부여 점수의 범위 등은 시·도
교육청의 학업성적관리 시행지침에 따라 학교의 학업성적관리규정으로 정하게 되어 있다. 
- 9 -
    또한, 전북특별자치도교육청(구, 전라북도교육청)의 “고등학교 학업성적관리 
시행지침 및 관리방안”과 신태인고등학교의 “2022∼2025학년도 학업성적관리규정”
Ⅵ. 수행평가에 따르면 수행평가의 평가 영역·요소·방법·시기·횟수·반영 비율, 
수행평가 세부기준(배점), 기본점수의 부여 등은 과목의 성격 및 특성을 고려하여 
교과(학년)협의회에서 세부 계획을 수립하고 학업성적관리위원회 심의를 거쳐 학교장이 
최종 결정한다고 되어 있다.
3. 감사결과 확인된 문제점 
    그런데도 신태인고등학교 교사 D는 20**학년도 *학년 *학기 체육 교과의 수행평가 
‘스포츠 안전’ 영역에서 *학년 *반 C 학생에게 배점 기준에 없는 18점을 부여하는 등 
[표]와 같이 20**~20**학년도, 20**학년도 체육 외 5개 과목에 대하여 교사 4명이 총 39명의 
학생에게 수행평가 배점 기준에 없는 점수를 부여한 사실이 있다. 
[표] 수행평가 점수 부여 부적정 현황
“기 재 생 략”
    그 결과 수행평가의 공정성과 객관성이 확보되지 못해 평가의 신뢰성과 형평성이 
저하되었다.
관계기관 의견     신태인고등학교는 수용하면서 앞으로 관련 법령을 준수하여 
수행평가 점수 부여 업무를 공정하고 객관적으로 처리하겠다는 의견을 제시하였다. 
- 10 -
조치할 사항     신태인고등학교장은 
① 수행평가의 부적정 점수 부여 방지 대책을 수립하고, 20**~20**학년도 체육과 외 
5개 과목 수행평가 점수에 대해 “학업성적관리규정”등 관련 규정과 지침에 따라 
적정한 조치를 하고(통보)
② 앞으로 관련 법령과 규정 등에 따라 수행평가 점수 부여 관련 업무를 철저히 하며
③ 관련자에게 경고를 촉구하시기 바랍니다.(경고 4명)
- 11 -
일련번호 신태인고등학교-2 
전북특별자치도교육청
시정 ․ 주의요구
제        목 학교생활기록부 창의적 체험활동상황 입력 부적정
소 관  기 관 신태인고등학교
조 치  기 관 신태인고등학교
내        용
1. 업무 개요
    신태인고등학교는 교육부의 “학교생활기록 작성 및 관리지침” 및 “학교생활기록부 
기재요령”에 따라 창의적 체험활동상황의 각 영역별 활동내용과 이수시간 등을 
학교생활기록부 창의적 체험활동상황에 입력하여 관리하고 있다.
2. 관계법령 및 판단기준
    교육부의 “학교생활기록 작성 및 관리지침” 제13조(창의적 체험활동상황)에 
따르면 자율ㆍ자치활동, 동아리활동, 진로활동은 영역별 이수시간 및 특기사항
(개별적 특성이 드러나는 사항 등)을 입력하고 봉사활동은 실적을 입력한다고 
되어 있으며, 봉사활동 실적은 학교교육계획에 의한 봉사활동과 학생 개인계획에 따른 
봉사활동의 구체적인 내용을 별도의 ‘봉사활동실적’란에 해당 학년도에 실시한 
봉사활동의 일자 또는 기간, 장소 또는 주관기관명, 활동내용, 시간을 실시일자 순으로 
모두 입력한다고 되어 있다. 
- 12 -
    또한, 교육부의 “학교생활기록부 기재요령”에 따르면 창의적 체험활동의 
영역별 이수시간은 정규교육과정 내에서 실시한 학년·학급 단위의 활동시간을 
기준으로 본인이 실제로 참여하여 이수한 시간을 입력하고 어떠한 사유(경조사 
또는 천재지변 등으로 인한 출석인정, 질병, 미인정, 기타결석, 조퇴 등을 구분하지 않음)로든 
참여하지 않은 시간은 제외한다고 되어 있다. 
3. 감사결과 확인된 문제점  
    그런데도 신태인고등학교 교사 E는 20**. *. *. 20**학년도 *학년 *반  F학생이 
질병결석으로 진로진학상담을 이수하지 않았음에도‘학교생활기록부 창의적 체험
활동상황’의 활동 영역과 내용을 ‘진로활동 영역(진로진학상담활동, 이수시간 1간)’으로 
입력하는 등 [표]와 같이 학생 9명에 대해 합계 51시간의 학교생활기록부 창의적 
체험활동상황을 부적정하게 입력한 사실이 있다.
[표] 학교생활기록부 창의적 체험활동상황 입력 부적정 현황
“기 재 생 략”
    그 결과 학교생활기록부 기재 내용의 객관성과 신뢰성이 저하되었다.
관계기관 의견     신태인고등학교는 감사 결과를 받아들이면서 앞으로 관련 법령을 
준수하여 학교생활기록부 창의적 체험활동상황 기재 업무를 철저히 수행하겠다는 
의견을 제시하였다. 
- 13 -
조치할 사항     신태인고등학교장은 
① 부적정하게 입력된 20**학년도 *학년 *반 학생 9명의 학교생활기록부 창의적 
체험활동상황 자율활동 및 진로활동 이수시간 합계 51시간을 삭제 처리하고(시정)
② 앞으로 관련 법령과 규정 등에 따라 학교생활기록부 창의적 체험활동상황 입력 
업무를 철저히 하며
③ 관련자에게 주의를 촉구하시기 바랍니다.(주의 1명)
- 14 -
일련번호 신태인고등학교-3 
전북특별자치도교육청
시정 ․ 주의요구 및 통보
제        목 학생 출결 관리 부적정
소 관  기 관 신태인고등학교
조 치  기 관 ①신태인고등학교, ②○○고등학교
내        용
1. 업무 개요
    신태인고등학교는 교육부의 “학교생활기록 작성 및 관리지침”과 “학교생활
기록부 기재 요령”에 따라 출석 인정 결석 등 학생 출결에 관한 사항을 관리하고 
있다.
2. 관계법령 및 판단기준
    교육부의 “학교생활기록 작성 및 관리지침” 제8조(출결상황)에 따르면 
‘결석일수’, ‘지각’, ‘조퇴’, ‘결과’는 질병·미인정·기타로 구분하여 
연간 총일수 또는 횟수를 각각 입력한다고 되어 있고, 
    ｢학교보건법｣ 제8조, ｢학교보건법시행령｣ 제22조 및 “유‧초‧중등 및 특수학교 
코로나19 감염예방 관리 안내”에 따르면 학생이 코로나19 감염병 확진으로 인해 
출석하지 못한 경우 출석으로 인정하도록 되어 있다.
- 15 -
    또한, 교육부의 “학교생활기록부 기재요령” 별표8(출결상황 관리 등)에서 
가족 및 친지의 결혼, 입양, 사망 등 경조사로 인하여 출석하지 못한 경우에는 
출석으로 인정하도록 되어 있다.
3. 감사결과 확인된 문제점  
    그런데도 신태인고등학교 교사 G은 20**학년도 *학년 *반 H학생이 20**. *. *. 
~ *. *. (5일간) 코로나19 확진으로 출석인정결석 사유에 해당함에도  NEIS에 출석
인정결석으로 처리하지 않는 등 [표]와 같이 20**~20**학년도 교사 2명이 학생 
5명의 출결 관리를 부적정하게 한 사실이 있다. 
[표] NEIS 학생 출결 관리 부적정 현황 
“기 재 생 략”
자료: 신태인고등학교 제출자료 재구성
    또한 신태인고등학교 20**학년도 *학년 *반 I학생의 연간 결석 일수가 0일로 
개근에 해당함에도 미인정 결석 1일로 처리되어 학년말 사정에서 개근상 수여 
대상자로 선정되지 못하였다.
    그 결과 학교생활기록부 기재 내용의 객관성과 신뢰성이 저하되었다.
관계기관 의견     신태인고등학교는 감사 결과를 받아들이면서 앞으로 관련 법령을 
준수하여 학생 출결 관리 업무를 철저히 수행하겠다는 의견을 제시하였다. 
조치할 사항     
신태인고등학교장은 
① 학생 출결 처리가 잘못된 5명에 대하여 출결 상황 정정에 따른 출결상 시상  
여부를 “학업성적관리규정”에 따라 처리하고(통보)
- 16 -
② 20**학년도 *학년 *반 I학생의 미인정 결석 1일을 출석인정 결석으로 정정 처리하고(시정)
③ 앞으로 관련 법령과 규정 등에 따라 학생 출결 관리 업무를 철저히 하며 
④ 관련자에게 주의를 촉구하시기 바랍니다.(주의 1명)
○○고등학교장은 관련자에게 주의를 촉구하시기 바랍니다.(주의 1명)
- 17 -
일련번호 신태인고등학교-4 
전북특별자치도교육청
주  의  요  구
제        목 학교스포츠클럽 운영 부적정
소 관  기 관 신태인고등학교
조 치  기 관 신태인고등학교
내        용
1. 업무 개요
    신태인고등학교는 「학교체육 진흥법」에 따라 학생들의 신체적 건강 증진과 
바른 인성 함양을 위해 다양한 스포츠 활동 참여 기회를 제공하고자 학교스포츠
클럽을 운영하고 있다.
2. 관계법령 및 판단기준
    「학교체육진흥법」 제10조(학교스포츠클럽 운영)에 따르면 학교의 장은 
학생들이 신체활동 프로그램에 참여할 수 있도록 학교스포츠클럽을 운영하여 
학생들의 체육활동 참여 기회를 확대하여야 한다고 되어 있다. 
    또한, 전북특별자치도교육청 (구, 전라북도교육청 )의 “2023~2025 학년도 
학교스포츠클럽 운영 매뉴얼”에 따르면 학교스포츠클럽을 활성화하기 위하여 
학교체육소위원회를 구성(필수)하여 학생 의견 수렴 및 모집, 전체 및 클럽별 
- 18 -
연간 운영계획 수립, 학교체육소위원회 심의 및 학교장 승인, NEIS 학생 등록, 
클럽별 활동 전개, 활동내역 NEIS 입력, 만족도 조사 및 평가, 평가 결과 반영 등의 
절차를 수행하도록 안내하고 있다.
3. 감사결과 확인된 문제점  
    그런데도 신태인고등학교는 20**학년도에 축구 종목의 스포츠클럽 연간 운영 계획을 
수립하지 않고 학교체육소위원회 심의 없이 학교스포츠클럽을 운영하는 등  
[표]와 같이 20**~20**학년도 학교스포츠클럽 5개 종목을 운영하면서 연간 계획을 
수립하지 않고 학교체육소위원회 심의를 받지 않은 사실이 있다. 
[표] 학교스포츠클럽 운영 부적정 현황 (20**~20**학년도)
“기 재 생 략”
자료: 신태인고등학교 제출자료 재구성
    그 결과 학생들에게 다양한 스포츠 활동 참여 기회를 제공하지 못하였으며, 안전한 
체육활동 환경 조성을 위한 체계적인 시스템이 구축되지 못하였다. 
관계기관 의견     신태인고등학교는 감사 결과를 받아들이면서 앞으로 관련 법령을 
준수하여 학교스포츠클럽 운영 업무를 철저히 수행하겠다는 의견을 제시하였다. 
조치할 사항     신태인고등학교장은 
① 앞으로 관련 법령과 규정 등에 따라 학교스포츠클럽 업무를 철저히 하며
② 관련자에게 주의를 촉구하시기 바랍니다.(주의 1명)
- 19 -
일련번호 신태인고등학교-5 
전북특별자치도교육청
주의요구 및 통보
제        목 수익자부담경비 정산 및 공개 미이행
소 관  기 관 신태인고등학교
조 치  기 관 ①신태인고등학교 ②전북특별자치도○○교육지원청
내        용
1. 업무 개요
    신태인고등학교는 전북특별자치도교육청(구, 전라북도교육청)의“사학기관 
예산편성 및 운영지침”에 따라 수익자부담경비를 운영･집행하고 있다.
2. 관계법령 및 판단기준
    전북특별자치도교육청(구, 전라북도교육청)의 “사학기관 예산편성 및 운영지침”에 
따르면 수익자부담 수입은 학교급식비, 기숙사 등과 같이 교육과정 운영을 위하여 
필요한 경우에 학교운영위원회의 심의를 거쳐 학부모가 부담하는 경비로서 학교회계의 
세입·세출예산에 반드시 편입하여야 하고, 수익자부담 경비는 사업별로 당해 사업 
종료 후 10일 이내에 정산하고 지체없이 소요 예산, 항목별 비용, 수행업체 및 
선정방식 등 세부적 사항을 포함한 수입 및 지출내역을 학교홈페이지 게시, 
가정통신문 발송 등을 통해 학부모에게 공개하도록 되어 있다.
- 20 -
3. 감사결과 확인된 문제점  
    그런데도 신태인고등학교는 2022회계연도 수익자부담경비(급식비) 33,234,440원에 
대하여 2023. 2. 28. 사업이 종료되었음에도 정산 내역을 사업 종료 후 10일이내에 
정산하지 않았으며, 예․결산 내역을 학부모에게 공개하지 않는 등 [표]와 같이 
2022~2024회계연도 총 10건(2022회계연도 3건, 2023회계연도 3건, 2024회계연도 4건) 
합계 124,249,040원의 수익자부담경비에 대하여 소요예산, 항목별 비용, 수행업체 
및 선정방식 등 세부사항을 포함한 수입 및 지출 내역을 사업 종료일 10일 이내에 
정산하지 않았으며, 지체 없이 학부모에게 공개도 이행하지 하지 않은 사실이 있다.
[표] 수익자부담경비 정산 및 공개 미이행 (2022~2024 회계연도)
“기 재 생 략”
자료: 신태인고등학교 제출자료 재구성
    그 결과 학부모에게 수익자부담경비 집행에 대한 투명성과 신뢰성이 저하되었다.
관계기관 의견     신태인고등학교는 감사 결과를 받아들이면서 앞으로 관련 법령을 
준수하여 수익자부담 경비 정산 및 공개 업무를 철저히 수행하겠다는 의견을 제시하였다. 
조치할 사항     
신태인고등학교장은
① 2022~2024회계연도 수익자부담경비 10건의 정산내역(소요예산, 항목별 비용, 수행업체 및 
선정방식 등 세부적 사항을 포함)을 학교 홈페이지 등에 즉시 공개 하고.(통보)
- 21 -
② 앞으로 관련 법령과 규정 등에 따라 수익자부담경비 정산 및 공개 업무를 철저히 하며
③ 관련자에게 주의를 촉구하시기 바랍니다.(주의 1명)
전북특별자치도○○교육지원청교육장은 관련자에게 주의를 촉구하시기 바랍니다. (주의 1명)
- 22 -
일련번호 신태인고등학교-6 
전북특별자치도교육청
주의요구 및 통보
제        목 세출예산 과목 편성 부적정
소 관  기 관 신태인고등학교
조 치  기 관 ① 신태인고등학교           ② 전북특별자치도○○교육지원청  
     ③ 전북특별자치도○○교육지원청
내        용
1. 업무 개요
    신태인고등학교는 「사학기관 재무･회계 규칙」 및 (전북특별자치도교육청(구, 
전라북도교육청)“사학기관 예산편성 및 운영지침(교비회계)”에 따라 교비회계 예산을 
편성하여 집행하고 있다. 
2. 관계법령 및 판단기준
    「사학기관 재무･회계 규칙」제15조의2(예산과목의 구분)에 따르면 법인의 
업무에 속하는 회계와 학교에 속하는 회계의 예산과목의 구분은 별표 1부터 
별표4까지에 따른다라고 되어 있고, 제18조(추가경정예산)에 따르면 이사장과 
학교의 장은 예산확정 후 생긴 사유로 인하여 이미 성립된 예산에 변경을 가할 
필요가 있는 때에는 제16조(예산편성절차)의 규정에 의한 절차에 준하여 추가경정
예산을 편성할 수 있다고 되어 있다.
    또한, 전북특별자치도교육청(구, 전라북도교육청)의 “사학기관 예산편성 및 
- 23 -
운영지침”에 따르면 특정사업 수행을 위해 교육청으로부터 지원되는 목적사업비는 
그 목적에 맞게 세출예산을 편성․집행하여야 하고, 사업담당자가 사업계획(집행시기 
및 집행방법, 사업별 예산편성 기준 등)을 고려하여 사업비의 교부 목적에 부합하게 
편성 요구하도록 되어 있다.
    아울러 세출과목은 [표1]과 같이 세출과목 성질별 분류(원가통계비목)로 과목이 
구분되어 있다.
[표1] 세출과목 성질별 분류(원가통계비목)
세목 원가통계비목 과목 해설
일반운영비
일반수용비
학교 운영에 소요되는 일반적인 경비
(사무용품 구입비, 감사패․상패 등의 제작비, 인쇄비, 소모성 물품 구입비, 비품 수선비, 
각종 사용료(소프트웨어 사용료 포함) 및 수수료, 시설물 소규모 수선비, 시설장비유지비, 
청소용역비, 시설장비위탁용역비, 임차료, 각종 봉사료 등)
교육운영비
학생 교과활동 지원을 위해 소요되는 각종 경비
(교구·기자재구입(자산성 물품은 비품구입비 목에 편성) 및 유지보수비, 구독형 교육용 
소프트웨어 구입비, 교육용 재료비, 교육활동 숙박비·식비·차량임차료· 교통비, 학생여비, 
학교행사비, 학생대회출전비, 도서관운영비, 학급교육활동경비, 상품권구입비, 교육활동 
입장료 및 체험비, 학생간식비 등)
일반업무추진비
일반업무추진비
기관운영업무추진비, 사업추진업무추진비
각급 학교의 운영 및 유관기관과의 업무추진, 직책수행 등의 직무수행에 소요되는 제반 경비, 
학교 교육계획에 의한 주요 행사 및 각종 교육사업 등 원활한 사업추진을 위해 소요되는 
경비로 교직원 간담회, 교직원 협의회, 학교운영위원회 운영, 학부모회 운영, 유관기관
(단체)와의 업무추진, 교직원 사기진작을 위한 경비, 소속 상근직원의 축의·부의금품, 
기타 학교운영에 필요한 경비
목적사업업무추진비 지방자치단체 및 교육청, 공공기관에서 지원한 사업비로 특정 목적을 수행하기 위하여 
추진하는 사업의 업무추진비
자료: “사학기관 예산편성 및 운영지침” 세출과목 성질별 분류 재구성
- 24 -
3. 감사결과 확인된 문제점  
    그런데도 신태인고등학교는 20**학년도 ▣▣▣ 운영비(목적지정사업비) 
29,000,000원을 세출예산에 편성하면서 예산 과목을 성별로 분류하지 아니하고 
교육운영비로 일괄 편성하였고, 추가경정예산 편성 등의 예산 변경 없이 
1,051,830원을 교육운영비로 집행하는 등 [표] 및 [별표] ""세출예산 과목 편성 
부적정 세부 내역""과 같이 2023~2024회계연도 총 17건, 합계 2,705,120원을 목적
사업업무추진비가 아닌 교육운영비 또는 일반수용비에서 집행한 사실이 있다.
[표2] 세출 예산 과목 편성 부적정 내역 (2023~2024 회계연도)
“기 재 생 략”
자료: 신태인고등학교 제출자료 재구성
    그 결과 예산이 목적에 부합하지 않게 집행되어 예산 운용의 효율성과 투명성이 
저하되었다.
관계기관 의견     신태인고등학교는 감사 결과를 받아들이면서 앞으로 관련 법령을 
준수하여 세출예산 집행 업무를 철저히 수행하겠다는 의견을 제시하였다. 
조치할 사항     
신태인고등학교장은 
① 앞으로 동일 지적사례가 발생하지 않도록 교직원에게 예산관련 교육을 실시하고(통보)
② 관련자에게 주의를 촉구하시기 바랍니다.(주의 3명)
전북특별자치도○○교육지원청교육장은 관련자에게 주의를 촉구하시기 바랍니다. (주의 1명)
- 25 -
[별표] 세출예산 과목 편성 부적정 세부 내역 (2023~2024 회계연도)
“기 재 생 략”
- 26 -
일련번호 신태인고등학교-7 
전북특별자치도교육청
주  의  요  구
제        목 물품선정위원회 구성‧운영 부적정
소 관  기 관 신태인고등학교
조 치  기 관 ①신태인고등학교 ②전북특별자치도○○교육지원청
내        용
1. 업무 개요
    신태인고등학교는 전북특별자치도교육청(구, 전라북도교육청)의 “각급학교 
물품선정위원회 구성·운영 방안” 및 “물품선정위원회 운영 기준” 등에 따라 
물품 계약 업무를 하고 있다.
2. 관계법령 및 판단기준
    전북특별자치도교육청(구, 전라북도교육청)의 “각급학교 물품선정위원회 구성·
운영 방안 개선 알림(재무과-17961, 2017. 8. 30.)” 및 “물품선정위원회 운영 기준 
개정 안내(재무과-15988, 2023. 7. 14.)”에 따르면 추정가격 1천만원(1회 구매 총액) 이상 
물품 구매계약 시 물품선정위원회를 구성·운영하고(물품, 교구, 기가재선정위원회 
통합·운영 권장), 조달청 제3자단가계약 등록 물품 구매 시에도 동일하게 운영하도록 되어 있다.
- 27 -
3. 감사결과 확인된 문제점  
    그런데도 신태인고등학교는 20**. *. *. ‘♠♠♠♠(J)’과‘◪◪◪◪기구 구입’ 
계약을 체결(계약금액: 14,899천원, 품목: 냉장고 외 8종)하면서 물품선정위원회를 
구성․운영하지 않는 등 [표]와 같이 2022~2024회계연도 총 3건, 합계 63,489천원의 
추정가격 1천만원 (1회 구매 총액)이상 물품 구매 계약을 물품선정위원회를 
구성 ․운영하지 않고 집행한 사실이 있다.
[표] 물품선정위원회 미운영 내역 (2022~2024회계연도)
“기 재 생 략”
자료: 신태인고등학교 제출자료 재구성
    그 결과 물품 구매 과정의 투명성과 공정성이 저하되었고, 계약의 합리성과 
책임성 확보가 어려워졌다.
관계기관 의견     신태인고등학교는 감사 결과를 받아들이면서 앞으로 관련 법령을 
준수하여 물품구매선정 관련 업무를 철저히 수행하겠다는 의견을 제시하였다. 
조치할 사항     
신태인고등학교장은 
① 앞으로 관련 법령과 규정 등에 따라 물품 선정위원회 업무를 철저히 하시기 바라며
② 관련자에게 주의를 촉구하시기 바랍니다.(주의 2명)
전북특별자치도○○교육지원청교육장은 관련자에게 주의를 촉구하시기 바랍니다.(주의 1명)
- 28 -
일련번호 신태인고등학교-8 
전북특별자치도교육청
주  의  요  구
제        목 현장체험학습 숙식 계약서류 미구비 및 위생·안전 점검 미실시
소 관  기 관 신태인고등학교
조 치  기 관 ①신태인고등학교 ②전북특별자치도○○교육지원청
내        용
1. 업무 개요
    신태인고등학교는 「학교안전사고 예방 및 보상에 관한 법률」 및 전북특별
자치도교육청(구, 전라북도교육청)의 “현장체험학습 운영 매뉴얼”에 따라 현장체험
학습을 실시하고 있다.
2. 관계법령 및 판단기준
    「학교안전사고 예방 및 보상에 관한 법률」제8조의2(학교장의 교육활동 안전
대책 점검·확인 의무) 제1항에 따르면 학교장은 교육활동을 직접 실시하는 경우 
학교 안전 사고 예방을 위하여 안전대책을 점검·확인하는 등 필요한 조치를 
강구하여야 한다고 되어 있다.
- 29 -
    또한, 전북특별자치도교육청(구, 전라북도교육청)의 “현장체험학습 운영 매뉴얼[부록15] 
3. 계약 시 구비서류 및 유의사항, 나. 숙식시설과 직접 계약하는 경우”에 따르면 숙식시설과 
직접 계약하는 경우 계약서, 견적서(내역서), 객실 배치도, 숙박업체 현황표, 최근 
1년 이내 개별 법령에 따른 위생․소방․전기․가스 등 안전점검 결과 서류, 식단표,
집단급식소 설치 신고증 또는 일반음식점 영업신고증, 영양사 및 조리사 자격증 
사본 및 재직증명서, 음식물 영업배상 책임보험 증권 사본을 구비하여야 하며, 
    관할 시·군·구(안전 및 급식위생 담당부서)에 해당 급식 장소에 대한 위생점검 
요청을 해야한다고 되어 있다.
3. 감사결과 확인된 문제점  
    그런데도 신태인고등학교는 20**. *. *. ~ *. *. “20**학년도 1, 2학년 테마식 현장
체험학습(2박3일, 계약금액 5,332천원) 숙식계약”을 ◐◐산업(◈◈호텔)과 체결(계약일: 
20**. *. *. 수의계약)하면서 위생․소방․전기․가스 등 숙박 안전점검 결과 서류, 
식단표, 집단급식소 설치 신고증 또는 일반음식점 영업신고증, 영양사 및 조리사 자격증 
사본 및 재직증명서, 음식물 영업배상 책임보험 증권 사본을 징구하지 않았으며, 
    또한 신태인고등학교는 관할 시·군·구(안전 및 급식위생 담당부서)에 해당 급식  
장소에 대한 위생·안전 점검 결과를 요청하지 않은 사실이 있다.
※ 현장체험학습 숙식 계약서류 미구비 및 안전 점검 미실시 현황 (20**학년도)
“기 재 생 략”
자료: 신태인고등학교 제출자료 재구성
    그 결과 현장체험학습에 참여한 학생과 인솔자의 건강과 안전이 확보되지 못하였다.
- 30 -
관계기관 의견     신태인고등학교는 감사 결과를 받아들이면서 앞으로 관련 법령을 
준수하여 현장체험학습계약 관련 업무를 철저히 수행하겠다는 의견을 제시하였다. 
조치할 사항     
신태인고등학교장은 
① 앞으로 관련 법령과 규정 등에 따라 현장체험학습계약 업무를 철저히 하시기 바라며
② 관련자에게 주의를 촉구하시기 바랍니다.(주의 1명)
전북특별자치도○○교육지원청교육장은 관련자에게 주의를 촉구하시기 바랍니다.(주의 1명)
- 31 -
일련번호 신태인고등학교-9 
전북특별자치도교육청
시정 ․ 주의요구
제        목     시설공사 감독 및 준공정산 부적정
소 관  기 관 신태인고등학교
조 치  기 관 ①신태인고등학교 ②전북특별자치도○○교육지원청
내        용
1. 업무 개요
    신태인고등학교는 2025년도에‘신태인고 △△△ 건축공사’를 시행하고 이에 
대한 공사감독과 준공검사 등의 업무를 추진하였다.
2. 관계법령 및 판단기준
    「지방자치단체를 당사자로 하는 계약에 관한 법률」 제16조(감독) 및 제17조
(검사)에 따르면 계약담당자는 공사·물품·용역 등의 계약을 체결한 경우에 
그 계약을 적절하게 이행하도록 하기 위하여 필요하다고 인정하면 계약서·설계서 및 
그 밖의 관계 서류에 따라 감독하거나 소속 공무원 등에게 그 사무를 위임하여 
감독하게 하여야 하며, 계약상대자가 계약의 전부 또는 일부의 이행을 끝내면 이를 
확인하기 위하여 계약서·설계서 및 그 밖의 관계 서류에 따라 이를 검사하거나 
소속 공무원 등에게 위임하여 검사하게 하여야 한다고 되어 있으며,
- 32 -
    「지방자치단체를 당사자로 하는 계약에 관한 법률 시행령」 제64조(검사) 
제5항에 따르면 검사를 함에 있어서 계약 상대자의 계약이행 내용의 전부 또는 
일부가 계약에 위반되거나 부당함을 발견하였을 때에는 지체 없이 필요한 시정조치를 
명하여야 한다고 되어 있다.
3. 감사결과 확인된 문제점
    그런데도 신태인고등학교 지방○○○○ A는 20**. *. *. ㈜◍◍◍◍와 계약한
‘신태인고 △△△ 건축공사(계약일 20**. *. *., 계약금액 349,182천원)’를 준공 처리
하면서, 원가계산서에 계상된‘건식벽체(13㎡)’와 ‘화이트보드 (2㎡)’를 시공하지 
않았음에도 계약 금액을 감액 조정하지 않고 공사비 1,832,800원을 과다 지급한 
사실이 있다.
※ 공사비 과다 지급 내역 (20**회계연도)
“기 재 생 략”
자료: 신태인고등학교 제출자료 재구성
※ 미시공 내역: 건식벽체 13㎡(전체), 화이트보드 2㎡(홈페이스 내 일부)
    그 결과 공사비 운용의 타당성과 회계 처리의 투명성이 저하되고, 예산 
낭비가 발생하였다.
관계기관 의견     신태인고등학교는 감사 결과를 수용하면서 앞으로 관련 법령을 
숙지하여 공사감독 및 준공검사를 철저히 하겠다는 의견을 제시하였다.
- 33 -
조치할 사항     
신태인고등학교장은 
① 과다 지급된 공사비 1,832,800원을 관련 업체[㈜◍◍◍◍]로부터‘회수’하여 교비
회계에 세입 조치하고(시정)
② 앞으로 관련 법령과 규정 등에 따라 시설공사 준공 정산 업무를 철저히 하며
③ 관련자에게 주의를 촉구하시기 바랍니다.(주의 1명)
전북특별자치도○○교육지원청교육장은 관련자에게 주의를 촉구하시기 바랍니다.(주의 1명)"
(공개용)_2026년 4월 종합감사 결과(2026.5월 처분심의회 실시).pdf,PDF,"- 1 -
20262026202620262026202620262026202620262026202620262026202620262026202620262026202620262026년 년 년 년 년 년 년 년 년 년 년 년 년 년 년 년 년 년 년 년 년 년 년 44444444444444444444444월 월 월 월 월 월 월 월 월 월 월 월 월 월 월 월 월 월 월 월 월 월 월 종합감사 종합감사 종합감사 종합감사 종합감사 종합감사 종합감사 종합감사 종합감사 종합감사 종합감사 종합감사 종합감사 종합감사 종합감사 종합감사 종합감사 종합감사 종합감사 종합감사 종합감사 종합감사 종합감사 결과 결과 결과 결과 결과 결과 결과 결과 결과 결과 결과 결과 결과 결과 결과 결과 결과 결과 결과 결과 결과 결과 결과 공개공개공개공개공개공개공개공개공개공개공개공개공개공개공개공개공개공개공개공개공개공개공개2026년 4월 종합감사 결과 공개
- 2026년 5월 처분심의회 결과-
전주교육지원청
Ⅰ  감사개요
  1. 감사목적
 ○ 예산 운용 실태 및 회계 처리의 적정성 여부
 ○ 예산편성·집행의 투명성 및 공정성 확보
  2. 대상기관: 전주00초등학교 등 총 7교
  3. 심의 방향 및 처분기준
 ○ 종합감사결과 처분요구에 대한 처분 양정 및 처분 여부 등
 - 기처분된 유사한 사항과의 형평성 유지
 - 처분요구사항에 대한 객관성 및 합리적 판단 확보
 - 위법․부당사항에 대한 고의 및 과실 정도의 적합성 확보
  4. 감사기간 및 인원
 ○ 감사 실시기간: 2026. 4. 8.~ 2026. 4. 30.
 ○ 감사인원: 15명
  5. 지적사항 총괄
(단위: 명, 금액단위: 천 원)
합   계
변상
(금액)
징계
(인원)
시정(금액)
경고
(인원)
주의
(인원)
기관
주의 통보
총 
건수
신분상
조치
(인원)
재정상
조치
(금액)
소계 환수 추급
18 27 10,332 - - 10,332 7,792 2,540 27 1 -
- 2 -
 ○ 조치 유형별
계
(건/명)
신분상 조치(건/명) 재정상 조치(건/원)
모범
사례계 경고 주의
통보
/기관
주의
계 변상 회수 추급
18/27 17/27 17/27 0/1 5 /
10,332,080 - 5 /
7,792,240
2/
2,539,840 -
 
 ○ 업무 분야별
구분
(단위) 계 학사‧‧평가 계약‧시설‧물품 예산‧회계‧
학운위 인사‧복무 인건비
건수
(건) 18 4 3 6 2 3
인원
(명) 27 5 4 11 4 3
금액
(원)
추급
2,539,840원
환수
7,792,240원
- 환수
12,030원 - 환수
1,324,590원
추급 
2,539,840원
환수
6,455,620원
Ⅱ  감사결과 분야별 지적사항 및 처분
  [ 학사‧평가[ 학사‧평가 분야  분야 ]]
  가. 교외 체험학습 운영의 부적정 및 출결 관리 소홀
    □ 병설유치원에서는 교외 체험학습 미결재 5건, 교외 체험학습 신청서 제출 유아
의 출석부 미표기 2건, 교외 체험학습 보고서 누락 2건, 출결 증빙서류 누락 2
건, 증빙서류에 따른 출결 미표기 3건 등 교외 체험학습 및 출결 관리를 부적
정하게 운영함
    ○ 조치의견: 관련자에게 “주의” 처분
  나. 학교 생활기록부 기재 소홀
    □ 2023학년도 ◇학년 ◇반 담임교사는 학교생활기록부‘행동 특성 및 종합 의
- 3 -
견’항목에서 동일한 내용을 서로 다른 학생에게 반복하여 중복으로 기재함
    □ 2024학년도 ◇학년 ◇반 담임교사는 학교생활기록부‘행동특성 및 종합의견’
항목에서 동일한 내용을 여러 명의 학생에게 중복으로 기재함
     ○ 조치의견: 관련자에게 “주의” 처분 
  다. 교수학습 및 평가계획 미준수
    □ 2025학년도 3학년 1학기 체육과 교과 담당교사는 2025학년도 3학년 1학기 체
육과 수행평가 기준안에 대하여 계획을 수립하였으나, 3학년 수행평가 교과목
별 평가계획에 없는 점수를 부여하고, 계획에 있어도 평가 점수를 부여하지 않
거나 매우 적게 부여함
     ○ 조치의견: 관련자에게 “주의” 처분 
  
  [ 계약․시설․물품[ 계약․시설․물품 분야  분야 ]]
  가. 물품 관리 소홀 
    □ 2026. 2. 26.에 태블릿컴퓨터(삼성전자, VN/SM-P610NZAAKOO, OctaCore 2.3GHz,1.7GHz) 
2대를 대여하였으며, 감사 수감 중 태블릿 1대의 분실 사실을 인지하였고 감사 
마감일까지 해당 물품을 찾지 못하고 있어 반납 조치가 불가능하였음
      ○ 조치의견: 관련자에게 “주의” 처분 
 나. 계약 업무 소홀
   □ 2022~2024학년도‘학교외벽 학교명 설치’외 2건의 공사에 대해 정기하자 검사
를 실시하지 않고 이를 하자보수관리부에 기록하지 않았으며,‘식생활관 식당 
페인트 외 4건 공사’는 하자담보책임의 존속기간을 계약시 설정하지 않음 
   □ 2024학년도 식생활관 식당 페인트 외 4건 공사[계약금액 7,960천원]’에서 원가
계산서에 기타경비를 반영하였음에도 수도광열비(12,030원) 징수 없이 대금을 
지급함
   □ 2023학년도 2,3학년 테마식 현장체험학습 위탁용역 추진을 위해 2022년 11월 중 
- 4 -
사업계획을 수립하면서 기초금액(설계금액)을 금203,200,410원으로 산정하였으므
로 기초금액(설계금액) 2억 원 이상인 용역 계약에 대하여 마땅히 일상 감사를 
의뢰하여야 함에도, 이행하지 않은 채 용역 계약을 진행함
   □ 2023학년도 학교 주관 학생 교복 구입 계약 및 2023학년도 2,3학년 테마식 현장
체험학습 위탁 용역 계약을 체결하면서 개인정보처리 위탁 계약서 및 보안서약
서를 징구하지 않았고, 개인정보 교육을 실시하지 않았으며, 사업 종료 후 파기
확인서를 징구하지 않아 학생 및 교직원 총 886명의 개인정보 안전성 확보 조
치를 이행하지 아니함 
     ○ 조치의견: 관련자에게 “주의” 처분 
  [ 예산․회계․학운위 분야][ 예산․회계․학운위 분야]
  가. 징수․지출 및 물품관리 학교장 결재 소홀 
    □ 학교장이 출장 및 연가 등으로 직무를 수행할 수 없는 경우에 정당한 직무대
리 절차를 거치지 않았음에도 불구하고,‘2023학년도 5월분 급식비 감액 및 과
오납반환결정’외 35건(총 169,684,020원)의 징수·조정결의 및 ‘2025년 전북
에듀페이 입학지원금 추가 지급’1건(총 200,000원)의 지출원인행위, 그리고
‘물품취득 및 출납승인 요청(진공청소기)’외 3건(총 3,305,880원)의 물품 취득 
및 처분에 대하여 교감으로부터 결재를 받아 처리함
   ○ 조치의견: 관련자에게 “주의” 처분
  나. 학교발전기금 및 발전기금 운영 소홀
    □ 2023회계년도 학교발전기금이 당초 운용계획과 다르게 운용되었음에도 
변경운용계획서를 수립·심의하지 아니하였으며, 2023회계년도 학교
발전기금 결산서 및 2024회계년도 학교발전기금 접수내역을 학교 
홈페이지에 공개하지 아니함
    □ 2022~2023학년도 학교운영위원회를 운영하면서 회의록이 생산되었을 때 
지체 없이‘K에듀파인-업무관리’에 회의록 문서를 등록하여 문서번호
- 5 -
를 부여하여야 함에도 불구하고, 2023. 6. 30.에 제38회(2022. 10. 14. 개
최) ~ 제41회(2023. 4. 12. 개최) 학교운영위원회 회의록 문서를 지연하
여 일괄 등록함
    □ 2022~2023학년도 제38회~제42회 학교운영위원회를 운영하면서, 제39회 및 
제41회 학교운영위원회는 소집 공고 및 회의 안건을 첨부하여 위원들에게 
개별 통지하지 않은 채 회의를 개최하였고, 제38회~제40회 및 제42회 
학교운영위원회는 전주▣▣초등학교운영위원회가 아닌 전주▣▣초등학교
에서 K-에듀파인 업무관리시스템으로 학교장을 최종 결재자로 하여 학교
운영위원회 개최(소집) 기안 및 결재를 맡은 후, 학교운영위원회 개최 
공문에 학교운영위원회위원장의 수기 서명을 받는 방식으로 운영하는 등, 
학교운영위원회 소집 절차를 준수하지 않음
    ○ 조치의견: 관련자에게 “주의” 처분
  다. 학교회계 간주 처리 예산편성 소홀
    □ 2023학년도 3차 추경에 반영할 수 있었던 목적사업비(200천원)를 2023학
년도 4차 간주 처리 추경으로 편성한 후, 회계연도를 초과해 2024년 3월 
22일에 예산을 확정하여 회계연도 독립 원칙을 위반하였고, 2024학년도
에도 1차 추경에 편성 가능했던 목적사업비(82천원)를 4차 간주처리 추경
에 편성하였으며, 간주처리 추경으로 증액 편성만 가능함에도 목적사업
비 집행 잔액 반납분 감액 등을 위해 2024학년도 5,252천원, 2025학년도 
3,952천원, 총 9,204천원을 간주 처리 예산으로 편성함
   ○ 조치의견: 관련자에게 “주의” 처분
  라. 수익자부담경비 정산 및 공개 업무 소홀
    □ 2022학년도 재무감사 당시‘수익자 부담경비(졸업앨범비, 교복구입비, 우
유급식비 등) 정산 결과 공개 소홀’로 시정 조치를 받은 바 있음에도 
불구하고, 2022학년도 졸업앨범비 외 6건의 수익자부담경비에 대하여 사
업 종료 후 10일 이내에 정산하지 아니하고, 소요예산, 항목별 비용, 수
- 6 -
행업체 및 선정방식 등 세부사항을 포함한 수입 및 지출 내역을 학교 누
리집 게시 및 가정통신문 발송 등을 통하여 학부모에게 공개하지 않거나, 
다음 학년도에 지연하여 공개함
   ○ 조치의견: 관련자에게 “기관 주의” 처분
    □ 2023학년도‘1학기 환경도우미 활동 지원 문화상품권 구입’외 30건(총 
749매, 총 6,061,500원)에 대하여 상품권 구매 대장을 작성하지 아니하였
으며, 상품권 구매 및 사용 내역을 전북특별자치도교육청 누리집에 공개
하지 않거나 지연하여 공개함
   ○ 조치의견: 관련자에게 “주의” 처분
   
  [ 인건비 분야 ][ 인건비 분야 ]
  가. 급여 지급 업무 소홀
    □ 휴직자 등 사유 발생 시 급여 일할계산 미실시
     - 배우자 동반 휴직자 급여 일할계산을 실시하지 않아 금1,386,350원 과다 
지급함
     - 월중에 휴직 한 교사의 급여와 수당을 지급하면서 일할계산이 이루어지
지 않아 급여 총 408,020원을 과다 지급함
     - 월중에 징계처분(감봉 3월, 처분일: 2026. 2. 19.)을 받은 **에게 급여를 
일할계산 후 감액하지 아니하여 급여 총 857,280원을 과다 지급함
    □ 육아휴직 후 복직합산금 지급 소홀
     - 육아휴직 후 복직하여 6개월 이상 계속하여 근무한 교사(휴직기간 2021. 
4. 25. ~2023. 2. 28., 복직일 2023. 3. 1.)에게 육아휴직수당 복직합산금 
2,464,840원을 지급하지 않음
     - 육아휴직 후 복직하여 6개월 이상 계속하여 근무한 교사(휴직기간 2024. 
3. 1. ~2024. 8. 31., 복직일 2024. 9. 1.)에게 2025년 3월에 육아휴직수당 
복직합산금을 지급하면서 금75,000원을 과소 지급함
- 7 -
    □ 휴직에 따른 급여 지급 기준 미준수 
     - 불임 난임 휴직 또는 질병휴직, 학습연구년 특별연수 파견(4호파견)중인 
교원연구비 부지급 대상인 교사 3명에게 교원연구비 총1,170,000원을 과
다 지급함
     - 불임 난임 목적으로 교사의 휴직 기간이 누계 1년을 초과하였기에 봉급
의 50%를 지급하여야 하나, 1년 이내 정당 지급 기준인 봉급의 70%를 
지급하여 합계 2,584,520원을 과다 지급함  
     - 육아휴직과 출산휴가를 사용하여 2025년 8월 근무 일수가 없는 교사(육아
휴직(첫째): 2025. 3. 12. ~ 8. 10., 출산휴가: 2025. 8. 11. ~ 11. 8.)에게  
2025년 9월 급여를 지급하면서 시간외근무수당(정액분) 49,450원을 과다 
지급함
     ○ 조치의견: 관련자에게“주의 및 시정” 처분
  
  [ 인사·복무 분야 ][ 인사·복무 분야 ]
  가. 유연근무자 복무 관리시스템 출퇴근 등록 등 복무 관리 소홀
    □ 2024년 6월 3일부터 7월 18일, 2024년 8월 16일부터 2025년 1월 7일까지 
식재료 검수를 사유로 하여 근무시간을 오전 8시부터 오후 4시로 변경하
였음에도 불구하고 출퇴근 등록을 성실히 하지 않는 등 복무 관리를 소
홀히 함
 ○ 조치의견: 관련자에게“주의” 처분
  나. 휴가(연가 및 병가) 사용 소홀
    □ 2025년도에 사실상 직무에 종사하지 아니한 기간이 있는 교사 2명이 부
여된 연가를 초과하여 사용하였고, 그 결과 급여 총 1,219,460원을 과다 
지급함
    □ 2022년도에 교사 1명이 연간 60일을 초과하는 병가(61일 2시간 30분)를 
사용하여 총 105,130원의 급여를 과다 지급함
 ○ 조치의견: 관련자에게“주의 및 시정” 처분"
2026년 7월 종합감사 결과(공개용)-전주교육지원청.pdf,PDF,"ㅣㅣ
2026년 7월 종합감사 결과 보고서
- 전주**중 외 3개교 -
ㅣ
 2026. 8.

• • 목 차 • •
Ⅰ. 감사개요 · · · · · · · · · · · · · · · · · · · · · · · · · · · · · · · · · · · · · · · · · · · · · · · · · · · · · · · · · · · · · · · · · · · · · · · · · · · · · · · · · · 1
1. 감사배경 · · · · · · · · · · · · · · · · · · · · · · · · · · · · · · · · · · · · · · · · · · · · · · · · · · · · · · · · · · · · · · · · · · · · · · · · · · · · · · · · · · · · · · · · · · · · · · · 1
2. 감사현황 · · · · · · · · · · · · · · · · · · · · · · · · · · · · · · · · · · · · · · · · · · · · · · · · · · · · · · · · · · · · · · · · · · · · · · · · · · · · · · · · · · · · · · · · · · · · · · · 1
3. 중점사항 · · · · · · · · · · · · · · · · · · · · · · · · · · · · · · · · · · · · · · · · · · · · · · · · · · · · · · · · · · · · · · · · · · · · · · · · · · · · · · · · · · · · · · · · · · · · · · · 1
Ⅰ. 일반현황 · · · · · · · · · · · · · · · · · · · · · · · · · · · · · · · · · · · · · · · · · · · · · · · · · · · · · · · · · · · · · · · · · · · · · · · · · · · · · · · · · · 3
1. 대상 학교 현황 · · · · · · · · · · · · · · · · · · · · · · · · · · · · · · · · · · · · · · · · · · · · · · · · · · · · · · · · · · · · · · · · · · · · · · · · · · · · · · · · · · · 3
2. 감사 지적 현황 · · · · · · · · · · · · · · · · · · · · · · · · · · · · · · · · · · · · · · · · · · · · · · · · · · · · · · · · · · · · · · · · · · · · · · · · · · · · · · · · · · · 3
Ⅲ. 감사결과 · · · · · · · · · · · · · · · · · · · · · · · · · · · · · · · · · · · · · · · · · · · · · · · · · · · · · · · · · · · · · · · · · · · · · · · · · · · · · · · · · · 4
1. 총평 · · · · · · · · · · · · · · · · · · · · · · · · · · · · · · · · · · · · · · · · · · · · · · · · · · · · · · · · · · · · · · · · · · · · · · · · · · · · · · · · · · · · · · · · · · · · · · · · · · · · · · · 4
2. 분야별 지적사항(요약) · · · · · · · · · · · · · · · · · · · · · · · · · · · · · · · · · · · · · · · · · · · · · · · · · · · · · · · · · · · · · · · · · · · · · · 4
Ⅳ. 감사결과 지적사항 및 처분(안) · · · · · · · · · · · · · · · · · · · · · · · · · · · · · · · · · · · · · · · · · 6
1. 분야별 지적 건수 · · · · · · · · · · · · · · · · · · · · · · · · · · · · · · · · · · · · · · · · · · · · · · · · · · · · · · · · · · · · · · · · · · · · · · · · · · · · · · · 6
2. 세부 지적내용 및 처분(안) · · · · · · · · · · · · · · · · · · · · · · · · · · · · · · · · · · · · · · · · · · · · · · · · · · · · · · · · · · · · · · 6
Ⅴ. 조치 계획(안) · · · · · · · · · · · · · · · · · · · · · · · · · · · · · · · · · · · · · · · · · · · · · · · · · · · · · · · · · · · · · · · · · · · · · · · · · 9
- 1 -
2026년 7월 종합감사 결과 보고서(안)
- 전주**중 외 3개교 지적사항 처분안·재심의안 -
Ⅰ  감사개요
 감사배경
  ❍ 「전라북도 교육․학예에 관한 자체감사 규칙」 제4조 및 「2026년도 자체
감사 운영계획」에 따라 순기 도래에 의한 종합감사 실시
  ❍ 예산 운용 실태 및 회계 처리의 적정성을 감사하여 예산 편성․집행의 
투명성 및 공정성 확보
 감사현황
  
순 학 교 명 감사기간
(감사범위) 감 사 반
1 전 주* *중 2026. 7. 7.(화) ~ 7. 9.(목), 【3일간】 
(2022. 11. 15. ~ 감사당일 현재까지 학교운영 전반) 최** 등 4명
2 전 주* *초 2026. 7. 9.(목) ~ 7. 10.(금), 【2일간】 
(2023. 4. 5. ~ 학교자율형감사 1차 점검일까지 학교운영 전반) 김** 등 5명
3 전 주* *초 2026. 7. 13.(월) ~ 7. 15.(수), 【3일간】
(2022. 11. 29. ~ 감사당일 현재까지 학교운영 전반) 최** 등 5명
4 전 주* * *유 2026. 7. 13.(월) ~ 7. 15.(수), 【3일간】
(2022. 11. 22. ~ 감사당일 현재까지 학교운영 전반) 김** 등 4명
 중점사항
구   분 감 사 중 점 사 항 비고
금 고 검 사 ◦ 학교명의 계좌의 임의 입출금 여부
- 2 -
구   분 감 사 중 점 사 항 비고
복 무 관 리
◦ 복무 관리의 적정성
◦ 공무원의 겸직 허가 관리의 적정성
◦ 국외여행 허가 및 공무 외 국외여행 관리 
◦ 출장, 근무상황 처리의 적정성
학 사 ◦ 학칙 규칙 및 학교생활규정 제·개정 적정 여부
◦ 학적 관리
교육과정평가 ◦ 교육계획 수립 운영 현황
◦ 학업성적관리위원회 운영 현황
학생생활교육
◦ 학교폭력 사안처리 적정 여부
◦ 학교안전교육
◦ 현장체험학습 운영
과 학 · 체 육
학 교 보 건
독서 ·특수교육
◦ 과학교육
◦ 학생건강체력평가(PAPS)현황
◦ 운동부 관련
◦ 건강검사 관련
◦ 독서교육
예 · 결 산 ◦ 예산 편성 및 결산의 적정성 여부
◦ 성립전 사용, 이월 등
세   입 ◦ 연도별 금고검사
◦ 세입금 징수·수납, 불납결손 등
세   출 ◦ 계약 업무의 적정 처리 여부
◦ 지출원인행위 및 세출의 적정성
보   수 ◦ 시간외근무수당, 가족수당, 연가보상비 등
시 설 관 리 ◦ 시설사업의 적정 추진 및 관리
공 유 재 산  및 
물 품,  기 타
◦ 공유재산 임대 및 관리 현황
◦ 물품의 적정 관리 및 사용
◦ 학교운영위원회 운영
◦ 세입세출외현금관리, 학교발전기금, 보조금 등
- 3 -
Ⅱ  일반현황
 대상 학교 현황
급 대상학교명 학급현황 교직원 현황
학급수 학생수 교원 일반직 기타 계
중 전 주 * * 중 28 704 53 6 11 70
초 전 주 * * 초 13(1) 203(7) 19 4 13 36
초 전 주 * * 초 8(1) 62(4) 14 2 7 23
유 전 주* * *유 12 143 29 5 9 43
(단위: 학급, 명)
   ※()는병설유치원의학급수및학생수,본수에미포함
 감사 지적 현황
  
분     야 지  적  사  항
학사·평가(2건): ① 학교체육소위원회 구성 및 운영 소홀 1건
② 출결․학적 및 생활기록부 작성 관리에 관한 사항 1건
인사·복무(3건) ① 업무 인계․인수서 작성 관련 2건
② 교육공무직원 채용 업무 부적정 1건
계약‧시설‧물품(2건) ① 계약 시 개인정보 안정성 확보에 관한 건 1건
② 물품선정위원회 운영에 관한 사항 1건
예산‧회계‧학운위(6건)
① 법인카드 결제 계좌 관리 및 카드대금 지출 처리에 관한 사항 1건
② 학교회계 원인행위 소급 등록에 관한 사항 1건
③ 강사비 부당 수령 1건
④ 교과 보충 프로그램 운영 1건
⑤ 특근매식비 집행에 관한 사항 1건
인건비(2건) ① 급여 지급에 관한 사항 2건
  
  
구분 학사
평가
인사
복무
계약
시설
물품
예산
회계
학운위
인건비 합계
유 1 0 1 1 1 4
초 1 3 0 3 0 7
중 0 0 1 2 1 4
합계 2 3 2 6 2 15
  
- 4 -
Ⅲ  감사결과
1. 총평
 □ 2026년 7월 종합감사 결과, 업무를 대체로 적정하게 처리하고 있었음
     그러나, 업무의 일부분은 그 처리 과정에서 주의를 소홀히 함으로써 학교체육소위원회, 
출결·학적 및 생활기록부 작성 관리, 계약과 회계·급여 지급 업무 등을 소홀하게 처리한 
사항을 지적함
 □ 주요 지적사항은 다음과 같음
2. 분야별 주요 지적사항
  가. 학사·평가 분야
    □ 학교체육소위원회 구성 및 운영 소홀
      ❍ 2022~2023학년도 학교체육소위원회를 구성하지 않았고, 학교스포츠클럽 운영 시
학교체육소위원회 심의를 실시하지 않음
    □ 출결·학적 및 생활기록부 작성 관리에 관한 사항
      ❍ 2022~2023학년도 출석부와 생활기록부의 출결 상황 미일치, 전학생 출결 상황 
미기입 등 출결·학적 및 생활기록부 작성 관리를 부적정하게 운영함
  나. 인사·복무 분야
    □ 업무 인계·인수서 작성 관련
      ❍ 2023~2025년 인사발령 시 7급 이하 행정실 직원 또는 학교장 업무 인계·인수 시 
업무관리시스템에 등록하지 않음
      ❍ 2023학년도 학교장 업무 인계·인수 시 업무관리시스템에 등록하지 않음
    □ 교육공무직원 채용 업무 부적정
      ❍ 교육공무직원(경비원)을 채용하면서 수습기간 심사 평가를 하지 않음
  다. 계약·시설·물품 분야 
    □ 계약 시 개인정보 안정성 확보에 관한 건
      ❍ 「학교 주관 학생 교복 구입 계약」과 「유치원 졸업앨범」  등 학생 개인정보를 
제공하는 계약을 체결하면서 개인정보처리 위탁 계약과보안 서약, 개인정보 
교육 실시하지 않고 사업 종료 후 파기 확인도 하지 않음
- 5 -
    □ 물품선정위원회 운영에 관한 사항
      ❍ 2025~2026학년도 제품 단가 5백만원 이상의 물품을 선정하면서 물품선정위원회를 
운영하지 않거나 제품평가표가 아닌 업체의 제안서를 내용으로 한 평가표를 작성함
  라. 예산·회계·학운위 분야
    □ 법인카드 결제 계좌 관리 및 카드대금 지출 처리에 관한 사항
      ❍ 법인카드 사용으로 발생한 포인트에 대하여 2022년 3월과 2024년 11월에 세입
조치하였고, 일부 카드대금에 대하여 카드대금고지서와 K-에듀파인 지출결의 금
액이 미일치 시 이용금액 차액을 개인(4회) 또는 업체(1회)가 카드 결제 계좌로 
직접 입금하여 카드이용대금을 정리하였으며, 2024학년도에 카드이용대금 입금 
지연으로 인한 연체료가 2회 발생함
    □ 학교회계 원인행위 소급 등록에 관한 사항
      ❍ 지출원인행위를 채무부담행위 발생 후 최소 8일에서 최대 36일이 지난 뒤에 에듀
파인 학교회계시스템에 원인행위를 소급해서 지연 처리함
    □ 강사비 부당 수령
      ❍ 2023~2024학년도 교과 보충 프로그램 운영 수업 시간과 출장 시간이 중복된 
강사비 총 90,000원이 부당 지급됨
    □ 교과 보충 프로그램 운영
      ❍ 2024학년도 교과 보충 프로그램 운영 수업 시간과 교육공무원법 제41조 연수 복무가 
중복 강사비 총 120,000원이 부당 지급됨
    □ 특근매식비 집행에 관한 사항
      ❍ 2024학년도 특근매식비 기준단가와 시간외근무 인원으로 환산한 금액을 초과하여 
집행함
  마. 인건비 분야
    □ 급여 지급에 관한 사항
      ❍ 육아휴직자 급여 지급 시 휴직한 달의 월 급여 일할 계산 시 일수 산정이 미흡
하였고, 전월 육아휴직수당 미지급분을 익월에 소급 지급하면서 착오 산출로 
과다 지급하였으며, 노조전임휴직 복직과 동시에 육아휴직을 한 교사에게 해당월 
육아휴직수당을 미지급함
- 6 -
Ⅳ  감사결과 지적사항 및 처분(안)
1. 분야별 지적 건수(총 지적 15건)
학교명 학사·평가인사·복무 계약·시설·물품예산·회계·학운위 인건비 계
전 주* *중 1 2 1 4
전 주* *초 2 2 4
전 주* *초 1 1 1 3
전 주* * *유 1 1 1 1 4
계 2 3 2 6 2 15
2. 세부 지적내용 및 처분(안)
  가. 전주**중학교 (4건)
지적건명 지적내용 처분(안)
【계약·시설·물품】
1. 계약 시 안정성 
확보에 관한 사항
❍ 「2023학년도 학교 주관 학생 교복 구입 계약」 외 4건의 계약을 
체결하면서 개인정보처리 위탁 계약서를 징구하지 않았고, 
개인정보 교육을 실시하지 않았으며, 사업 종료 후 파기확인서를 
징구하지 않아 학생 및 교직원의 개인정보 안전성 확보 조치를 
이행하지 아니함
❍ 통보
【예산·회계·학운위】
2. 법인카드 결제 계좌 
관리 및 카드대금 
지출 처리에 관한 
사항
❍ 법인카드 사용으로 발생한 포인트에 대하여 2022. 3. 2.에 
46,150원을 세입 조치하고, 이후 연 1회 이상 세입 조치하지 않
고 있다가 2024. 11. 21.에야 학교회계 계좌로 133,470원을 세입 
조치하였고, 일부 카드대금에 대하여 카드대금고지서와 K-에듀파
인 지출결의 금액이 일치하지 않았음에도 그 발생 원인과 책임관
계를 명확히 확인하지 않은 채, 정당한 품의, 지출원인행위 및 
지출결의 절차 없이 개인 자금을 카드대금결제 계좌에 5회에 
걸쳐 총 64,380원 입금하거나, 업체로 하여금 8,900원을 카드
대금결제 계좌에 직접 입금하도록 한 후 해당 금액이 카드대금
❍ 주의(1명)
 
- 7 -
  
  나. 전주**초등학교 (4건)
지적건명 지적내용 처분(안)
【인사·복무】
1. 업무 인계·인수서 
작성 관련
❍ 2023~2025년 인사발령 시 행정실 직원은 담당업무에 관한 진행
상황, 관계문서, 회계장부, 기타 자료 등 관련된 사항에 대하여 
업무관리시스템에 등록하지 않음(업무 인계·인수는 모든 공무원에 
해당되며, 조직개편, 인사발령 또는 업무분장 조정 등의 사유로 
업무를 인계·인수할 때에는 해당 업무에 관한 모든 사항이 구
체적으로 나타나도록 업무관리시스템이나 전자문서시스템을 이
용하여 인계·인수하여야 함)
❍ 통보
 
2. 교육공무직 채용 
업무 부적정
❍ 2023. 9. 6.자 교육공무직원(경비원)을 채용하면서 수습기간 만료일 
15일 전까지 심사 평가를 미실시함
❍ 통보
지적건명 지적내용 처분(안)
으로 자동 출금되도록 하였고, 카드대금 청구서 등에 따라 카드
대금 지급을 결정하고, 카드대금 결제일 전까지 정당한 지출결의 
절차를 거쳐 카드청구대금을 카드대금결제 계좌에 입금하여야 
함에도, 카드이용대금 결제계좌로 카드대금을 제 때 입금하지 
않아 2024회계연도 109원, 2025회계연도 3원, 총 112원의 연체료가 
발생함
3. 학교회계 원인행위 
소급 등록에 관한 
사항
❍ 2023년 1월부터 2025년 5월까지 98건(138,344,550원)의 지출원인
행위를 채무부담행위 발생 후 최소 8일에서 최대 36일이 지난 
뒤에 에듀파인 학교회계시스템에 원인행위를 소급해서 지연 처리
하여 관련 규정을 위반함
❍ 주의(1명)
【인건비】
4. 급여 지급에 관한 
사항
❍ 2023. 7. 19. 육아휴직을 한 교사에게 2023년 7월 급여를 지급
하면서, 19일분의 수당을 지급하여, 111,810원을 과다 지급[정당
지급: 18일(휴직일 전일까지)]하였고, 휴직자 2명의 2025년 1월분 
육아휴직수당을 2025년 2월에 소급 지급하면서, 육아휴직수당을 
착오 산출하여 합계 435,480원을 과다 지급함
❍ 주의(1명) 및 
시정
 
- 8 -
  다. 전주**초등학교 (3건)
 
  라. 전주***유치원 (4건) 
지적건명 지적내용 처분(안)
【학사·평가】
1. 출결·학적 및 
생활기록부 작성 
관리에 관한 사항
❍ 2022학년도 6개반과 2023학년도 1개반에서 출석부와 생활기록부의 
출결 상황 미일치 4건, 전학생 출결 상황 미기입 1건, 건강검진 
기입 오류 사항 1건, 질병 결석 증빙자료 부재 10건, 출석 인정 
결석 부적정 처리 1건 등 출결·학적 및 생활기록부 작성 관리를 
부적정하게 운영
❍ 주의
 
지적건명 지적내용 처분(안)
【예산·회계·학운위】
2. 강사비 부당 수령 ❍ 2023~2024학년도 교과 보충 프로그램을 운영하면서 수업 시간과 
출장 시간이 겹쳐 실제 수업을 할 수 없었음에도 지도일지를 기
재하여 강사비 총 90,000원을 부당 지급함
❍ 통보 및 
시정
지적건명 지적내용 처분(안)
【학사·평가】
1. 학교체육소위원회 
구성 및 운영 소홀
❍ 2022~2023학년도에 학교체육소위원회를 구성하지 않았고, 동일 
학년도 학교스포츠클럽을 운영하면서 학교체육소위원회의 심의를 
거치지 않음
❍ 통보 
【인사·복무】
2. 학교행정 및 
학교회계 운영에 
관한 사항
❍ 2023학년도 학교장 업무 인계·인수 시 발령일 이후 업무관리
시스템에 인수인계서를 미등록함
❍ 2022학년도 유치원 졸업앨범 외 4건의 계약을 체결하면서 개인
정보처리 위탁 계약서·보안서약서를 징구하지 않았고, 개인정보 
교육을 실시하지 않았으며, 사업 종료 후 파기 확인서를 징구하지 
않음
❍ 통보
 
【예산·회계·학운위】
3. 교과 보충 
프로그램 운영
❍ 2024학년도 교과 보충 프로그램을 운영하면서 수업 시간과 교육
공무원법 제41조에 따른 연수 복무가 겹쳐 실제 수업을 할 수 
없었음에도 지도일지를 기재하여 강사비 총 120,000원을 부당 
지급함
❍ 주의 및 
시정
- 9 -
 
Ⅴ  조치 계획(안)
 총괄
  
기 관 명
신분상(건/명) 행정상(건) 재정상조치(원)
징계경고주의 계 기관
주의시정통보개선 계 추급 환급 계
전 주* *중
0 0 3 3 0 0 1 0 1 0 547,290 547,290(0명) (0명) (3명) (3명)
전 주* *초
0 0 0 0 0 1 3 0 4 0 90,000 90,000(0명) (0명) (0명) (0명)
전 주* *초
0 0 1 1 0 0 2 0 2 0 120,000 120,000(0명) (0명) (1명) (1명)
전주*** 유
0 0 2 2 0 1 1 0 2 △1,612,900 141,580 △1,471,320(0명) (0명) (10명) (10명)
합  계
0 0 6 6 0 2 7 0 9 △1,612,900 898,870 △714,030(14명)(14명)(0명)(0명)
  
 ※()안은신분상조치대상자인원수총합계임
지적건명 지적내용 처분(안)
【계약·시설·물품】
2. 물품선정위원회 
운영에 관한 사항
❍ 2025학년도 생태 놀이영역 구성 물품(숲 속 장애물 놀이대 1개, 
11,000천원)을 구매하면서 1회 구매 총액이 추정가격 1천만원 
이상임에도 불구하고 물품선정위원회를 미실시하였고, 2026학년도 
놀이공간 조성 공사 물품(자석종합놀이대 외 1종, 계약 구매 총액 
18,000천원)을 선정하면서 업체제안서를 내용으로 한 평가표를 
작성하고, 제품 구매 단가가 5백만원 이상임에도 불구하고, 제품
평가표를 작성하지 아니함
❍ 통보
 
【예산·회계·학운위】
3. 특근매식비 집행에 
관한 사항
❍ 2024학년도 특근매식비 1인 1식 기준단가와 초과근무명령서와 
초과근무확인대장을 대조하여 시간외근무를 수행한 사실이 
확인된 인원으로 환산한 금액을 초과한 특근매식비를 집행하여 
총 17,100원을 과다 집행함
❍ 주의 및 
시정
【인건비】
4. 급여 지급에 관한 
사항
❍ 2024. 9. 29.자 육아휴직을 한 교사에게 2024년 9월 급여 지급 시 
급여를 일할 계산하지 않아 124,480원을 과다 지급하고, 2025. 7. 7.자 
노조전임휴직 복직과 동시에 육아휴직을 한 교사에게 2025년 7월 
육아휴직수당 1,612,900원을 지급하지 아니함
❍ 주의 및 
시정"
감사결과 보고서(마암초).pdf,PDF,"1  마암초등학교 종합감사결과 및 처분내용
 감사개요
❍ 감사기간: 2025. 11. 25. ~ 11. 27.(3일간)
❍ 감사인원: 총 4명
 감사결과 지적사항
1. 분야별 지적건수(총 5건)
학교명 유형별 학사․평가 인건비·복무예산·회계·기타 계약․시설 계
마암초
지적사항 0 1 2 0 3
현지시정 0 0 2 0 2
합계 0 1 4 0 5
2. 지적사항 총괄 
학교명
신분상(명) 행정상(건)
재정상
조치징계 경고 주의 계 기관
주의 통보 시정 개선 계
마암초 · · 4
(3건)
4
(3건) · · · · 0 1
 ※ ( )안은 신분상 조치 대상자에 대한 지적 건수 총 합계임.
3. 세부 지적내용 및 처분
4. 현지 조치사항
지적건명 지적내용 처분
【복무】
1. 복무 사용 
부적정
❍ 연간 6일 초과 병가 사용(1일 3시간)에 대하여 진
단서 미첨부, 공가 사유가 아닌 원로교사 임용 심
의자료인 공무원채용신체검사서 제출을 위한 신체
검사 검진을 공가로 사용 
【국 가 공 무 원  복 무 규 정  제18조  및  국 가 공 무 원  복 무·징 계   관 련 
예 규】
❍ 주의(2명) 
【회계】
2. 여비 지급 
부적정
❍ 4시 간  미 만  근 무 지  내  출 장 여 비 는  1만 원 을  지 급 해 야  하 나 
2만 원 을  지 급 하 는  등  2023년  총  11건, 110,000원  과 다  지 급
【공무원 여비 규정 제18조 및 공무원 여비업무 처리 
기준】
❍ 주의(1명) 
【예산】
3. 학교회계 
예산편성 및 
공개 부적정
❍ 2022~2023학년도 일반업무추진비 한도액을 초과
하여 편성하고, 2022학년도 제4회 추가경정예산 
외 10건에 대해 최소 33일에서 최대 853일까지 
지연하여 학교 누리집에 공개
【학교회계 예산편성 및 운영지침, 
전북특별자치도공학교회계규칙】
❍ 주의(1명) 
지적건명 지적내용 처분
【기타】
1. 학교발전기금 및 
학 교 운 영 위 원 회 
업 무  소 홀
❍ 2022~2024학년도 학교발전기금을 운영하면서 
발전기금 접수·집행 내역, 결산서 등 미공개
【전북특별자치도 도립학교 운영위원회 
설치·운영에 관한 조례】
❍ 시정
   
지적건명 지적내용 처분
【회계】 
2. 세출 예산 
집행 과목 
준수 소홀
❍ 2022학년도 15건에 대하여 원가통계비목에 맞지 않게 
집행
【학교회계 예산 편성 및 운영지침】
❍ 시정"
2025.6월감사결과공개(순창중앙초).hwp,HWP,
